{"timestamp":"2026-06-29T00:46:08.963120Z","level":"info","event":"Filling up the DagBag from /tmp/airflow/dag_bundles/my-git-repo/tracking_repo/airflow-dags/cheapshark/DAG_cheapshark.py","logger":"airflow.models.dagbag.DagBag","filename":"dagbag.py","lineno":593}
{"timestamp":"2026-06-29T00:46:09.531884Z","level":"info","event":"::group::Cosmos DAG parsing logs","logger":"cosmos.converter","filename":"converter.py","lineno":293}
{"timestamp":"2026-06-29T00:46:09.532385Z","level":"info","event":"Trying to parse the dbt project using dbt ls cache cosmos_cache__get_cheapshark_deals__dbt_transform...","logger":"cosmos.dbt.graph","filename":"graph.py","lineno":781}
{"timestamp":"2026-06-29T00:46:09.544745Z","level":"info","event":"Cosmos performance: time to calculate cache identifier cosmos_cache__get_cheapshark_deals__dbt_transform for current version: 0.0006718340009683743","logger":"cosmos.cache","filename":"cache.py","lineno":333}
{"timestamp":"2026-06-29T00:46:09.544811Z","level":"info","event":"Cosmos performance [d2f09bca74c9|2098]: The cache size for cosmos_cache__get_cheapshark_deals__dbt_transform is 1726","logger":"cosmos.dbt.graph","filename":"graph.py","lineno":798}
{"timestamp":"2026-06-29T00:46:09.544941Z","level":"info","event":"Cosmos performance: Cache hit for cosmos_cache__get_cheapshark_deals__dbt_transform - 5d5dc19a4d21d68d9e2dd97b4b147311,35c51d063f0c828f4111bbac634f6471","logger":"cosmos.dbt.graph","filename":"graph.py","lineno":806}
{"timestamp":"2026-06-29T00:46:09.546546Z","level":"info","event":"Total nodes: 2","logger":"cosmos.dbt.graph","filename":"graph.py","lineno":711}
{"timestamp":"2026-06-29T00:46:09.546608Z","level":"info","event":"Total filtered nodes: 2","logger":"cosmos.dbt.graph","filename":"graph.py","lineno":712}
{"timestamp":"2026-06-29T00:46:09.546653Z","level":"info","event":"Cosmos performance (get_cheapshark_deals__dbt_transform) -  [d2f09bca74c9|2098]: It took 0.0143s to parse the dbt project for DAG using LoadMode.DBT_LS_CACHE","logger":"cosmos.converter","filename":"converter.py","lineno":340}
{"timestamp":"2026-06-29T00:46:09.546890Z","level":"info","event":"Project /tmp/airflow/dag_bundles/my-git-repo/tracking_repo/dbt_project does not have {'dependencies.yml', 'packages.yml'}","logger":"cosmos.dbt.project","filename":"project.py","lineno":40}
{"timestamp":"2026-06-29T00:46:09.547337Z","level":"info","event":"Project /tmp/airflow/dag_bundles/my-git-repo/tracking_repo/dbt_project does not have {'dependencies.yml', 'packages.yml'}","logger":"cosmos.dbt.project","filename":"project.py","lineno":40}
{"timestamp":"2026-06-29T00:46:09.547595Z","level":"info","event":"Cosmos performance (get_cheapshark_deals__dbt_transform) - [d2f09bca74c9|2098]: It took 0.000947s to build the Airflow DAG.","logger":"cosmos.converter","filename":"converter.py","lineno":387}
{"timestamp":"2026-06-29T00:46:09.547632Z","level":"info","event":"::endgroup::Cosmos DAG parsing logs","logger":"cosmos.converter","filename":"converter.py","lineno":390}
{"timestamp":"2026-06-29T02:21:50.715666Z","level":"info","event":"Filling up the DagBag from /tmp/airflow/dag_bundles/my-git-repo/tracking_repo/airflow-dags/cheapshark/DAG_cheapshark.py","logger":"airflow.models.dagbag.DagBag","filename":"dagbag.py","lineno":593}
{"timestamp":"2026-06-29T02:21:51.292140Z","level":"info","event":"::group::Cosmos DAG parsing logs","logger":"cosmos.converter","filename":"converter.py","lineno":293}
{"timestamp":"2026-06-29T02:21:51.292586Z","level":"info","event":"Trying to parse the dbt project using dbt ls cache cosmos_cache__get_cheapshark_deals__dbt_transform...","logger":"cosmos.dbt.graph","filename":"graph.py","lineno":781}
{"timestamp":"2026-06-29T02:21:51.303362Z","level":"info","event":"Cosmos performance: time to calculate cache identifier cosmos_cache__get_cheapshark_deals__dbt_transform for current version: 0.0005684169991582166","logger":"cosmos.cache","filename":"cache.py","lineno":333}
{"timestamp":"2026-06-29T02:21:51.303418Z","level":"info","event":"Cosmos performance [d2f09bca74c9|2156]: The cache size for cosmos_cache__get_cheapshark_deals__dbt_transform is 1726","logger":"cosmos.dbt.graph","filename":"graph.py","lineno":798}
{"timestamp":"2026-06-29T02:21:51.303530Z","level":"info","event":"Cosmos performance: Cache hit for cosmos_cache__get_cheapshark_deals__dbt_transform - 5d5dc19a4d21d68d9e2dd97b4b147311,35c51d063f0c828f4111bbac634f6471","logger":"cosmos.dbt.graph","filename":"graph.py","lineno":806}
{"timestamp":"2026-06-29T02:21:51.303783Z","level":"info","event":"Total nodes: 2","logger":"cosmos.dbt.graph","filename":"graph.py","lineno":711}
{"timestamp":"2026-06-29T02:21:51.303821Z","level":"info","event":"Total filtered nodes: 2","logger":"cosmos.dbt.graph","filename":"graph.py","lineno":712}
{"timestamp":"2026-06-29T02:21:51.303859Z","level":"info","event":"Cosmos performance (get_cheapshark_deals__dbt_transform) -  [d2f09bca74c9|2156]: It took 0.0113s to parse the dbt project for DAG using LoadMode.DBT_LS_CACHE","logger":"cosmos.converter","filename":"converter.py","lineno":340}
{"timestamp":"2026-06-29T02:21:51.304094Z","level":"info","event":"Project /tmp/airflow/dag_bundles/my-git-repo/tracking_repo/dbt_project does not have {'dependencies.yml', 'packages.yml'}","logger":"cosmos.dbt.project","filename":"project.py","lineno":40}
{"timestamp":"2026-06-29T02:21:51.304518Z","level":"info","event":"Project /tmp/airflow/dag_bundles/my-git-repo/tracking_repo/dbt_project does not have {'dependencies.yml', 'packages.yml'}","logger":"cosmos.dbt.project","filename":"project.py","lineno":40}
{"timestamp":"2026-06-29T02:21:51.304785Z","level":"info","event":"Cosmos performance (get_cheapshark_deals__dbt_transform) - [d2f09bca74c9|2156]: It took 0.000918s to build the Airflow DAG.","logger":"cosmos.converter","filename":"converter.py","lineno":387}
{"timestamp":"2026-06-29T02:21:51.304820Z","level":"info","event":"::endgroup::Cosmos DAG parsing logs","logger":"cosmos.converter","filename":"converter.py","lineno":390}
{"timestamp":"2026-06-29T03:41:49.554291Z","level":"info","event":"Filling up the DagBag from /tmp/airflow/dag_bundles/my-git-repo/tracking_repo/airflow-dags/cheapshark/DAG_cheapshark.py","logger":"airflow.models.dagbag.DagBag","filename":"dagbag.py","lineno":593}
{"timestamp":"2026-06-29T03:41:50.091400Z","level":"info","event":"::group::Cosmos DAG parsing logs","logger":"cosmos.converter","filename":"converter.py","lineno":293}
{"timestamp":"2026-06-29T03:41:50.091810Z","level":"info","event":"Trying to parse the dbt project using dbt ls cache cosmos_cache__get_cheapshark_deals__dbt_transform...","logger":"cosmos.dbt.graph","filename":"graph.py","lineno":781}
{"timestamp":"2026-06-29T03:41:50.102147Z","level":"info","event":"Cosmos performance: time to calculate cache identifier cosmos_cache__get_cheapshark_deals__dbt_transform for current version: 0.0007004580002103467","logger":"cosmos.cache","filename":"cache.py","lineno":333}
{"timestamp":"2026-06-29T03:41:50.102249Z","level":"info","event":"Cosmos performance [d2f09bca74c9|2199]: The cache size for cosmos_cache__get_cheapshark_deals__dbt_transform is 1726","logger":"cosmos.dbt.graph","filename":"graph.py","lineno":798}
{"timestamp":"2026-06-29T03:41:50.102365Z","level":"info","event":"Cosmos performance: Cache hit for cosmos_cache__get_cheapshark_deals__dbt_transform - 5d5dc19a4d21d68d9e2dd97b4b147311,35c51d063f0c828f4111bbac634f6471","logger":"cosmos.dbt.graph","filename":"graph.py","lineno":806}
{"timestamp":"2026-06-29T03:41:50.102657Z","level":"info","event":"Total nodes: 2","logger":"cosmos.dbt.graph","filename":"graph.py","lineno":711}
{"timestamp":"2026-06-29T03:41:50.102688Z","level":"info","event":"Total filtered nodes: 2","logger":"cosmos.dbt.graph","filename":"graph.py","lineno":712}
{"timestamp":"2026-06-29T03:41:50.102742Z","level":"info","event":"Cosmos performance (get_cheapshark_deals__dbt_transform) -  [d2f09bca74c9|2199]: It took 0.011s to parse the dbt project for DAG using LoadMode.DBT_LS_CACHE","logger":"cosmos.converter","filename":"converter.py","lineno":340}
{"timestamp":"2026-06-29T03:41:50.102975Z","level":"info","event":"Project /tmp/airflow/dag_bundles/my-git-repo/tracking_repo/dbt_project does not have {'dependencies.yml', 'packages.yml'}","logger":"cosmos.dbt.project","filename":"project.py","lineno":40}
{"timestamp":"2026-06-29T03:41:50.103396Z","level":"info","event":"Project /tmp/airflow/dag_bundles/my-git-repo/tracking_repo/dbt_project does not have {'dependencies.yml', 'packages.yml'}","logger":"cosmos.dbt.project","filename":"project.py","lineno":40}
{"timestamp":"2026-06-29T03:41:50.103664Z","level":"info","event":"Cosmos performance (get_cheapshark_deals__dbt_transform) - [d2f09bca74c9|2199]: It took 0.000933s to build the Airflow DAG.","logger":"cosmos.converter","filename":"converter.py","lineno":387}
{"timestamp":"2026-06-29T03:41:50.103698Z","level":"info","event":"::endgroup::Cosmos DAG parsing logs","logger":"cosmos.converter","filename":"converter.py","lineno":390}
{"timestamp":"2026-06-29T04:29:40.970845Z","level":"info","event":"Filling up the DagBag from /tmp/airflow/dag_bundles/my-git-repo/tracking_repo/airflow-dags/cheapshark/DAG_cheapshark.py","logger":"airflow.models.dagbag.DagBag","filename":"dagbag.py","lineno":593}
{"timestamp":"2026-06-29T04:29:41.587041Z","level":"info","event":"::group::Cosmos DAG parsing logs","logger":"cosmos.converter","filename":"converter.py","lineno":293}
{"timestamp":"2026-06-29T04:29:41.587645Z","level":"info","event":"Trying to parse the dbt project using dbt ls cache cosmos_cache__get_cheapshark_deals__dbt_transform...","logger":"cosmos.dbt.graph","filename":"graph.py","lineno":781}
{"timestamp":"2026-06-29T04:29:41.599588Z","level":"info","event":"Cosmos performance: time to calculate cache identifier cosmos_cache__get_cheapshark_deals__dbt_transform for current version: 0.0006679170001007151","logger":"cosmos.cache","filename":"cache.py","lineno":333}
{"timestamp":"2026-06-29T04:29:41.599657Z","level":"info","event":"Cosmos performance [d2f09bca74c9|2219]: The cache size for cosmos_cache__get_cheapshark_deals__dbt_transform is 1726","logger":"cosmos.dbt.graph","filename":"graph.py","lineno":798}
{"timestamp":"2026-06-29T04:29:41.599775Z","level":"info","event":"Cosmos performance: Cache hit for cosmos_cache__get_cheapshark_deals__dbt_transform - 5d5dc19a4d21d68d9e2dd97b4b147311,35c51d063f0c828f4111bbac634f6471","logger":"cosmos.dbt.graph","filename":"graph.py","lineno":806}
{"timestamp":"2026-06-29T04:29:41.600069Z","level":"info","event":"Total nodes: 2","logger":"cosmos.dbt.graph","filename":"graph.py","lineno":711}
{"timestamp":"2026-06-29T04:29:41.600116Z","level":"info","event":"Total filtered nodes: 2","logger":"cosmos.dbt.graph","filename":"graph.py","lineno":712}
{"timestamp":"2026-06-29T04:29:41.600155Z","level":"info","event":"Cosmos performance (get_cheapshark_deals__dbt_transform) -  [d2f09bca74c9|2219]: It took 0.0125s to parse the dbt project for DAG using LoadMode.DBT_LS_CACHE","logger":"cosmos.converter","filename":"converter.py","lineno":340}
{"timestamp":"2026-06-29T04:29:41.600400Z","level":"info","event":"Project /tmp/airflow/dag_bundles/my-git-repo/tracking_repo/dbt_project does not have {'dependencies.yml', 'packages.yml'}","logger":"cosmos.dbt.project","filename":"project.py","lineno":40}
{"timestamp":"2026-06-29T04:29:41.600852Z","level":"info","event":"Project /tmp/airflow/dag_bundles/my-git-repo/tracking_repo/dbt_project does not have {'dependencies.yml', 'packages.yml'}","logger":"cosmos.dbt.project","filename":"project.py","lineno":40}
{"timestamp":"2026-06-29T04:29:41.601104Z","level":"info","event":"Cosmos performance (get_cheapshark_deals__dbt_transform) - [d2f09bca74c9|2219]: It took 0.000945s to build the Airflow DAG.","logger":"cosmos.converter","filename":"converter.py","lineno":387}
{"timestamp":"2026-06-29T04:29:41.601137Z","level":"info","event":"::endgroup::Cosmos DAG parsing logs","logger":"cosmos.converter","filename":"converter.py","lineno":390}
{"timestamp":"2026-06-29T05:15:19.363745Z","level":"info","event":"Filling up the DagBag from /tmp/airflow/dag_bundles/my-git-repo/tracking_repo/airflow-dags/cheapshark/DAG_cheapshark.py","logger":"airflow.models.dagbag.DagBag","filename":"dagbag.py","lineno":593}
{"timestamp":"2026-06-29T05:15:19.987959Z","level":"info","event":"::group::Cosmos DAG parsing logs","logger":"cosmos.converter","filename":"converter.py","lineno":293}
{"timestamp":"2026-06-29T05:15:19.988568Z","level":"info","event":"Trying to parse the dbt project using dbt ls cache cosmos_cache__get_cheapshark_deals__dbt_transform...","logger":"cosmos.dbt.graph","filename":"graph.py","lineno":781}
{"timestamp":"2026-06-29T05:15:20.001301Z","level":"info","event":"Cosmos performance: time to calculate cache identifier cosmos_cache__get_cheapshark_deals__dbt_transform for current version: 0.0007262500002980232","logger":"cosmos.cache","filename":"cache.py","lineno":333}
{"timestamp":"2026-06-29T05:15:20.001372Z","level":"info","event":"Cosmos performance [d2f09bca74c9|2262]: The cache size for cosmos_cache__get_cheapshark_deals__dbt_transform is 1726","logger":"cosmos.dbt.graph","filename":"graph.py","lineno":798}
{"timestamp":"2026-06-29T05:15:20.001486Z","level":"info","event":"Cosmos performance: Cache hit for cosmos_cache__get_cheapshark_deals__dbt_transform - 5d5dc19a4d21d68d9e2dd97b4b147311,35c51d063f0c828f4111bbac634f6471","logger":"cosmos.dbt.graph","filename":"graph.py","lineno":806}
{"timestamp":"2026-06-29T05:15:20.001756Z","level":"info","event":"Total nodes: 2","logger":"cosmos.dbt.graph","filename":"graph.py","lineno":711}
{"timestamp":"2026-06-29T05:15:20.001788Z","level":"info","event":"Total filtered nodes: 2","logger":"cosmos.dbt.graph","filename":"graph.py","lineno":712}
{"timestamp":"2026-06-29T05:15:20.001826Z","level":"info","event":"Cosmos performance (get_cheapshark_deals__dbt_transform) -  [d2f09bca74c9|2262]: It took 0.0133s to parse the dbt project for DAG using LoadMode.DBT_LS_CACHE","logger":"cosmos.converter","filename":"converter.py","lineno":340}
{"timestamp":"2026-06-29T05:15:20.002081Z","level":"info","event":"Project /tmp/airflow/dag_bundles/my-git-repo/tracking_repo/dbt_project does not have {'dependencies.yml', 'packages.yml'}","logger":"cosmos.dbt.project","filename":"project.py","lineno":40}
{"timestamp":"2026-06-29T05:15:20.002538Z","level":"info","event":"Project /tmp/airflow/dag_bundles/my-git-repo/tracking_repo/dbt_project does not have {'dependencies.yml', 'packages.yml'}","logger":"cosmos.dbt.project","filename":"project.py","lineno":40}
{"timestamp":"2026-06-29T05:15:20.002799Z","level":"info","event":"Cosmos performance (get_cheapshark_deals__dbt_transform) - [d2f09bca74c9|2262]: It took 0.000971s to build the Airflow DAG.","logger":"cosmos.converter","filename":"converter.py","lineno":387}
{"timestamp":"2026-06-29T05:15:20.002840Z","level":"info","event":"::endgroup::Cosmos DAG parsing logs","logger":"cosmos.converter","filename":"converter.py","lineno":390}
{"timestamp":"2026-06-29T05:15:50.400800Z","level":"info","event":"Filling up the DagBag from /tmp/airflow/dag_bundles/my-git-repo/tracking_repo/airflow-dags/cheapshark/DAG_cheapshark.py","logger":"airflow.models.dagbag.DagBag","filename":"dagbag.py","lineno":593}
{"timestamp":"2026-06-29T05:15:50.803748Z","level":"info","event":"::group::Cosmos DAG parsing logs","logger":"cosmos.converter","filename":"converter.py","lineno":293}
{"timestamp":"2026-06-29T05:15:50.804081Z","level":"info","event":"Trying to parse the dbt project using dbt ls cache cosmos_cache__get_cheapshark_deals__dbt_transform...","logger":"cosmos.dbt.graph","filename":"graph.py","lineno":781}
{"timestamp":"2026-06-29T05:15:50.811258Z","level":"info","event":"Cosmos performance: time to calculate cache identifier cosmos_cache__get_cheapshark_deals__dbt_transform for current version: 0.0004167909974057693","logger":"cosmos.cache","filename":"cache.py","lineno":333}
{"timestamp":"2026-06-29T05:15:50.811328Z","level":"info","event":"Cosmos performance [d2f09bca74c9|2305]: The cache size for cosmos_cache__get_cheapshark_deals__dbt_transform is 1726","logger":"cosmos.dbt.graph","filename":"graph.py","lineno":798}
{"timestamp":"2026-06-29T05:15:50.811423Z","level":"info","event":"Cosmos performance: Cache hit for cosmos_cache__get_cheapshark_deals__dbt_transform - 5d5dc19a4d21d68d9e2dd97b4b147311,35c51d063f0c828f4111bbac634f6471","logger":"cosmos.dbt.graph","filename":"graph.py","lineno":806}
{"timestamp":"2026-06-29T05:15:50.811658Z","level":"info","event":"Total nodes: 2","logger":"cosmos.dbt.graph","filename":"graph.py","lineno":711}
{"timestamp":"2026-06-29T05:15:50.811695Z","level":"info","event":"Total filtered nodes: 2","logger":"cosmos.dbt.graph","filename":"graph.py","lineno":712}
{"timestamp":"2026-06-29T05:15:50.811732Z","level":"info","event":"Cosmos performance (get_cheapshark_deals__dbt_transform) -  [d2f09bca74c9|2305]: It took 0.00767s to parse the dbt project for DAG using LoadMode.DBT_LS_CACHE","logger":"cosmos.converter","filename":"converter.py","lineno":340}
{"timestamp":"2026-06-29T05:15:50.811943Z","level":"info","event":"Project /tmp/airflow/dag_bundles/my-git-repo/tracking_repo/dbt_project does not have {'dependencies.yml', 'packages.yml'}","logger":"cosmos.dbt.project","filename":"project.py","lineno":40}
{"timestamp":"2026-06-29T05:15:50.812374Z","level":"info","event":"Project /tmp/airflow/dag_bundles/my-git-repo/tracking_repo/dbt_project does not have {'dependencies.yml', 'packages.yml'}","logger":"cosmos.dbt.project","filename":"project.py","lineno":40}
{"timestamp":"2026-06-29T05:15:50.812599Z","level":"info","event":"Cosmos performance (get_cheapshark_deals__dbt_transform) - [d2f09bca74c9|2305]: It took 0.000866s to build the Airflow DAG.","logger":"cosmos.converter","filename":"converter.py","lineno":387}
{"timestamp":"2026-06-29T05:15:50.812635Z","level":"info","event":"::endgroup::Cosmos DAG parsing logs","logger":"cosmos.converter","filename":"converter.py","lineno":390}
{"timestamp":"2026-06-29T05:22:52.786821Z","level":"info","event":"Filling up the DagBag from /tmp/airflow/dag_bundles/my-git-repo/tracking_repo/airflow-dags/cheapshark/DAG_cheapshark.py","logger":"airflow.models.dagbag.DagBag","filename":"dagbag.py","lineno":593}
{"timestamp":"2026-06-29T05:22:53.291801Z","level":"info","event":"::group::Cosmos DAG parsing logs","logger":"cosmos.converter","filename":"converter.py","lineno":293}
{"timestamp":"2026-06-29T05:22:53.292145Z","level":"info","event":"Trying to parse the dbt project using dbt ls cache cosmos_cache__get_cheapshark_deals__dbt_transform...","logger":"cosmos.dbt.graph","filename":"graph.py","lineno":781}
{"timestamp":"2026-06-29T05:22:53.299435Z","level":"info","event":"Cosmos performance: time to calculate cache identifier cosmos_cache__get_cheapshark_deals__dbt_transform for current version: 0.0003819580015260726","logger":"cosmos.cache","filename":"cache.py","lineno":333}
{"timestamp":"2026-06-29T05:22:53.299498Z","level":"info","event":"Cosmos performance [d2f09bca74c9|2333]: The cache size for cosmos_cache__get_cheapshark_deals__dbt_transform is 1726","logger":"cosmos.dbt.graph","filename":"graph.py","lineno":798}
{"timestamp":"2026-06-29T05:22:53.299596Z","level":"info","event":"Cosmos performance: Cache hit for cosmos_cache__get_cheapshark_deals__dbt_transform - 5d5dc19a4d21d68d9e2dd97b4b147311,35c51d063f0c828f4111bbac634f6471","logger":"cosmos.dbt.graph","filename":"graph.py","lineno":806}
{"timestamp":"2026-06-29T05:22:53.299853Z","level":"info","event":"Total nodes: 2","logger":"cosmos.dbt.graph","filename":"graph.py","lineno":711}
{"timestamp":"2026-06-29T05:22:53.299888Z","level":"info","event":"Total filtered nodes: 2","logger":"cosmos.dbt.graph","filename":"graph.py","lineno":712}
{"timestamp":"2026-06-29T05:22:53.299924Z","level":"info","event":"Cosmos performance (get_cheapshark_deals__dbt_transform) -  [d2f09bca74c9|2333]: It took 0.00781s to parse the dbt project for DAG using LoadMode.DBT_LS_CACHE","logger":"cosmos.converter","filename":"converter.py","lineno":340}
{"timestamp":"2026-06-29T05:22:53.300134Z","level":"info","event":"Project /tmp/airflow/dag_bundles/my-git-repo/tracking_repo/dbt_project does not have {'dependencies.yml', 'packages.yml'}","logger":"cosmos.dbt.project","filename":"project.py","lineno":40}
{"timestamp":"2026-06-29T05:22:53.300530Z","level":"info","event":"Project /tmp/airflow/dag_bundles/my-git-repo/tracking_repo/dbt_project does not have {'dependencies.yml', 'packages.yml'}","logger":"cosmos.dbt.project","filename":"project.py","lineno":40}
{"timestamp":"2026-06-29T05:22:53.300770Z","level":"info","event":"Cosmos performance (get_cheapshark_deals__dbt_transform) - [d2f09bca74c9|2333]: It took 0.000843s to build the Airflow DAG.","logger":"cosmos.converter","filename":"converter.py","lineno":387}
{"timestamp":"2026-06-29T05:22:53.300811Z","level":"info","event":"::endgroup::Cosmos DAG parsing logs","logger":"cosmos.converter","filename":"converter.py","lineno":390}
{"timestamp":"2026-06-29T05:23:23.732195Z","level":"info","event":"Filling up the DagBag from /tmp/airflow/dag_bundles/my-git-repo/tracking_repo/airflow-dags/cheapshark/DAG_cheapshark.py","logger":"airflow.models.dagbag.DagBag","filename":"dagbag.py","lineno":593}
{"timestamp":"2026-06-29T05:23:24.122257Z","level":"info","event":"::group::Cosmos DAG parsing logs","logger":"cosmos.converter","filename":"converter.py","lineno":293}
{"timestamp":"2026-06-29T05:23:24.122604Z","level":"info","event":"Trying to parse the dbt project using dbt ls cache cosmos_cache__get_cheapshark_deals__dbt_transform...","logger":"cosmos.dbt.graph","filename":"graph.py","lineno":781}
{"timestamp":"2026-06-29T05:23:24.129672Z","level":"info","event":"Cosmos performance: time to calculate cache identifier cosmos_cache__get_cheapshark_deals__dbt_transform for current version: 0.0006105410029704217","logger":"cosmos.cache","filename":"cache.py","lineno":333}
{"timestamp":"2026-06-29T05:23:24.129725Z","level":"info","event":"Cosmos performance [d2f09bca74c9|2376]: The cache size for cosmos_cache__get_cheapshark_deals__dbt_transform is 1726","logger":"cosmos.dbt.graph","filename":"graph.py","lineno":798}
{"timestamp":"2026-06-29T05:23:24.129839Z","level":"info","event":"Cosmos performance: Cache hit for cosmos_cache__get_cheapshark_deals__dbt_transform - 5d5dc19a4d21d68d9e2dd97b4b147311,35c51d063f0c828f4111bbac634f6471","logger":"cosmos.dbt.graph","filename":"graph.py","lineno":806}
{"timestamp":"2026-06-29T05:23:24.131158Z","level":"info","event":"Total nodes: 2","logger":"cosmos.dbt.graph","filename":"graph.py","lineno":711}
{"timestamp":"2026-06-29T05:23:24.131197Z","level":"info","event":"Total filtered nodes: 2","logger":"cosmos.dbt.graph","filename":"graph.py","lineno":712}
{"timestamp":"2026-06-29T05:23:24.131236Z","level":"info","event":"Cosmos performance (get_cheapshark_deals__dbt_transform) -  [d2f09bca74c9|2376]: It took 0.00865s to parse the dbt project for DAG using LoadMode.DBT_LS_CACHE","logger":"cosmos.converter","filename":"converter.py","lineno":340}
{"timestamp":"2026-06-29T05:23:24.131442Z","level":"info","event":"Project /tmp/airflow/dag_bundles/my-git-repo/tracking_repo/dbt_project does not have {'dependencies.yml', 'packages.yml'}","logger":"cosmos.dbt.project","filename":"project.py","lineno":40}
{"timestamp":"2026-06-29T05:23:24.131851Z","level":"info","event":"Project /tmp/airflow/dag_bundles/my-git-repo/tracking_repo/dbt_project does not have {'dependencies.yml', 'packages.yml'}","logger":"cosmos.dbt.project","filename":"project.py","lineno":40}
{"timestamp":"2026-06-29T05:23:24.132107Z","level":"info","event":"Cosmos performance (get_cheapshark_deals__dbt_transform) - [d2f09bca74c9|2376]: It took 0.000866s to build the Airflow DAG.","logger":"cosmos.converter","filename":"converter.py","lineno":387}
{"timestamp":"2026-06-29T05:23:24.132149Z","level":"info","event":"::endgroup::Cosmos DAG parsing logs","logger":"cosmos.converter","filename":"converter.py","lineno":390}
{"timestamp":"2026-06-29T05:23:54.904987Z","level":"info","event":"Filling up the DagBag from /tmp/airflow/dag_bundles/my-git-repo/tracking_repo/airflow-dags/cheapshark/DAG_cheapshark.py","logger":"airflow.models.dagbag.DagBag","filename":"dagbag.py","lineno":593}
{"timestamp":"2026-06-29T05:23:55.308660Z","level":"info","event":"::group::Cosmos DAG parsing logs","logger":"cosmos.converter","filename":"converter.py","lineno":293}
{"timestamp":"2026-06-29T05:23:55.308971Z","level":"info","event":"Trying to parse the dbt project using dbt ls cache cosmos_cache__get_cheapshark_deals__dbt_transform...","logger":"cosmos.dbt.graph","filename":"graph.py","lineno":781}
{"timestamp":"2026-06-29T05:23:55.315693Z","level":"info","event":"Cosmos performance: time to calculate cache identifier cosmos_cache__get_cheapshark_deals__dbt_transform for current version: 0.0003812499999185093","logger":"cosmos.cache","filename":"cache.py","lineno":333}
{"timestamp":"2026-06-29T05:23:55.315757Z","level":"info","event":"Cosmos performance [d2f09bca74c9|2404]: The cache size for cosmos_cache__get_cheapshark_deals__dbt_transform is 1726","logger":"cosmos.dbt.graph","filename":"graph.py","lineno":798}
{"timestamp":"2026-06-29T05:23:55.315853Z","level":"info","event":"Cosmos performance: Cache hit for cosmos_cache__get_cheapshark_deals__dbt_transform - 5d5dc19a4d21d68d9e2dd97b4b147311,35c51d063f0c828f4111bbac634f6471","logger":"cosmos.dbt.graph","filename":"graph.py","lineno":806}
{"timestamp":"2026-06-29T05:23:55.316107Z","level":"info","event":"Total nodes: 2","logger":"cosmos.dbt.graph","filename":"graph.py","lineno":711}
{"timestamp":"2026-06-29T05:23:55.316140Z","level":"info","event":"Total filtered nodes: 2","logger":"cosmos.dbt.graph","filename":"graph.py","lineno":712}
{"timestamp":"2026-06-29T05:23:55.316176Z","level":"info","event":"Cosmos performance (get_cheapshark_deals__dbt_transform) -  [d2f09bca74c9|2404]: It took 0.00723s to parse the dbt project for DAG using LoadMode.DBT_LS_CACHE","logger":"cosmos.converter","filename":"converter.py","lineno":340}
{"timestamp":"2026-06-29T05:23:55.316395Z","level":"info","event":"Project /tmp/airflow/dag_bundles/my-git-repo/tracking_repo/dbt_project does not have {'dependencies.yml', 'packages.yml'}","logger":"cosmos.dbt.project","filename":"project.py","lineno":40}
{"timestamp":"2026-06-29T05:23:55.316816Z","level":"info","event":"Project /tmp/airflow/dag_bundles/my-git-repo/tracking_repo/dbt_project does not have {'dependencies.yml', 'packages.yml'}","logger":"cosmos.dbt.project","filename":"project.py","lineno":40}
{"timestamp":"2026-06-29T05:23:55.317047Z","level":"info","event":"Cosmos performance (get_cheapshark_deals__dbt_transform) - [d2f09bca74c9|2404]: It took 0.00087s to build the Airflow DAG.","logger":"cosmos.converter","filename":"converter.py","lineno":387}
{"timestamp":"2026-06-29T05:23:55.317087Z","level":"info","event":"::endgroup::Cosmos DAG parsing logs","logger":"cosmos.converter","filename":"converter.py","lineno":390}
{"timestamp":"2026-06-29T05:24:26.038917Z","level":"info","event":"Filling up the DagBag from /tmp/airflow/dag_bundles/my-git-repo/tracking_repo/airflow-dags/cheapshark/DAG_cheapshark.py","logger":"airflow.models.dagbag.DagBag","filename":"dagbag.py","lineno":593}
{"timestamp":"2026-06-29T05:24:26.440985Z","level":"info","event":"::group::Cosmos DAG parsing logs","logger":"cosmos.converter","filename":"converter.py","lineno":293}
{"timestamp":"2026-06-29T05:24:26.441297Z","level":"info","event":"Trying to parse the dbt project using dbt ls cache cosmos_cache__get_cheapshark_deals__dbt_transform...","logger":"cosmos.dbt.graph","filename":"graph.py","lineno":781}
{"timestamp":"2026-06-29T05:24:26.447895Z","level":"info","event":"Cosmos performance: time to calculate cache identifier cosmos_cache__get_cheapshark_deals__dbt_transform for current version: 0.000380082998162834","logger":"cosmos.cache","filename":"cache.py","lineno":333}
{"timestamp":"2026-06-29T05:24:26.447972Z","level":"info","event":"Cosmos performance [d2f09bca74c9|2432]: The cache size for cosmos_cache__get_cheapshark_deals__dbt_transform is 1726","logger":"cosmos.dbt.graph","filename":"graph.py","lineno":798}
{"timestamp":"2026-06-29T05:24:26.448076Z","level":"info","event":"Cosmos performance: Cache hit for cosmos_cache__get_cheapshark_deals__dbt_transform - 5d5dc19a4d21d68d9e2dd97b4b147311,35c51d063f0c828f4111bbac634f6471","logger":"cosmos.dbt.graph","filename":"graph.py","lineno":806}
{"timestamp":"2026-06-29T05:24:26.449213Z","level":"info","event":"Total nodes: 2","logger":"cosmos.dbt.graph","filename":"graph.py","lineno":711}
{"timestamp":"2026-06-29T05:24:26.449257Z","level":"info","event":"Total filtered nodes: 2","logger":"cosmos.dbt.graph","filename":"graph.py","lineno":712}
{"timestamp":"2026-06-29T05:24:26.449306Z","level":"info","event":"Cosmos performance (get_cheapshark_deals__dbt_transform) -  [d2f09bca74c9|2432]: It took 0.00802s to parse the dbt project for DAG using LoadMode.DBT_LS_CACHE","logger":"cosmos.converter","filename":"converter.py","lineno":340}
{"timestamp":"2026-06-29T05:24:26.449550Z","level":"info","event":"Project /tmp/airflow/dag_bundles/my-git-repo/tracking_repo/dbt_project does not have {'dependencies.yml', 'packages.yml'}","logger":"cosmos.dbt.project","filename":"project.py","lineno":40}
{"timestamp":"2026-06-29T05:24:26.449974Z","level":"info","event":"Project /tmp/airflow/dag_bundles/my-git-repo/tracking_repo/dbt_project does not have {'dependencies.yml', 'packages.yml'}","logger":"cosmos.dbt.project","filename":"project.py","lineno":40}
{"timestamp":"2026-06-29T05:24:26.450201Z","level":"info","event":"Cosmos performance (get_cheapshark_deals__dbt_transform) - [d2f09bca74c9|2432]: It took 0.000901s to build the Airflow DAG.","logger":"cosmos.converter","filename":"converter.py","lineno":387}
{"timestamp":"2026-06-29T05:24:26.450241Z","level":"info","event":"::endgroup::Cosmos DAG parsing logs","logger":"cosmos.converter","filename":"converter.py","lineno":390}
{"timestamp":"2026-06-29T05:31:29.515137Z","level":"info","event":"Filling up the DagBag from /tmp/airflow/dag_bundles/my-git-repo/tracking_repo/airflow-dags/cheapshark/DAG_cheapshark.py","logger":"airflow.models.dagbag.DagBag","filename":"dagbag.py","lineno":593}
{"timestamp":"2026-06-29T05:31:30.000104Z","level":"info","event":"::group::Cosmos DAG parsing logs","logger":"cosmos.converter","filename":"converter.py","lineno":293}
{"timestamp":"2026-06-29T05:31:30.000430Z","level":"info","event":"Trying to parse the dbt project using dbt ls cache cosmos_cache__get_cheapshark_deals__dbt_transform...","logger":"cosmos.dbt.graph","filename":"graph.py","lineno":781}
{"timestamp":"2026-06-29T05:31:30.016822Z","level":"info","event":"Cosmos performance: time to calculate cache identifier cosmos_cache__get_cheapshark_deals__dbt_transform for current version: 0.0003425409995543305","logger":"cosmos.cache","filename":"cache.py","lineno":333}
{"timestamp":"2026-06-29T05:31:30.016873Z","level":"info","event":"Cosmos performance [d2f09bca74c9|2460]: The cache size for cosmos_cache__get_cheapshark_deals__dbt_transform is 1726","logger":"cosmos.dbt.graph","filename":"graph.py","lineno":798}
{"timestamp":"2026-06-29T05:31:30.016968Z","level":"info","event":"Cosmos performance: Cache hit for cosmos_cache__get_cheapshark_deals__dbt_transform - 5d5dc19a4d21d68d9e2dd97b4b147311,35c51d063f0c828f4111bbac634f6471","logger":"cosmos.dbt.graph","filename":"graph.py","lineno":806}
{"timestamp":"2026-06-29T05:31:30.017206Z","level":"info","event":"Total nodes: 2","logger":"cosmos.dbt.graph","filename":"graph.py","lineno":711}
{"timestamp":"2026-06-29T05:31:30.017238Z","level":"info","event":"Total filtered nodes: 2","logger":"cosmos.dbt.graph","filename":"graph.py","lineno":712}
{"timestamp":"2026-06-29T05:31:30.017273Z","level":"info","event":"Cosmos performance (get_cheapshark_deals__dbt_transform) -  [d2f09bca74c9|2460]: It took 0.0169s to parse the dbt project for DAG using LoadMode.DBT_LS_CACHE","logger":"cosmos.converter","filename":"converter.py","lineno":340}
{"timestamp":"2026-06-29T05:31:30.017470Z","level":"info","event":"Project /tmp/airflow/dag_bundles/my-git-repo/tracking_repo/dbt_project does not have {'dependencies.yml', 'packages.yml'}","logger":"cosmos.dbt.project","filename":"project.py","lineno":40}
{"timestamp":"2026-06-29T05:31:30.017852Z","level":"info","event":"Project /tmp/airflow/dag_bundles/my-git-repo/tracking_repo/dbt_project does not have {'dependencies.yml', 'packages.yml'}","logger":"cosmos.dbt.project","filename":"project.py","lineno":40}
{"timestamp":"2026-06-29T05:31:30.018069Z","level":"info","event":"Cosmos performance (get_cheapshark_deals__dbt_transform) - [d2f09bca74c9|2460]: It took 0.000796s to build the Airflow DAG.","logger":"cosmos.converter","filename":"converter.py","lineno":387}
{"timestamp":"2026-06-29T05:31:30.018098Z","level":"info","event":"::endgroup::Cosmos DAG parsing logs","logger":"cosmos.converter","filename":"converter.py","lineno":390}
{"timestamp":"2026-06-29T05:45:40.130525Z","level":"info","event":"Filling up the DagBag from /tmp/airflow/dag_bundles/my-git-repo/tracking_repo/airflow-dags/cheapshark/DAG_cheapshark.py","logger":"airflow.models.dagbag.DagBag","filename":"dagbag.py","lineno":593}
{"timestamp":"2026-06-29T05:45:40.697052Z","level":"info","event":"::group::Cosmos DAG parsing logs","logger":"cosmos.converter","filename":"converter.py","lineno":293}
{"timestamp":"2026-06-29T05:45:40.697497Z","level":"info","event":"Trying to parse the dbt project using dbt ls cache cosmos_cache__get_cheapshark_deals__dbt_transform...","logger":"cosmos.dbt.graph","filename":"graph.py","lineno":781}
{"timestamp":"2026-06-29T05:45:40.708886Z","level":"info","event":"Cosmos performance: time to calculate cache identifier cosmos_cache__get_cheapshark_deals__dbt_transform for current version: 0.000556125000002794","logger":"cosmos.cache","filename":"cache.py","lineno":333}
{"timestamp":"2026-06-29T05:45:40.708965Z","level":"info","event":"Cosmos performance [d2f09bca74c9|2518]: The cache size for cosmos_cache__get_cheapshark_deals__dbt_transform is 1726","logger":"cosmos.dbt.graph","filename":"graph.py","lineno":798}
{"timestamp":"2026-06-29T05:45:40.709073Z","level":"info","event":"Cosmos performance: Cache hit for cosmos_cache__get_cheapshark_deals__dbt_transform - 5d5dc19a4d21d68d9e2dd97b4b147311,35c51d063f0c828f4111bbac634f6471","logger":"cosmos.dbt.graph","filename":"graph.py","lineno":806}
{"timestamp":"2026-06-29T05:45:40.710520Z","level":"info","event":"Total nodes: 2","logger":"cosmos.dbt.graph","filename":"graph.py","lineno":711}
{"timestamp":"2026-06-29T05:45:40.710562Z","level":"info","event":"Total filtered nodes: 2","logger":"cosmos.dbt.graph","filename":"graph.py","lineno":712}
{"timestamp":"2026-06-29T05:45:40.710611Z","level":"info","event":"Cosmos performance (get_cheapshark_deals__dbt_transform) -  [d2f09bca74c9|2518]: It took 0.0132s to parse the dbt project for DAG using LoadMode.DBT_LS_CACHE","logger":"cosmos.converter","filename":"converter.py","lineno":340}
{"timestamp":"2026-06-29T05:45:40.710831Z","level":"info","event":"Project /tmp/airflow/dag_bundles/my-git-repo/tracking_repo/dbt_project does not have {'dependencies.yml', 'packages.yml'}","logger":"cosmos.dbt.project","filename":"project.py","lineno":40}
{"timestamp":"2026-06-29T05:45:40.711264Z","level":"info","event":"Project /tmp/airflow/dag_bundles/my-git-repo/tracking_repo/dbt_project does not have {'dependencies.yml', 'packages.yml'}","logger":"cosmos.dbt.project","filename":"project.py","lineno":40}
{"timestamp":"2026-06-29T05:45:40.711533Z","level":"info","event":"Cosmos performance (get_cheapshark_deals__dbt_transform) - [d2f09bca74c9|2518]: It took 0.000924s to build the Airflow DAG.","logger":"cosmos.converter","filename":"converter.py","lineno":387}
{"timestamp":"2026-06-29T05:45:40.711571Z","level":"info","event":"::endgroup::Cosmos DAG parsing logs","logger":"cosmos.converter","filename":"converter.py","lineno":390}
{"timestamp":"2026-06-29T05:56:10.840324Z","level":"info","event":"Filling up the DagBag from /tmp/airflow/dag_bundles/my-git-repo/tracking_repo/airflow-dags/cheapshark/DAG_cheapshark.py","logger":"airflow.models.dagbag.DagBag","filename":"dagbag.py","lineno":593}
{"timestamp":"2026-06-29T05:56:11.300579Z","level":"info","event":"::group::Cosmos DAG parsing logs","logger":"cosmos.converter","filename":"converter.py","lineno":293}
{"timestamp":"2026-06-29T05:56:11.300883Z","level":"info","event":"Trying to parse the dbt project using dbt ls cache cosmos_cache__get_cheapshark_deals__dbt_transform...","logger":"cosmos.dbt.graph","filename":"graph.py","lineno":781}
{"timestamp":"2026-06-29T05:56:11.306995Z","level":"info","event":"Cosmos performance: time to calculate cache identifier cosmos_cache__get_cheapshark_deals__dbt_transform for current version: 0.0003909580009349156","logger":"cosmos.cache","filename":"cache.py","lineno":333}
{"timestamp":"2026-06-29T05:56:11.307055Z","level":"info","event":"Cosmos performance [d2f09bca74c9|2551]: The cache size for cosmos_cache__get_cheapshark_deals__dbt_transform is 1726","logger":"cosmos.dbt.graph","filename":"graph.py","lineno":798}
{"timestamp":"2026-06-29T05:56:11.307153Z","level":"info","event":"Cosmos performance: Cache hit for cosmos_cache__get_cheapshark_deals__dbt_transform - 5d5dc19a4d21d68d9e2dd97b4b147311,35c51d063f0c828f4111bbac634f6471","logger":"cosmos.dbt.graph","filename":"graph.py","lineno":806}
{"timestamp":"2026-06-29T05:56:11.307385Z","level":"info","event":"Total nodes: 2","logger":"cosmos.dbt.graph","filename":"graph.py","lineno":711}
{"timestamp":"2026-06-29T05:56:11.307420Z","level":"info","event":"Total filtered nodes: 2","logger":"cosmos.dbt.graph","filename":"graph.py","lineno":712}
{"timestamp":"2026-06-29T05:56:11.307459Z","level":"info","event":"Cosmos performance (get_cheapshark_deals__dbt_transform) -  [d2f09bca74c9|2551]: It took 0.0066s to parse the dbt project for DAG using LoadMode.DBT_LS_CACHE","logger":"cosmos.converter","filename":"converter.py","lineno":340}
{"timestamp":"2026-06-29T05:56:11.307669Z","level":"info","event":"Project /tmp/airflow/dag_bundles/my-git-repo/tracking_repo/dbt_project does not have {'dependencies.yml', 'packages.yml'}","logger":"cosmos.dbt.project","filename":"project.py","lineno":40}
{"timestamp":"2026-06-29T05:56:11.308044Z","level":"info","event":"Project /tmp/airflow/dag_bundles/my-git-repo/tracking_repo/dbt_project does not have {'dependencies.yml', 'packages.yml'}","logger":"cosmos.dbt.project","filename":"project.py","lineno":40}
{"timestamp":"2026-06-29T05:56:11.308267Z","level":"info","event":"Cosmos performance (get_cheapshark_deals__dbt_transform) - [d2f09bca74c9|2551]: It took 0.000811s to build the Airflow DAG.","logger":"cosmos.converter","filename":"converter.py","lineno":387}
{"timestamp":"2026-06-29T05:56:11.308298Z","level":"info","event":"::endgroup::Cosmos DAG parsing logs","logger":"cosmos.converter","filename":"converter.py","lineno":390}
{"timestamp":"2026-06-29T06:04:52.192570Z","level":"info","event":"Filling up the DagBag from /tmp/airflow/dag_bundles/my-git-repo/tracking_repo/airflow-dags/cheapshark/DAG_cheapshark.py","logger":"airflow.models.dagbag.DagBag","filename":"dagbag.py","lineno":593}
{"timestamp":"2026-06-29T06:04:53.019693Z","level":"info","event":"::group::Cosmos DAG parsing logs","logger":"cosmos.converter","filename":"converter.py","lineno":293}
{"timestamp":"2026-06-29T06:04:53.021926Z","level":"info","event":"Trying to parse the dbt project using dbt ls cache cosmos_cache__get_cheapshark_deals__dbt_transform...","logger":"cosmos.dbt.graph","filename":"graph.py","lineno":781}
{"timestamp":"2026-06-29T06:04:53.032894Z","level":"info","event":"Cosmos performance: time to calculate cache identifier cosmos_cache__get_cheapshark_deals__dbt_transform for current version: 0.0007291670008271467","logger":"cosmos.cache","filename":"cache.py","lineno":333}
{"timestamp":"2026-06-29T06:04:53.032975Z","level":"info","event":"Cosmos performance [d2f09bca74c9|2604]: The cache size for cosmos_cache__get_cheapshark_deals__dbt_transform is 1726","logger":"cosmos.dbt.graph","filename":"graph.py","lineno":798}
{"timestamp":"2026-06-29T06:04:53.033112Z","level":"info","event":"Cosmos performance: Cache hit for cosmos_cache__get_cheapshark_deals__dbt_transform - 5d5dc19a4d21d68d9e2dd97b4b147311,35c51d063f0c828f4111bbac634f6471","logger":"cosmos.dbt.graph","filename":"graph.py","lineno":806}
{"timestamp":"2026-06-29T06:04:53.034582Z","level":"info","event":"Total nodes: 2","logger":"cosmos.dbt.graph","filename":"graph.py","lineno":711}
{"timestamp":"2026-06-29T06:04:53.034641Z","level":"info","event":"Total filtered nodes: 2","logger":"cosmos.dbt.graph","filename":"graph.py","lineno":712}
{"timestamp":"2026-06-29T06:04:53.034695Z","level":"info","event":"Cosmos performance (get_cheapshark_deals__dbt_transform) -  [d2f09bca74c9|2604]: It took 0.0128s to parse the dbt project for DAG using LoadMode.DBT_LS_CACHE","logger":"cosmos.converter","filename":"converter.py","lineno":340}
{"timestamp":"2026-06-29T06:04:53.035029Z","level":"info","event":"Project /tmp/airflow/dag_bundles/my-git-repo/tracking_repo/dbt_project does not have {'dependencies.yml', 'packages.yml'}","logger":"cosmos.dbt.project","filename":"project.py","lineno":40}
{"timestamp":"2026-06-29T06:04:53.035550Z","level":"info","event":"Project /tmp/airflow/dag_bundles/my-git-repo/tracking_repo/dbt_project does not have {'dependencies.yml', 'packages.yml'}","logger":"cosmos.dbt.project","filename":"project.py","lineno":40}
{"timestamp":"2026-06-29T06:04:53.035887Z","level":"info","event":"Cosmos performance (get_cheapshark_deals__dbt_transform) - [d2f09bca74c9|2604]: It took 0.00117s to build the Airflow DAG.","logger":"cosmos.converter","filename":"converter.py","lineno":387}
{"timestamp":"2026-06-29T06:04:53.035949Z","level":"info","event":"::endgroup::Cosmos DAG parsing logs","logger":"cosmos.converter","filename":"converter.py","lineno":390}
{"timestamp":"2026-06-29T06:20:25.898742Z","level":"info","event":"Filling up the DagBag from /tmp/airflow/dag_bundles/my-git-repo/tracking_repo/airflow-dags/cheapshark/DAG_cheapshark.py","logger":"airflow.models.dagbag.DagBag","filename":"dagbag.py","lineno":593}
{"timestamp":"2026-06-29T06:20:26.545889Z","level":"info","event":"::group::Cosmos DAG parsing logs","logger":"cosmos.converter","filename":"converter.py","lineno":293}
{"timestamp":"2026-06-29T06:20:26.546444Z","level":"info","event":"Trying to parse the dbt project using dbt ls cache cosmos_cache__get_cheapshark_deals__dbt_transform...","logger":"cosmos.dbt.graph","filename":"graph.py","lineno":781}
{"timestamp":"2026-06-29T06:20:26.559598Z","level":"info","event":"Cosmos performance: time to calculate cache identifier cosmos_cache__get_cheapshark_deals__dbt_transform for current version: 0.0007436659980157856","logger":"cosmos.cache","filename":"cache.py","lineno":333}
{"timestamp":"2026-06-29T06:20:26.559662Z","level":"info","event":"Cosmos performance [d2f09bca74c9|2662]: The cache size for cosmos_cache__get_cheapshark_deals__dbt_transform is 1726","logger":"cosmos.dbt.graph","filename":"graph.py","lineno":798}
{"timestamp":"2026-06-29T06:20:26.559801Z","level":"info","event":"Cosmos performance: Cache hit for cosmos_cache__get_cheapshark_deals__dbt_transform - 5d5dc19a4d21d68d9e2dd97b4b147311,35c51d063f0c828f4111bbac634f6471","logger":"cosmos.dbt.graph","filename":"graph.py","lineno":806}
{"timestamp":"2026-06-29T06:20:26.560107Z","level":"info","event":"Total nodes: 2","logger":"cosmos.dbt.graph","filename":"graph.py","lineno":711}
{"timestamp":"2026-06-29T06:20:26.560152Z","level":"info","event":"Total filtered nodes: 2","logger":"cosmos.dbt.graph","filename":"graph.py","lineno":712}
{"timestamp":"2026-06-29T06:20:26.560197Z","level":"info","event":"Cosmos performance (get_cheapshark_deals__dbt_transform) -  [d2f09bca74c9|2662]: It took 0.0138s to parse the dbt project for DAG using LoadMode.DBT_LS_CACHE","logger":"cosmos.converter","filename":"converter.py","lineno":340}
{"timestamp":"2026-06-29T06:20:26.560443Z","level":"info","event":"Project /tmp/airflow/dag_bundles/my-git-repo/tracking_repo/dbt_project does not have {'dependencies.yml', 'packages.yml'}","logger":"cosmos.dbt.project","filename":"project.py","lineno":40}
{"timestamp":"2026-06-29T06:20:26.560905Z","level":"info","event":"Project /tmp/airflow/dag_bundles/my-git-repo/tracking_repo/dbt_project does not have {'dependencies.yml', 'packages.yml'}","logger":"cosmos.dbt.project","filename":"project.py","lineno":40}
{"timestamp":"2026-06-29T06:20:26.561204Z","level":"info","event":"Cosmos performance (get_cheapshark_deals__dbt_transform) - [d2f09bca74c9|2662]: It took 0.001s to build the Airflow DAG.","logger":"cosmos.converter","filename":"converter.py","lineno":387}
{"timestamp":"2026-06-29T06:20:26.561240Z","level":"info","event":"::endgroup::Cosmos DAG parsing logs","logger":"cosmos.converter","filename":"converter.py","lineno":390}
{"timestamp":"2026-06-29T06:20:56.673164Z","level":"info","event":"Filling up the DagBag from /tmp/airflow/dag_bundles/my-git-repo/tracking_repo/airflow-dags/cheapshark/DAG_cheapshark.py","logger":"airflow.models.dagbag.DagBag","filename":"dagbag.py","lineno":593}
{"timestamp":"2026-06-29T06:20:57.382349Z","level":"info","event":"::group::Cosmos DAG parsing logs","logger":"cosmos.converter","filename":"converter.py","lineno":293}
{"timestamp":"2026-06-29T06:20:57.382952Z","level":"info","event":"Trying to parse the dbt project using dbt ls cache cosmos_cache__get_cheapshark_deals__dbt_transform...","logger":"cosmos.dbt.graph","filename":"graph.py","lineno":781}
{"timestamp":"2026-06-29T06:20:57.398191Z","level":"info","event":"Cosmos performance: time to calculate cache identifier cosmos_cache__get_cheapshark_deals__dbt_transform for current version: 0.0007740840010228567","logger":"cosmos.cache","filename":"cache.py","lineno":333}
{"timestamp":"2026-06-29T06:20:57.398281Z","level":"info","event":"Cosmos performance [d2f09bca74c9|2705]: The cache size for cosmos_cache__get_cheapshark_deals__dbt_transform is 1726","logger":"cosmos.dbt.graph","filename":"graph.py","lineno":798}
{"timestamp":"2026-06-29T06:20:57.398459Z","level":"info","event":"Cosmos performance: Cache hit for cosmos_cache__get_cheapshark_deals__dbt_transform - 5d5dc19a4d21d68d9e2dd97b4b147311,35c51d063f0c828f4111bbac634f6471","logger":"cosmos.dbt.graph","filename":"graph.py","lineno":806}
{"timestamp":"2026-06-29T06:20:57.398797Z","level":"info","event":"Total nodes: 2","logger":"cosmos.dbt.graph","filename":"graph.py","lineno":711}
{"timestamp":"2026-06-29T06:20:57.398833Z","level":"info","event":"Total filtered nodes: 2","logger":"cosmos.dbt.graph","filename":"graph.py","lineno":712}
{"timestamp":"2026-06-29T06:20:57.398881Z","level":"info","event":"Cosmos performance (get_cheapshark_deals__dbt_transform) -  [d2f09bca74c9|2705]: It took 0.016s to parse the dbt project for DAG using LoadMode.DBT_LS_CACHE","logger":"cosmos.converter","filename":"converter.py","lineno":340}
{"timestamp":"2026-06-29T06:20:57.399117Z","level":"info","event":"Project /tmp/airflow/dag_bundles/my-git-repo/tracking_repo/dbt_project does not have {'dependencies.yml', 'packages.yml'}","logger":"cosmos.dbt.project","filename":"project.py","lineno":40}
{"timestamp":"2026-06-29T06:20:57.399760Z","level":"info","event":"Project /tmp/airflow/dag_bundles/my-git-repo/tracking_repo/dbt_project does not have {'dependencies.yml', 'packages.yml'}","logger":"cosmos.dbt.project","filename":"project.py","lineno":40}
{"timestamp":"2026-06-29T06:20:57.400031Z","level":"info","event":"Cosmos performance (get_cheapshark_deals__dbt_transform) - [d2f09bca74c9|2705]: It took 0.00116s to build the Airflow DAG.","logger":"cosmos.converter","filename":"converter.py","lineno":387}
{"timestamp":"2026-06-29T06:20:57.400063Z","level":"info","event":"::endgroup::Cosmos DAG parsing logs","logger":"cosmos.converter","filename":"converter.py","lineno":390}
{"timestamp":"2026-06-29T06:21:28.251142Z","level":"info","event":"Filling up the DagBag from /tmp/airflow/dag_bundles/my-git-repo/tracking_repo/airflow-dags/cheapshark/DAG_cheapshark.py","logger":"airflow.models.dagbag.DagBag","filename":"dagbag.py","lineno":593}
{"timestamp":"2026-06-29T06:21:28.782215Z","level":"info","event":"::group::Cosmos DAG parsing logs","logger":"cosmos.converter","filename":"converter.py","lineno":293}
{"timestamp":"2026-06-29T06:21:28.782777Z","level":"info","event":"Trying to parse the dbt project using dbt ls cache cosmos_cache__get_cheapshark_deals__dbt_transform...","logger":"cosmos.dbt.graph","filename":"graph.py","lineno":781}
{"timestamp":"2026-06-29T06:21:28.794911Z","level":"info","event":"Cosmos performance: time to calculate cache identifier cosmos_cache__get_cheapshark_deals__dbt_transform for current version: 0.0006780830008210614","logger":"cosmos.cache","filename":"cache.py","lineno":333}
{"timestamp":"2026-06-29T06:21:28.794981Z","level":"info","event":"Cosmos performance [d2f09bca74c9|2732]: The cache size for cosmos_cache__get_cheapshark_deals__dbt_transform is 1726","logger":"cosmos.dbt.graph","filename":"graph.py","lineno":798}
{"timestamp":"2026-06-29T06:21:28.795105Z","level":"info","event":"Cosmos performance: Cache hit for cosmos_cache__get_cheapshark_deals__dbt_transform - 5d5dc19a4d21d68d9e2dd97b4b147311,35c51d063f0c828f4111bbac634f6471","logger":"cosmos.dbt.graph","filename":"graph.py","lineno":806}
{"timestamp":"2026-06-29T06:21:28.795421Z","level":"info","event":"Total nodes: 2","logger":"cosmos.dbt.graph","filename":"graph.py","lineno":711}
{"timestamp":"2026-06-29T06:21:28.795457Z","level":"info","event":"Total filtered nodes: 2","logger":"cosmos.dbt.graph","filename":"graph.py","lineno":712}
{"timestamp":"2026-06-29T06:21:28.795503Z","level":"info","event":"Cosmos performance (get_cheapshark_deals__dbt_transform) -  [d2f09bca74c9|2732]: It took 0.0128s to parse the dbt project for DAG using LoadMode.DBT_LS_CACHE","logger":"cosmos.converter","filename":"converter.py","lineno":340}
{"timestamp":"2026-06-29T06:21:28.795750Z","level":"info","event":"Project /tmp/airflow/dag_bundles/my-git-repo/tracking_repo/dbt_project does not have {'dependencies.yml', 'packages.yml'}","logger":"cosmos.dbt.project","filename":"project.py","lineno":40}
{"timestamp":"2026-06-29T06:21:28.796227Z","level":"info","event":"Project /tmp/airflow/dag_bundles/my-git-repo/tracking_repo/dbt_project does not have {'dependencies.yml', 'packages.yml'}","logger":"cosmos.dbt.project","filename":"project.py","lineno":40}
{"timestamp":"2026-06-29T06:21:28.796485Z","level":"info","event":"Cosmos performance (get_cheapshark_deals__dbt_transform) - [d2f09bca74c9|2732]: It took 0.00099s to build the Airflow DAG.","logger":"cosmos.converter","filename":"converter.py","lineno":387}
{"timestamp":"2026-06-29T06:21:28.796521Z","level":"info","event":"::endgroup::Cosmos DAG parsing logs","logger":"cosmos.converter","filename":"converter.py","lineno":390}
{"timestamp":"2026-06-29T06:21:59.507409Z","level":"info","event":"Filling up the DagBag from /tmp/airflow/dag_bundles/my-git-repo/tracking_repo/airflow-dags/cheapshark/DAG_cheapshark.py","logger":"airflow.models.dagbag.DagBag","filename":"dagbag.py","lineno":593}
{"timestamp":"2026-06-29T06:21:59.899685Z","level":"info","event":"::group::Cosmos DAG parsing logs","logger":"cosmos.converter","filename":"converter.py","lineno":293}
{"timestamp":"2026-06-29T06:21:59.899994Z","level":"info","event":"Trying to parse the dbt project using dbt ls cache cosmos_cache__get_cheapshark_deals__dbt_transform...","logger":"cosmos.dbt.graph","filename":"graph.py","lineno":781}
{"timestamp":"2026-06-29T06:21:59.907106Z","level":"info","event":"Cosmos performance: time to calculate cache identifier cosmos_cache__get_cheapshark_deals__dbt_transform for current version: 0.0004296669976611156","logger":"cosmos.cache","filename":"cache.py","lineno":333}
{"timestamp":"2026-06-29T06:21:59.907172Z","level":"info","event":"Cosmos performance [d2f09bca74c9|2760]: The cache size for cosmos_cache__get_cheapshark_deals__dbt_transform is 1726","logger":"cosmos.dbt.graph","filename":"graph.py","lineno":798}
{"timestamp":"2026-06-29T06:21:59.907268Z","level":"info","event":"Cosmos performance: Cache hit for cosmos_cache__get_cheapshark_deals__dbt_transform - 5d5dc19a4d21d68d9e2dd97b4b147311,35c51d063f0c828f4111bbac634f6471","logger":"cosmos.dbt.graph","filename":"graph.py","lineno":806}
{"timestamp":"2026-06-29T06:21:59.907504Z","level":"info","event":"Total nodes: 2","logger":"cosmos.dbt.graph","filename":"graph.py","lineno":711}
{"timestamp":"2026-06-29T06:21:59.907536Z","level":"info","event":"Total filtered nodes: 2","logger":"cosmos.dbt.graph","filename":"graph.py","lineno":712}
{"timestamp":"2026-06-29T06:21:59.907570Z","level":"info","event":"Cosmos performance (get_cheapshark_deals__dbt_transform) -  [d2f09bca74c9|2760]: It took 0.0076s to parse the dbt project for DAG using LoadMode.DBT_LS_CACHE","logger":"cosmos.converter","filename":"converter.py","lineno":340}
{"timestamp":"2026-06-29T06:21:59.907788Z","level":"info","event":"Project /tmp/airflow/dag_bundles/my-git-repo/tracking_repo/dbt_project does not have {'dependencies.yml', 'packages.yml'}","logger":"cosmos.dbt.project","filename":"project.py","lineno":40}
{"timestamp":"2026-06-29T06:21:59.908202Z","level":"info","event":"Project /tmp/airflow/dag_bundles/my-git-repo/tracking_repo/dbt_project does not have {'dependencies.yml', 'packages.yml'}","logger":"cosmos.dbt.project","filename":"project.py","lineno":40}
{"timestamp":"2026-06-29T06:21:59.908432Z","level":"info","event":"Cosmos performance (get_cheapshark_deals__dbt_transform) - [d2f09bca74c9|2760]: It took 0.000857s to build the Airflow DAG.","logger":"cosmos.converter","filename":"converter.py","lineno":387}
{"timestamp":"2026-06-29T06:21:59.908471Z","level":"info","event":"::endgroup::Cosmos DAG parsing logs","logger":"cosmos.converter","filename":"converter.py","lineno":390}
{"timestamp":"2026-06-29T06:22:30.611879Z","level":"info","event":"Filling up the DagBag from /tmp/airflow/dag_bundles/my-git-repo/tracking_repo/airflow-dags/cheapshark/DAG_cheapshark.py","logger":"airflow.models.dagbag.DagBag","filename":"dagbag.py","lineno":593}
{"timestamp":"2026-06-29T06:22:30.998480Z","level":"info","event":"::group::Cosmos DAG parsing logs","logger":"cosmos.converter","filename":"converter.py","lineno":293}
{"timestamp":"2026-06-29T06:22:30.998794Z","level":"info","event":"Trying to parse the dbt project using dbt ls cache cosmos_cache__get_cheapshark_deals__dbt_transform...","logger":"cosmos.dbt.graph","filename":"graph.py","lineno":781}
{"timestamp":"2026-06-29T06:22:31.005535Z","level":"info","event":"Cosmos performance: time to calculate cache identifier cosmos_cache__get_cheapshark_deals__dbt_transform for current version: 0.00039491600182373077","logger":"cosmos.cache","filename":"cache.py","lineno":333}
{"timestamp":"2026-06-29T06:22:31.005606Z","level":"info","event":"Cosmos performance [d2f09bca74c9|2788]: The cache size for cosmos_cache__get_cheapshark_deals__dbt_transform is 1726","logger":"cosmos.dbt.graph","filename":"graph.py","lineno":798}
{"timestamp":"2026-06-29T06:22:31.005704Z","level":"info","event":"Cosmos performance: Cache hit for cosmos_cache__get_cheapshark_deals__dbt_transform - 5d5dc19a4d21d68d9e2dd97b4b147311,35c51d063f0c828f4111bbac634f6471","logger":"cosmos.dbt.graph","filename":"graph.py","lineno":806}
{"timestamp":"2026-06-29T06:22:31.005931Z","level":"info","event":"Total nodes: 2","logger":"cosmos.dbt.graph","filename":"graph.py","lineno":711}
{"timestamp":"2026-06-29T06:22:31.005964Z","level":"info","event":"Total filtered nodes: 2","logger":"cosmos.dbt.graph","filename":"graph.py","lineno":712}
{"timestamp":"2026-06-29T06:22:31.006009Z","level":"info","event":"Cosmos performance (get_cheapshark_deals__dbt_transform) -  [d2f09bca74c9|2788]: It took 0.00723s to parse the dbt project for DAG using LoadMode.DBT_LS_CACHE","logger":"cosmos.converter","filename":"converter.py","lineno":340}
{"timestamp":"2026-06-29T06:22:31.006259Z","level":"info","event":"Project /tmp/airflow/dag_bundles/my-git-repo/tracking_repo/dbt_project does not have {'dependencies.yml', 'packages.yml'}","logger":"cosmos.dbt.project","filename":"project.py","lineno":40}
{"timestamp":"2026-06-29T06:22:31.006679Z","level":"info","event":"Project /tmp/airflow/dag_bundles/my-git-repo/tracking_repo/dbt_project does not have {'dependencies.yml', 'packages.yml'}","logger":"cosmos.dbt.project","filename":"project.py","lineno":40}
{"timestamp":"2026-06-29T06:22:31.006910Z","level":"info","event":"Cosmos performance (get_cheapshark_deals__dbt_transform) - [d2f09bca74c9|2788]: It took 0.000906s to build the Airflow DAG.","logger":"cosmos.converter","filename":"converter.py","lineno":387}
{"timestamp":"2026-06-29T06:22:31.006949Z","level":"info","event":"::endgroup::Cosmos DAG parsing logs","logger":"cosmos.converter","filename":"converter.py","lineno":390}
{"timestamp":"2026-06-29T06:23:01.385679Z","level":"info","event":"Filling up the DagBag from /tmp/airflow/dag_bundles/my-git-repo/tracking_repo/airflow-dags/cheapshark/DAG_cheapshark.py","logger":"airflow.models.dagbag.DagBag","filename":"dagbag.py","lineno":593}
{"timestamp":"2026-06-29T06:23:01.768501Z","level":"info","event":"::group::Cosmos DAG parsing logs","logger":"cosmos.converter","filename":"converter.py","lineno":293}
{"timestamp":"2026-06-29T06:23:01.768846Z","level":"info","event":"Trying to parse the dbt project using dbt ls cache cosmos_cache__get_cheapshark_deals__dbt_transform...","logger":"cosmos.dbt.graph","filename":"graph.py","lineno":781}
{"timestamp":"2026-06-29T06:23:01.775344Z","level":"info","event":"Cosmos performance: time to calculate cache identifier cosmos_cache__get_cheapshark_deals__dbt_transform for current version: 0.0003647500016086269","logger":"cosmos.cache","filename":"cache.py","lineno":333}
{"timestamp":"2026-06-29T06:23:01.775403Z","level":"info","event":"Cosmos performance [d2f09bca74c9|2831]: The cache size for cosmos_cache__get_cheapshark_deals__dbt_transform is 1726","logger":"cosmos.dbt.graph","filename":"graph.py","lineno":798}
{"timestamp":"2026-06-29T06:23:01.775507Z","level":"info","event":"Cosmos performance: Cache hit for cosmos_cache__get_cheapshark_deals__dbt_transform - 5d5dc19a4d21d68d9e2dd97b4b147311,35c51d063f0c828f4111bbac634f6471","logger":"cosmos.dbt.graph","filename":"graph.py","lineno":806}
{"timestamp":"2026-06-29T06:23:01.775746Z","level":"info","event":"Total nodes: 2","logger":"cosmos.dbt.graph","filename":"graph.py","lineno":711}
{"timestamp":"2026-06-29T06:23:01.775788Z","level":"info","event":"Total filtered nodes: 2","logger":"cosmos.dbt.graph","filename":"graph.py","lineno":712}
{"timestamp":"2026-06-29T06:23:01.775830Z","level":"info","event":"Cosmos performance (get_cheapshark_deals__dbt_transform) -  [d2f09bca74c9|2831]: It took 0.00703s to parse the dbt project for DAG using LoadMode.DBT_LS_CACHE","logger":"cosmos.converter","filename":"converter.py","lineno":340}
{"timestamp":"2026-06-29T06:23:01.776057Z","level":"info","event":"Project /tmp/airflow/dag_bundles/my-git-repo/tracking_repo/dbt_project does not have {'dependencies.yml', 'packages.yml'}","logger":"cosmos.dbt.project","filename":"project.py","lineno":40}
{"timestamp":"2026-06-29T06:23:01.776479Z","level":"info","event":"Project /tmp/airflow/dag_bundles/my-git-repo/tracking_repo/dbt_project does not have {'dependencies.yml', 'packages.yml'}","logger":"cosmos.dbt.project","filename":"project.py","lineno":40}
{"timestamp":"2026-06-29T06:23:01.776722Z","level":"info","event":"Cosmos performance (get_cheapshark_deals__dbt_transform) - [d2f09bca74c9|2831]: It took 0.000873s to build the Airflow DAG.","logger":"cosmos.converter","filename":"converter.py","lineno":387}
{"timestamp":"2026-06-29T06:23:01.776753Z","level":"info","event":"::endgroup::Cosmos DAG parsing logs","logger":"cosmos.converter","filename":"converter.py","lineno":390}
{"timestamp":"2026-06-29T06:23:32.538722Z","level":"info","event":"Filling up the DagBag from /tmp/airflow/dag_bundles/my-git-repo/tracking_repo/airflow-dags/cheapshark/DAG_cheapshark.py","logger":"airflow.models.dagbag.DagBag","filename":"dagbag.py","lineno":593}
{"timestamp":"2026-06-29T06:23:32.941738Z","level":"info","event":"::group::Cosmos DAG parsing logs","logger":"cosmos.converter","filename":"converter.py","lineno":293}
{"timestamp":"2026-06-29T06:23:32.942056Z","level":"info","event":"Trying to parse the dbt project using dbt ls cache cosmos_cache__get_cheapshark_deals__dbt_transform...","logger":"cosmos.dbt.graph","filename":"graph.py","lineno":781}
{"timestamp":"2026-06-29T06:23:32.949069Z","level":"info","event":"Cosmos performance: time to calculate cache identifier cosmos_cache__get_cheapshark_deals__dbt_transform for current version: 0.00038462500015157275","logger":"cosmos.cache","filename":"cache.py","lineno":333}
{"timestamp":"2026-06-29T06:23:32.949149Z","level":"info","event":"Cosmos performance [d2f09bca74c9|2859]: The cache size for cosmos_cache__get_cheapshark_deals__dbt_transform is 1726","logger":"cosmos.dbt.graph","filename":"graph.py","lineno":798}
{"timestamp":"2026-06-29T06:23:32.949246Z","level":"info","event":"Cosmos performance: Cache hit for cosmos_cache__get_cheapshark_deals__dbt_transform - 5d5dc19a4d21d68d9e2dd97b4b147311,35c51d063f0c828f4111bbac634f6471","logger":"cosmos.dbt.graph","filename":"graph.py","lineno":806}
{"timestamp":"2026-06-29T06:23:32.950486Z","level":"info","event":"Total nodes: 2","logger":"cosmos.dbt.graph","filename":"graph.py","lineno":711}
{"timestamp":"2026-06-29T06:23:32.950534Z","level":"info","event":"Total filtered nodes: 2","logger":"cosmos.dbt.graph","filename":"graph.py","lineno":712}
{"timestamp":"2026-06-29T06:23:32.950575Z","level":"info","event":"Cosmos performance (get_cheapshark_deals__dbt_transform) -  [d2f09bca74c9|2859]: It took 0.00855s to parse the dbt project for DAG using LoadMode.DBT_LS_CACHE","logger":"cosmos.converter","filename":"converter.py","lineno":340}
{"timestamp":"2026-06-29T06:23:32.950786Z","level":"info","event":"Project /tmp/airflow/dag_bundles/my-git-repo/tracking_repo/dbt_project does not have {'dependencies.yml', 'packages.yml'}","logger":"cosmos.dbt.project","filename":"project.py","lineno":40}
{"timestamp":"2026-06-29T06:23:32.951218Z","level":"info","event":"Project /tmp/airflow/dag_bundles/my-git-repo/tracking_repo/dbt_project does not have {'dependencies.yml', 'packages.yml'}","logger":"cosmos.dbt.project","filename":"project.py","lineno":40}
{"timestamp":"2026-06-29T06:23:32.951459Z","level":"info","event":"Cosmos performance (get_cheapshark_deals__dbt_transform) - [d2f09bca74c9|2859]: It took 0.000887s to build the Airflow DAG.","logger":"cosmos.converter","filename":"converter.py","lineno":387}
{"timestamp":"2026-06-29T06:23:32.951494Z","level":"info","event":"::endgroup::Cosmos DAG parsing logs","logger":"cosmos.converter","filename":"converter.py","lineno":390}
{"timestamp":"2026-06-29T06:24:03.686717Z","level":"info","event":"Filling up the DagBag from /tmp/airflow/dag_bundles/my-git-repo/tracking_repo/airflow-dags/cheapshark/DAG_cheapshark.py","logger":"airflow.models.dagbag.DagBag","filename":"dagbag.py","lineno":593}
{"timestamp":"2026-06-29T06:24:04.079009Z","level":"info","event":"::group::Cosmos DAG parsing logs","logger":"cosmos.converter","filename":"converter.py","lineno":293}
{"timestamp":"2026-06-29T06:24:04.079368Z","level":"info","event":"Trying to parse the dbt project using dbt ls cache cosmos_cache__get_cheapshark_deals__dbt_transform...","logger":"cosmos.dbt.graph","filename":"graph.py","lineno":781}
{"timestamp":"2026-06-29T06:24:04.086215Z","level":"info","event":"Cosmos performance: time to calculate cache identifier cosmos_cache__get_cheapshark_deals__dbt_transform for current version: 0.00037808300112374127","logger":"cosmos.cache","filename":"cache.py","lineno":333}
{"timestamp":"2026-06-29T06:24:04.086280Z","level":"info","event":"Cosmos performance [d2f09bca74c9|2887]: The cache size for cosmos_cache__get_cheapshark_deals__dbt_transform is 1726","logger":"cosmos.dbt.graph","filename":"graph.py","lineno":798}
{"timestamp":"2026-06-29T06:24:04.086388Z","level":"info","event":"Cosmos performance: Cache hit for cosmos_cache__get_cheapshark_deals__dbt_transform - 5d5dc19a4d21d68d9e2dd97b4b147311,35c51d063f0c828f4111bbac634f6471","logger":"cosmos.dbt.graph","filename":"graph.py","lineno":806}
{"timestamp":"2026-06-29T06:24:04.086629Z","level":"info","event":"Total nodes: 2","logger":"cosmos.dbt.graph","filename":"graph.py","lineno":711}
{"timestamp":"2026-06-29T06:24:04.086668Z","level":"info","event":"Total filtered nodes: 2","logger":"cosmos.dbt.graph","filename":"graph.py","lineno":712}
{"timestamp":"2026-06-29T06:24:04.086707Z","level":"info","event":"Cosmos performance (get_cheapshark_deals__dbt_transform) -  [d2f09bca74c9|2887]: It took 0.00737s to parse the dbt project for DAG using LoadMode.DBT_LS_CACHE","logger":"cosmos.converter","filename":"converter.py","lineno":340}
{"timestamp":"2026-06-29T06:24:04.086907Z","level":"info","event":"Project /tmp/airflow/dag_bundles/my-git-repo/tracking_repo/dbt_project does not have {'dependencies.yml', 'packages.yml'}","logger":"cosmos.dbt.project","filename":"project.py","lineno":40}
{"timestamp":"2026-06-29T06:24:04.087335Z","level":"info","event":"Project /tmp/airflow/dag_bundles/my-git-repo/tracking_repo/dbt_project does not have {'dependencies.yml', 'packages.yml'}","logger":"cosmos.dbt.project","filename":"project.py","lineno":40}
{"timestamp":"2026-06-29T06:24:04.087573Z","level":"info","event":"Cosmos performance (get_cheapshark_deals__dbt_transform) - [d2f09bca74c9|2887]: It took 0.000868s to build the Airflow DAG.","logger":"cosmos.converter","filename":"converter.py","lineno":387}
{"timestamp":"2026-06-29T06:24:04.087604Z","level":"info","event":"::endgroup::Cosmos DAG parsing logs","logger":"cosmos.converter","filename":"converter.py","lineno":390}
{"timestamp":"2026-06-29T06:24:34.809904Z","level":"info","event":"Filling up the DagBag from /tmp/airflow/dag_bundles/my-git-repo/tracking_repo/airflow-dags/cheapshark/DAG_cheapshark.py","logger":"airflow.models.dagbag.DagBag","filename":"dagbag.py","lineno":593}
{"timestamp":"2026-06-29T06:24:35.257575Z","level":"info","event":"::group::Cosmos DAG parsing logs","logger":"cosmos.converter","filename":"converter.py","lineno":293}
{"timestamp":"2026-06-29T06:24:35.257927Z","level":"info","event":"Trying to parse the dbt project using dbt ls cache cosmos_cache__get_cheapshark_deals__dbt_transform...","logger":"cosmos.dbt.graph","filename":"graph.py","lineno":781}
{"timestamp":"2026-06-29T06:24:35.264954Z","level":"info","event":"Cosmos performance: time to calculate cache identifier cosmos_cache__get_cheapshark_deals__dbt_transform for current version: 0.0005931250016146805","logger":"cosmos.cache","filename":"cache.py","lineno":333}
{"timestamp":"2026-06-29T06:24:35.265006Z","level":"info","event":"Cosmos performance [d2f09bca74c9|2915]: The cache size for cosmos_cache__get_cheapshark_deals__dbt_transform is 1726","logger":"cosmos.dbt.graph","filename":"graph.py","lineno":798}
{"timestamp":"2026-06-29T06:24:35.265116Z","level":"info","event":"Cosmos performance: Cache hit for cosmos_cache__get_cheapshark_deals__dbt_transform - 5d5dc19a4d21d68d9e2dd97b4b147311,35c51d063f0c828f4111bbac634f6471","logger":"cosmos.dbt.graph","filename":"graph.py","lineno":806}
{"timestamp":"2026-06-29T06:24:35.265353Z","level":"info","event":"Total nodes: 2","logger":"cosmos.dbt.graph","filename":"graph.py","lineno":711}
{"timestamp":"2026-06-29T06:24:35.265392Z","level":"info","event":"Total filtered nodes: 2","logger":"cosmos.dbt.graph","filename":"graph.py","lineno":712}
{"timestamp":"2026-06-29T06:24:35.265436Z","level":"info","event":"Cosmos performance (get_cheapshark_deals__dbt_transform) -  [d2f09bca74c9|2915]: It took 0.00753s to parse the dbt project for DAG using LoadMode.DBT_LS_CACHE","logger":"cosmos.converter","filename":"converter.py","lineno":340}
{"timestamp":"2026-06-29T06:24:35.265643Z","level":"info","event":"Project /tmp/airflow/dag_bundles/my-git-repo/tracking_repo/dbt_project does not have {'dependencies.yml', 'packages.yml'}","logger":"cosmos.dbt.project","filename":"project.py","lineno":40}
{"timestamp":"2026-06-29T06:24:35.266048Z","level":"info","event":"Project /tmp/airflow/dag_bundles/my-git-repo/tracking_repo/dbt_project does not have {'dependencies.yml', 'packages.yml'}","logger":"cosmos.dbt.project","filename":"project.py","lineno":40}
{"timestamp":"2026-06-29T06:24:35.266317Z","level":"info","event":"Cosmos performance (get_cheapshark_deals__dbt_transform) - [d2f09bca74c9|2915]: It took 0.000881s to build the Airflow DAG.","logger":"cosmos.converter","filename":"converter.py","lineno":387}
{"timestamp":"2026-06-29T06:24:35.266355Z","level":"info","event":"::endgroup::Cosmos DAG parsing logs","logger":"cosmos.converter","filename":"converter.py","lineno":390}
{"timestamp":"2026-06-29T06:25:05.620046Z","level":"info","event":"Filling up the DagBag from /tmp/airflow/dag_bundles/my-git-repo/tracking_repo/airflow-dags/cheapshark/DAG_cheapshark.py","logger":"airflow.models.dagbag.DagBag","filename":"dagbag.py","lineno":593}
{"timestamp":"2026-06-29T06:25:06.018322Z","level":"info","event":"::group::Cosmos DAG parsing logs","logger":"cosmos.converter","filename":"converter.py","lineno":293}
{"timestamp":"2026-06-29T06:25:06.018679Z","level":"info","event":"Trying to parse the dbt project using dbt ls cache cosmos_cache__get_cheapshark_deals__dbt_transform...","logger":"cosmos.dbt.graph","filename":"graph.py","lineno":781}
{"timestamp":"2026-06-29T06:25:06.027518Z","level":"info","event":"Cosmos performance: time to calculate cache identifier cosmos_cache__get_cheapshark_deals__dbt_transform for current version: 0.00042537499757600017","logger":"cosmos.cache","filename":"cache.py","lineno":333}
{"timestamp":"2026-06-29T06:25:06.027589Z","level":"info","event":"Cosmos performance [d2f09bca74c9|2958]: The cache size for cosmos_cache__get_cheapshark_deals__dbt_transform is 1726","logger":"cosmos.dbt.graph","filename":"graph.py","lineno":798}
{"timestamp":"2026-06-29T06:25:06.027696Z","level":"info","event":"Cosmos performance: Cache hit for cosmos_cache__get_cheapshark_deals__dbt_transform - 5d5dc19a4d21d68d9e2dd97b4b147311,35c51d063f0c828f4111bbac634f6471","logger":"cosmos.dbt.graph","filename":"graph.py","lineno":806}
{"timestamp":"2026-06-29T06:25:06.027996Z","level":"info","event":"Total nodes: 2","logger":"cosmos.dbt.graph","filename":"graph.py","lineno":711}
{"timestamp":"2026-06-29T06:25:06.028036Z","level":"info","event":"Total filtered nodes: 2","logger":"cosmos.dbt.graph","filename":"graph.py","lineno":712}
{"timestamp":"2026-06-29T06:25:06.028077Z","level":"info","event":"Cosmos performance (get_cheapshark_deals__dbt_transform) -  [d2f09bca74c9|2958]: It took 0.00943s to parse the dbt project for DAG using LoadMode.DBT_LS_CACHE","logger":"cosmos.converter","filename":"converter.py","lineno":340}
{"timestamp":"2026-06-29T06:25:06.028294Z","level":"info","event":"Project /tmp/airflow/dag_bundles/my-git-repo/tracking_repo/dbt_project does not have {'dependencies.yml', 'packages.yml'}","logger":"cosmos.dbt.project","filename":"project.py","lineno":40}
{"timestamp":"2026-06-29T06:25:06.028735Z","level":"info","event":"Project /tmp/airflow/dag_bundles/my-git-repo/tracking_repo/dbt_project does not have {'dependencies.yml', 'packages.yml'}","logger":"cosmos.dbt.project","filename":"project.py","lineno":40}
{"timestamp":"2026-06-29T06:25:06.028992Z","level":"info","event":"Cosmos performance (get_cheapshark_deals__dbt_transform) - [d2f09bca74c9|2958]: It took 0.000913s to build the Airflow DAG.","logger":"cosmos.converter","filename":"converter.py","lineno":387}
{"timestamp":"2026-06-29T06:25:06.029024Z","level":"info","event":"::endgroup::Cosmos DAG parsing logs","logger":"cosmos.converter","filename":"converter.py","lineno":390}
{"timestamp":"2026-06-29T06:25:36.768427Z","level":"info","event":"Filling up the DagBag from /tmp/airflow/dag_bundles/my-git-repo/tracking_repo/airflow-dags/cheapshark/DAG_cheapshark.py","logger":"airflow.models.dagbag.DagBag","filename":"dagbag.py","lineno":593}
{"timestamp":"2026-06-29T06:25:37.169959Z","level":"info","event":"::group::Cosmos DAG parsing logs","logger":"cosmos.converter","filename":"converter.py","lineno":293}
{"timestamp":"2026-06-29T06:25:37.170459Z","level":"info","event":"Trying to parse the dbt project using dbt ls cache cosmos_cache__get_cheapshark_deals__dbt_transform...","logger":"cosmos.dbt.graph","filename":"graph.py","lineno":781}
{"timestamp":"2026-06-29T06:25:37.179081Z","level":"info","event":"Cosmos performance: time to calculate cache identifier cosmos_cache__get_cheapshark_deals__dbt_transform for current version: 0.0003825000021606684","logger":"cosmos.cache","filename":"cache.py","lineno":333}
{"timestamp":"2026-06-29T06:25:37.179148Z","level":"info","event":"Cosmos performance [d2f09bca74c9|2986]: The cache size for cosmos_cache__get_cheapshark_deals__dbt_transform is 1726","logger":"cosmos.dbt.graph","filename":"graph.py","lineno":798}
{"timestamp":"2026-06-29T06:25:37.179260Z","level":"info","event":"Cosmos performance: Cache hit for cosmos_cache__get_cheapshark_deals__dbt_transform - 5d5dc19a4d21d68d9e2dd97b4b147311,35c51d063f0c828f4111bbac634f6471","logger":"cosmos.dbt.graph","filename":"graph.py","lineno":806}
{"timestamp":"2026-06-29T06:25:37.179580Z","level":"info","event":"Total nodes: 2","logger":"cosmos.dbt.graph","filename":"graph.py","lineno":711}
{"timestamp":"2026-06-29T06:25:37.179617Z","level":"info","event":"Total filtered nodes: 2","logger":"cosmos.dbt.graph","filename":"graph.py","lineno":712}
{"timestamp":"2026-06-29T06:25:37.179664Z","level":"info","event":"Cosmos performance (get_cheapshark_deals__dbt_transform) -  [d2f09bca74c9|2986]: It took 0.00923s to parse the dbt project for DAG using LoadMode.DBT_LS_CACHE","logger":"cosmos.converter","filename":"converter.py","lineno":340}
{"timestamp":"2026-06-29T06:25:37.179875Z","level":"info","event":"Project /tmp/airflow/dag_bundles/my-git-repo/tracking_repo/dbt_project does not have {'dependencies.yml', 'packages.yml'}","logger":"cosmos.dbt.project","filename":"project.py","lineno":40}
{"timestamp":"2026-06-29T06:25:37.180304Z","level":"info","event":"Project /tmp/airflow/dag_bundles/my-git-repo/tracking_repo/dbt_project does not have {'dependencies.yml', 'packages.yml'}","logger":"cosmos.dbt.project","filename":"project.py","lineno":40}
{"timestamp":"2026-06-29T06:25:37.180554Z","level":"info","event":"Cosmos performance (get_cheapshark_deals__dbt_transform) - [d2f09bca74c9|2986]: It took 0.0009s to build the Airflow DAG.","logger":"cosmos.converter","filename":"converter.py","lineno":387}
{"timestamp":"2026-06-29T06:25:37.180585Z","level":"info","event":"::endgroup::Cosmos DAG parsing logs","logger":"cosmos.converter","filename":"converter.py","lineno":390}
{"timestamp":"2026-06-29T06:26:07.945133Z","level":"info","event":"Filling up the DagBag from /tmp/airflow/dag_bundles/my-git-repo/tracking_repo/airflow-dags/cheapshark/DAG_cheapshark.py","logger":"airflow.models.dagbag.DagBag","filename":"dagbag.py","lineno":593}
{"timestamp":"2026-06-29T06:26:08.342893Z","level":"info","event":"::group::Cosmos DAG parsing logs","logger":"cosmos.converter","filename":"converter.py","lineno":293}
{"timestamp":"2026-06-29T06:26:08.343210Z","level":"info","event":"Trying to parse the dbt project using dbt ls cache cosmos_cache__get_cheapshark_deals__dbt_transform...","logger":"cosmos.dbt.graph","filename":"graph.py","lineno":781}
{"timestamp":"2026-06-29T06:26:08.350001Z","level":"info","event":"Cosmos performance: time to calculate cache identifier cosmos_cache__get_cheapshark_deals__dbt_transform for current version: 0.0003587499995774124","logger":"cosmos.cache","filename":"cache.py","lineno":333}
{"timestamp":"2026-06-29T06:26:08.350067Z","level":"info","event":"Cosmos performance [d2f09bca74c9|3014]: The cache size for cosmos_cache__get_cheapshark_deals__dbt_transform is 1726","logger":"cosmos.dbt.graph","filename":"graph.py","lineno":798}
{"timestamp":"2026-06-29T06:26:08.350180Z","level":"info","event":"Cosmos performance: Cache hit for cosmos_cache__get_cheapshark_deals__dbt_transform - 5d5dc19a4d21d68d9e2dd97b4b147311,35c51d063f0c828f4111bbac634f6471","logger":"cosmos.dbt.graph","filename":"graph.py","lineno":806}
{"timestamp":"2026-06-29T06:26:08.351524Z","level":"info","event":"Total nodes: 2","logger":"cosmos.dbt.graph","filename":"graph.py","lineno":711}
{"timestamp":"2026-06-29T06:26:08.351569Z","level":"info","event":"Total filtered nodes: 2","logger":"cosmos.dbt.graph","filename":"graph.py","lineno":712}
{"timestamp":"2026-06-29T06:26:08.351614Z","level":"info","event":"Cosmos performance (get_cheapshark_deals__dbt_transform) -  [d2f09bca74c9|3014]: It took 0.00842s to parse the dbt project for DAG using LoadMode.DBT_LS_CACHE","logger":"cosmos.converter","filename":"converter.py","lineno":340}
{"timestamp":"2026-06-29T06:26:08.351822Z","level":"info","event":"Project /tmp/airflow/dag_bundles/my-git-repo/tracking_repo/dbt_project does not have {'dependencies.yml', 'packages.yml'}","logger":"cosmos.dbt.project","filename":"project.py","lineno":40}
{"timestamp":"2026-06-29T06:26:08.352253Z","level":"info","event":"Project /tmp/airflow/dag_bundles/my-git-repo/tracking_repo/dbt_project does not have {'dependencies.yml', 'packages.yml'}","logger":"cosmos.dbt.project","filename":"project.py","lineno":40}
{"timestamp":"2026-06-29T06:26:08.352494Z","level":"info","event":"Cosmos performance (get_cheapshark_deals__dbt_transform) - [d2f09bca74c9|3014]: It took 0.000882s to build the Airflow DAG.","logger":"cosmos.converter","filename":"converter.py","lineno":387}
{"timestamp":"2026-06-29T06:26:08.352531Z","level":"info","event":"::endgroup::Cosmos DAG parsing logs","logger":"cosmos.converter","filename":"converter.py","lineno":390}
{"timestamp":"2026-06-29T06:26:39.091692Z","level":"info","event":"Filling up the DagBag from /tmp/airflow/dag_bundles/my-git-repo/tracking_repo/airflow-dags/cheapshark/DAG_cheapshark.py","logger":"airflow.models.dagbag.DagBag","filename":"dagbag.py","lineno":593}
{"timestamp":"2026-06-29T06:26:39.483143Z","level":"info","event":"::group::Cosmos DAG parsing logs","logger":"cosmos.converter","filename":"converter.py","lineno":293}
{"timestamp":"2026-06-29T06:26:39.483433Z","level":"info","event":"Trying to parse the dbt project using dbt ls cache cosmos_cache__get_cheapshark_deals__dbt_transform...","logger":"cosmos.dbt.graph","filename":"graph.py","lineno":781}
{"timestamp":"2026-06-29T06:26:39.490231Z","level":"info","event":"Cosmos performance: time to calculate cache identifier cosmos_cache__get_cheapshark_deals__dbt_transform for current version: 0.00043520899998839013","logger":"cosmos.cache","filename":"cache.py","lineno":333}
{"timestamp":"2026-06-29T06:26:39.490288Z","level":"info","event":"Cosmos performance [d2f09bca74c9|3042]: The cache size for cosmos_cache__get_cheapshark_deals__dbt_transform is 1726","logger":"cosmos.dbt.graph","filename":"graph.py","lineno":798}
{"timestamp":"2026-06-29T06:26:39.490384Z","level":"info","event":"Cosmos performance: Cache hit for cosmos_cache__get_cheapshark_deals__dbt_transform - 5d5dc19a4d21d68d9e2dd97b4b147311,35c51d063f0c828f4111bbac634f6471","logger":"cosmos.dbt.graph","filename":"graph.py","lineno":806}
{"timestamp":"2026-06-29T06:26:39.490631Z","level":"info","event":"Total nodes: 2","logger":"cosmos.dbt.graph","filename":"graph.py","lineno":711}
{"timestamp":"2026-06-29T06:26:39.490662Z","level":"info","event":"Total filtered nodes: 2","logger":"cosmos.dbt.graph","filename":"graph.py","lineno":712}
{"timestamp":"2026-06-29T06:26:39.490701Z","level":"info","event":"Cosmos performance (get_cheapshark_deals__dbt_transform) -  [d2f09bca74c9|3042]: It took 0.00728s to parse the dbt project for DAG using LoadMode.DBT_LS_CACHE","logger":"cosmos.converter","filename":"converter.py","lineno":340}
{"timestamp":"2026-06-29T06:26:39.490913Z","level":"info","event":"Project /tmp/airflow/dag_bundles/my-git-repo/tracking_repo/dbt_project does not have {'dependencies.yml', 'packages.yml'}","logger":"cosmos.dbt.project","filename":"project.py","lineno":40}
{"timestamp":"2026-06-29T06:26:39.491334Z","level":"info","event":"Project /tmp/airflow/dag_bundles/my-git-repo/tracking_repo/dbt_project does not have {'dependencies.yml', 'packages.yml'}","logger":"cosmos.dbt.project","filename":"project.py","lineno":40}
{"timestamp":"2026-06-29T06:26:39.491572Z","level":"info","event":"Cosmos performance (get_cheapshark_deals__dbt_transform) - [d2f09bca74c9|3042]: It took 0.000872s to build the Airflow DAG.","logger":"cosmos.converter","filename":"converter.py","lineno":387}
{"timestamp":"2026-06-29T06:26:39.491604Z","level":"info","event":"::endgroup::Cosmos DAG parsing logs","logger":"cosmos.converter","filename":"converter.py","lineno":390}
{"timestamp":"2026-06-29T06:27:09.829472Z","level":"info","event":"Filling up the DagBag from /tmp/airflow/dag_bundles/my-git-repo/tracking_repo/airflow-dags/cheapshark/DAG_cheapshark.py","logger":"airflow.models.dagbag.DagBag","filename":"dagbag.py","lineno":593}
{"timestamp":"2026-06-29T06:27:10.222674Z","level":"info","event":"::group::Cosmos DAG parsing logs","logger":"cosmos.converter","filename":"converter.py","lineno":293}
{"timestamp":"2026-06-29T06:27:10.222983Z","level":"info","event":"Trying to parse the dbt project using dbt ls cache cosmos_cache__get_cheapshark_deals__dbt_transform...","logger":"cosmos.dbt.graph","filename":"graph.py","lineno":781}
{"timestamp":"2026-06-29T06:27:10.230152Z","level":"info","event":"Cosmos performance: time to calculate cache identifier cosmos_cache__get_cheapshark_deals__dbt_transform for current version: 0.00035837499672197737","logger":"cosmos.cache","filename":"cache.py","lineno":333}
{"timestamp":"2026-06-29T06:27:10.230212Z","level":"info","event":"Cosmos performance [d2f09bca74c9|3084]: The cache size for cosmos_cache__get_cheapshark_deals__dbt_transform is 1726","logger":"cosmos.dbt.graph","filename":"graph.py","lineno":798}
{"timestamp":"2026-06-29T06:27:10.230310Z","level":"info","event":"Cosmos performance: Cache hit for cosmos_cache__get_cheapshark_deals__dbt_transform - 5d5dc19a4d21d68d9e2dd97b4b147311,35c51d063f0c828f4111bbac634f6471","logger":"cosmos.dbt.graph","filename":"graph.py","lineno":806}
{"timestamp":"2026-06-29T06:27:10.230580Z","level":"info","event":"Total nodes: 2","logger":"cosmos.dbt.graph","filename":"graph.py","lineno":711}
{"timestamp":"2026-06-29T06:27:10.230612Z","level":"info","event":"Total filtered nodes: 2","logger":"cosmos.dbt.graph","filename":"graph.py","lineno":712}
{"timestamp":"2026-06-29T06:27:10.230652Z","level":"info","event":"Cosmos performance (get_cheapshark_deals__dbt_transform) -  [d2f09bca74c9|3084]: It took 0.00769s to parse the dbt project for DAG using LoadMode.DBT_LS_CACHE","logger":"cosmos.converter","filename":"converter.py","lineno":340}
{"timestamp":"2026-06-29T06:27:10.230871Z","level":"info","event":"Project /tmp/airflow/dag_bundles/my-git-repo/tracking_repo/dbt_project does not have {'dependencies.yml', 'packages.yml'}","logger":"cosmos.dbt.project","filename":"project.py","lineno":40}
{"timestamp":"2026-06-29T06:27:10.231261Z","level":"info","event":"Project /tmp/airflow/dag_bundles/my-git-repo/tracking_repo/dbt_project does not have {'dependencies.yml', 'packages.yml'}","logger":"cosmos.dbt.project","filename":"project.py","lineno":40}
{"timestamp":"2026-06-29T06:27:10.231508Z","level":"info","event":"Cosmos performance (get_cheapshark_deals__dbt_transform) - [d2f09bca74c9|3084]: It took 0.000858s to build the Airflow DAG.","logger":"cosmos.converter","filename":"converter.py","lineno":387}
{"timestamp":"2026-06-29T06:27:10.231538Z","level":"info","event":"::endgroup::Cosmos DAG parsing logs","logger":"cosmos.converter","filename":"converter.py","lineno":390}
{"timestamp":"2026-06-29T06:27:40.938086Z","level":"info","event":"Filling up the DagBag from /tmp/airflow/dag_bundles/my-git-repo/tracking_repo/airflow-dags/cheapshark/DAG_cheapshark.py","logger":"airflow.models.dagbag.DagBag","filename":"dagbag.py","lineno":593}
{"timestamp":"2026-06-29T06:27:41.319993Z","level":"info","event":"::group::Cosmos DAG parsing logs","logger":"cosmos.converter","filename":"converter.py","lineno":293}
{"timestamp":"2026-06-29T06:27:41.320304Z","level":"info","event":"Trying to parse the dbt project using dbt ls cache cosmos_cache__get_cheapshark_deals__dbt_transform...","logger":"cosmos.dbt.graph","filename":"graph.py","lineno":781}
{"timestamp":"2026-06-29T06:27:41.329350Z","level":"info","event":"Cosmos performance: time to calculate cache identifier cosmos_cache__get_cheapshark_deals__dbt_transform for current version: 0.0005402499991760124","logger":"cosmos.cache","filename":"cache.py","lineno":333}
{"timestamp":"2026-06-29T06:27:41.329429Z","level":"info","event":"Cosmos performance [d2f09bca74c9|3112]: The cache size for cosmos_cache__get_cheapshark_deals__dbt_transform is 1726","logger":"cosmos.dbt.graph","filename":"graph.py","lineno":798}
{"timestamp":"2026-06-29T06:27:41.329562Z","level":"info","event":"Cosmos performance: Cache hit for cosmos_cache__get_cheapshark_deals__dbt_transform - 5d5dc19a4d21d68d9e2dd97b4b147311,35c51d063f0c828f4111bbac634f6471","logger":"cosmos.dbt.graph","filename":"graph.py","lineno":806}
{"timestamp":"2026-06-29T06:27:41.329879Z","level":"info","event":"Total nodes: 2","logger":"cosmos.dbt.graph","filename":"graph.py","lineno":711}
{"timestamp":"2026-06-29T06:27:41.329914Z","level":"info","event":"Total filtered nodes: 2","logger":"cosmos.dbt.graph","filename":"graph.py","lineno":712}
{"timestamp":"2026-06-29T06:27:41.329951Z","level":"info","event":"Cosmos performance (get_cheapshark_deals__dbt_transform) -  [d2f09bca74c9|3112]: It took 0.00967s to parse the dbt project for DAG using LoadMode.DBT_LS_CACHE","logger":"cosmos.converter","filename":"converter.py","lineno":340}
{"timestamp":"2026-06-29T06:27:41.330176Z","level":"info","event":"Project /tmp/airflow/dag_bundles/my-git-repo/tracking_repo/dbt_project does not have {'dependencies.yml', 'packages.yml'}","logger":"cosmos.dbt.project","filename":"project.py","lineno":40}
{"timestamp":"2026-06-29T06:27:41.330632Z","level":"info","event":"Project /tmp/airflow/dag_bundles/my-git-repo/tracking_repo/dbt_project does not have {'dependencies.yml', 'packages.yml'}","logger":"cosmos.dbt.project","filename":"project.py","lineno":40}
{"timestamp":"2026-06-29T06:27:41.330892Z","level":"info","event":"Cosmos performance (get_cheapshark_deals__dbt_transform) - [d2f09bca74c9|3112]: It took 0.000935s to build the Airflow DAG.","logger":"cosmos.converter","filename":"converter.py","lineno":387}
{"timestamp":"2026-06-29T06:27:41.330932Z","level":"info","event":"::endgroup::Cosmos DAG parsing logs","logger":"cosmos.converter","filename":"converter.py","lineno":390}
{"timestamp":"2026-06-29T06:28:12.040364Z","level":"info","event":"Filling up the DagBag from /tmp/airflow/dag_bundles/my-git-repo/tracking_repo/airflow-dags/cheapshark/DAG_cheapshark.py","logger":"airflow.models.dagbag.DagBag","filename":"dagbag.py","lineno":593}
{"timestamp":"2026-06-29T06:28:12.547843Z","level":"info","event":"::group::Cosmos DAG parsing logs","logger":"cosmos.converter","filename":"converter.py","lineno":293}
{"timestamp":"2026-06-29T06:28:12.548239Z","level":"info","event":"Trying to parse the dbt project using dbt ls cache cosmos_cache__get_cheapshark_deals__dbt_transform...","logger":"cosmos.dbt.graph","filename":"graph.py","lineno":781}
{"timestamp":"2026-06-29T06:28:12.568017Z","level":"info","event":"Cosmos performance: time to calculate cache identifier cosmos_cache__get_cheapshark_deals__dbt_transform for current version: 0.00044733399772667326","logger":"cosmos.cache","filename":"cache.py","lineno":333}
{"timestamp":"2026-06-29T06:28:12.568109Z","level":"info","event":"Cosmos performance [d2f09bca74c9|3140]: The cache size for cosmos_cache__get_cheapshark_deals__dbt_transform is 1726","logger":"cosmos.dbt.graph","filename":"graph.py","lineno":798}
{"timestamp":"2026-06-29T06:28:12.568281Z","level":"info","event":"Cosmos performance: Cache hit for cosmos_cache__get_cheapshark_deals__dbt_transform - 5d5dc19a4d21d68d9e2dd97b4b147311,35c51d063f0c828f4111bbac634f6471","logger":"cosmos.dbt.graph","filename":"graph.py","lineno":806}
{"timestamp":"2026-06-29T06:28:12.568699Z","level":"info","event":"Total nodes: 2","logger":"cosmos.dbt.graph","filename":"graph.py","lineno":711}
{"timestamp":"2026-06-29T06:28:12.568736Z","level":"info","event":"Total filtered nodes: 2","logger":"cosmos.dbt.graph","filename":"graph.py","lineno":712}
{"timestamp":"2026-06-29T06:28:12.568779Z","level":"info","event":"Cosmos performance (get_cheapshark_deals__dbt_transform) -  [d2f09bca74c9|3140]: It took 0.0206s to parse the dbt project for DAG using LoadMode.DBT_LS_CACHE","logger":"cosmos.converter","filename":"converter.py","lineno":340}
{"timestamp":"2026-06-29T06:28:12.569016Z","level":"info","event":"Project /tmp/airflow/dag_bundles/my-git-repo/tracking_repo/dbt_project does not have {'dependencies.yml', 'packages.yml'}","logger":"cosmos.dbt.project","filename":"project.py","lineno":40}
{"timestamp":"2026-06-29T06:28:12.569511Z","level":"info","event":"Project /tmp/airflow/dag_bundles/my-git-repo/tracking_repo/dbt_project does not have {'dependencies.yml', 'packages.yml'}","logger":"cosmos.dbt.project","filename":"project.py","lineno":40}
{"timestamp":"2026-06-29T06:28:12.569805Z","level":"info","event":"Cosmos performance (get_cheapshark_deals__dbt_transform) - [d2f09bca74c9|3140]: It took 0.00103s to build the Airflow DAG.","logger":"cosmos.converter","filename":"converter.py","lineno":387}
{"timestamp":"2026-06-29T06:28:12.569834Z","level":"info","event":"::endgroup::Cosmos DAG parsing logs","logger":"cosmos.converter","filename":"converter.py","lineno":390}
{"timestamp":"2026-06-29T06:28:43.330978Z","level":"info","event":"Filling up the DagBag from /tmp/airflow/dag_bundles/my-git-repo/tracking_repo/airflow-dags/cheapshark/DAG_cheapshark.py","logger":"airflow.models.dagbag.DagBag","filename":"dagbag.py","lineno":593}
{"timestamp":"2026-06-29T06:28:43.787529Z","level":"info","event":"::group::Cosmos DAG parsing logs","logger":"cosmos.converter","filename":"converter.py","lineno":293}
{"timestamp":"2026-06-29T06:28:43.787825Z","level":"info","event":"Trying to parse the dbt project using dbt ls cache cosmos_cache__get_cheapshark_deals__dbt_transform...","logger":"cosmos.dbt.graph","filename":"graph.py","lineno":781}
{"timestamp":"2026-06-29T06:28:43.802147Z","level":"info","event":"Cosmos performance: time to calculate cache identifier cosmos_cache__get_cheapshark_deals__dbt_transform for current version: 0.0003590829983295407","logger":"cosmos.cache","filename":"cache.py","lineno":333}
{"timestamp":"2026-06-29T06:28:43.802210Z","level":"info","event":"Cosmos performance [d2f09bca74c9|3167]: The cache size for cosmos_cache__get_cheapshark_deals__dbt_transform is 1726","logger":"cosmos.dbt.graph","filename":"graph.py","lineno":798}
{"timestamp":"2026-06-29T06:28:43.802310Z","level":"info","event":"Cosmos performance: Cache hit for cosmos_cache__get_cheapshark_deals__dbt_transform - 5d5dc19a4d21d68d9e2dd97b4b147311,35c51d063f0c828f4111bbac634f6471","logger":"cosmos.dbt.graph","filename":"graph.py","lineno":806}
{"timestamp":"2026-06-29T06:28:43.802552Z","level":"info","event":"Total nodes: 2","logger":"cosmos.dbt.graph","filename":"graph.py","lineno":711}
{"timestamp":"2026-06-29T06:28:43.802584Z","level":"info","event":"Total filtered nodes: 2","logger":"cosmos.dbt.graph","filename":"graph.py","lineno":712}
{"timestamp":"2026-06-29T06:28:43.802621Z","level":"info","event":"Cosmos performance (get_cheapshark_deals__dbt_transform) -  [d2f09bca74c9|3167]: It took 0.0148s to parse the dbt project for DAG using LoadMode.DBT_LS_CACHE","logger":"cosmos.converter","filename":"converter.py","lineno":340}
{"timestamp":"2026-06-29T06:28:43.802816Z","level":"info","event":"Project /tmp/airflow/dag_bundles/my-git-repo/tracking_repo/dbt_project does not have {'dependencies.yml', 'packages.yml'}","logger":"cosmos.dbt.project","filename":"project.py","lineno":40}
{"timestamp":"2026-06-29T06:28:43.803206Z","level":"info","event":"Project /tmp/airflow/dag_bundles/my-git-repo/tracking_repo/dbt_project does not have {'dependencies.yml', 'packages.yml'}","logger":"cosmos.dbt.project","filename":"project.py","lineno":40}
{"timestamp":"2026-06-29T06:28:43.803431Z","level":"info","event":"Cosmos performance (get_cheapshark_deals__dbt_transform) - [d2f09bca74c9|3167]: It took 0.000812s to build the Airflow DAG.","logger":"cosmos.converter","filename":"converter.py","lineno":387}
{"timestamp":"2026-06-29T06:28:43.803461Z","level":"info","event":"::endgroup::Cosmos DAG parsing logs","logger":"cosmos.converter","filename":"converter.py","lineno":390}
{"timestamp":"2026-06-29T06:29:14.188341Z","level":"info","event":"Filling up the DagBag from /tmp/airflow/dag_bundles/my-git-repo/tracking_repo/airflow-dags/cheapshark/DAG_cheapshark.py","logger":"airflow.models.dagbag.DagBag","filename":"dagbag.py","lineno":593}
{"timestamp":"2026-06-29T06:29:14.667130Z","level":"info","event":"::group::Cosmos DAG parsing logs","logger":"cosmos.converter","filename":"converter.py","lineno":293}
{"timestamp":"2026-06-29T06:29:14.667490Z","level":"info","event":"Trying to parse the dbt project using dbt ls cache cosmos_cache__get_cheapshark_deals__dbt_transform...","logger":"cosmos.dbt.graph","filename":"graph.py","lineno":781}
{"timestamp":"2026-06-29T06:29:14.689542Z","level":"info","event":"Cosmos performance: time to calculate cache identifier cosmos_cache__get_cheapshark_deals__dbt_transform for current version: 0.0005474999998114072","logger":"cosmos.cache","filename":"cache.py","lineno":333}
{"timestamp":"2026-06-29T06:29:14.689612Z","level":"info","event":"Cosmos performance [d2f09bca74c9|3203]: The cache size for cosmos_cache__get_cheapshark_deals__dbt_transform is 1726","logger":"cosmos.dbt.graph","filename":"graph.py","lineno":798}
{"timestamp":"2026-06-29T06:29:14.689742Z","level":"info","event":"Cosmos performance: Cache hit for cosmos_cache__get_cheapshark_deals__dbt_transform - 5d5dc19a4d21d68d9e2dd97b4b147311,35c51d063f0c828f4111bbac634f6471","logger":"cosmos.dbt.graph","filename":"graph.py","lineno":806}
{"timestamp":"2026-06-29T06:29:14.690069Z","level":"info","event":"Total nodes: 2","logger":"cosmos.dbt.graph","filename":"graph.py","lineno":711}
{"timestamp":"2026-06-29T06:29:14.690106Z","level":"info","event":"Total filtered nodes: 2","logger":"cosmos.dbt.graph","filename":"graph.py","lineno":712}
{"timestamp":"2026-06-29T06:29:14.690145Z","level":"info","event":"Cosmos performance (get_cheapshark_deals__dbt_transform) -  [d2f09bca74c9|3203]: It took 0.0227s to parse the dbt project for DAG using LoadMode.DBT_LS_CACHE","logger":"cosmos.converter","filename":"converter.py","lineno":340}
{"timestamp":"2026-06-29T06:29:14.690356Z","level":"info","event":"Project /tmp/airflow/dag_bundles/my-git-repo/tracking_repo/dbt_project does not have {'dependencies.yml', 'packages.yml'}","logger":"cosmos.dbt.project","filename":"project.py","lineno":40}
{"timestamp":"2026-06-29T06:29:14.690797Z","level":"info","event":"Project /tmp/airflow/dag_bundles/my-git-repo/tracking_repo/dbt_project does not have {'dependencies.yml', 'packages.yml'}","logger":"cosmos.dbt.project","filename":"project.py","lineno":40}
{"timestamp":"2026-06-29T06:29:14.691064Z","level":"info","event":"Cosmos performance (get_cheapshark_deals__dbt_transform) - [d2f09bca74c9|3203]: It took 0.000914s to build the Airflow DAG.","logger":"cosmos.converter","filename":"converter.py","lineno":387}
{"timestamp":"2026-06-29T06:29:14.691100Z","level":"info","event":"::endgroup::Cosmos DAG parsing logs","logger":"cosmos.converter","filename":"converter.py","lineno":390}
{"timestamp":"2026-06-29T06:29:45.442743Z","level":"info","event":"Filling up the DagBag from /tmp/airflow/dag_bundles/my-git-repo/tracking_repo/airflow-dags/cheapshark/DAG_cheapshark.py","logger":"airflow.models.dagbag.DagBag","filename":"dagbag.py","lineno":593}
{"timestamp":"2026-06-29T06:29:45.866125Z","level":"info","event":"::group::Cosmos DAG parsing logs","logger":"cosmos.converter","filename":"converter.py","lineno":293}
{"timestamp":"2026-06-29T06:29:45.866437Z","level":"info","event":"Trying to parse the dbt project using dbt ls cache cosmos_cache__get_cheapshark_deals__dbt_transform...","logger":"cosmos.dbt.graph","filename":"graph.py","lineno":781}
{"timestamp":"2026-06-29T06:29:45.873572Z","level":"info","event":"Cosmos performance: time to calculate cache identifier cosmos_cache__get_cheapshark_deals__dbt_transform for current version: 0.00039933299922267906","logger":"cosmos.cache","filename":"cache.py","lineno":333}
{"timestamp":"2026-06-29T06:29:45.873636Z","level":"info","event":"Cosmos performance [d2f09bca74c9|3231]: The cache size for cosmos_cache__get_cheapshark_deals__dbt_transform is 1726","logger":"cosmos.dbt.graph","filename":"graph.py","lineno":798}
{"timestamp":"2026-06-29T06:29:45.873731Z","level":"info","event":"Cosmos performance: Cache hit for cosmos_cache__get_cheapshark_deals__dbt_transform - 5d5dc19a4d21d68d9e2dd97b4b147311,35c51d063f0c828f4111bbac634f6471","logger":"cosmos.dbt.graph","filename":"graph.py","lineno":806}
{"timestamp":"2026-06-29T06:29:45.874960Z","level":"info","event":"Total nodes: 2","logger":"cosmos.dbt.graph","filename":"graph.py","lineno":711}
{"timestamp":"2026-06-29T06:29:45.875002Z","level":"info","event":"Total filtered nodes: 2","logger":"cosmos.dbt.graph","filename":"graph.py","lineno":712}
{"timestamp":"2026-06-29T06:29:45.875043Z","level":"info","event":"Cosmos performance (get_cheapshark_deals__dbt_transform) -  [d2f09bca74c9|3231]: It took 0.00862s to parse the dbt project for DAG using LoadMode.DBT_LS_CACHE","logger":"cosmos.converter","filename":"converter.py","lineno":340}
{"timestamp":"2026-06-29T06:29:45.875245Z","level":"info","event":"Project /tmp/airflow/dag_bundles/my-git-repo/tracking_repo/dbt_project does not have {'dependencies.yml', 'packages.yml'}","logger":"cosmos.dbt.project","filename":"project.py","lineno":40}
{"timestamp":"2026-06-29T06:29:45.875664Z","level":"info","event":"Project /tmp/airflow/dag_bundles/my-git-repo/tracking_repo/dbt_project does not have {'dependencies.yml', 'packages.yml'}","logger":"cosmos.dbt.project","filename":"project.py","lineno":40}
{"timestamp":"2026-06-29T06:29:45.875919Z","level":"info","event":"Cosmos performance (get_cheapshark_deals__dbt_transform) - [d2f09bca74c9|3231]: It took 0.000868s to build the Airflow DAG.","logger":"cosmos.converter","filename":"converter.py","lineno":387}
{"timestamp":"2026-06-29T06:29:45.875952Z","level":"info","event":"::endgroup::Cosmos DAG parsing logs","logger":"cosmos.converter","filename":"converter.py","lineno":390}
{"timestamp":"2026-06-29T06:30:16.668631Z","level":"info","event":"Filling up the DagBag from /tmp/airflow/dag_bundles/my-git-repo/tracking_repo/airflow-dags/cheapshark/DAG_cheapshark.py","logger":"airflow.models.dagbag.DagBag","filename":"dagbag.py","lineno":593}
{"timestamp":"2026-06-29T06:30:17.099345Z","level":"info","event":"::group::Cosmos DAG parsing logs","logger":"cosmos.converter","filename":"converter.py","lineno":293}
{"timestamp":"2026-06-29T06:30:17.099649Z","level":"info","event":"Trying to parse the dbt project using dbt ls cache cosmos_cache__get_cheapshark_deals__dbt_transform...","logger":"cosmos.dbt.graph","filename":"graph.py","lineno":781}
{"timestamp":"2026-06-29T06:30:17.106408Z","level":"info","event":"Cosmos performance: time to calculate cache identifier cosmos_cache__get_cheapshark_deals__dbt_transform for current version: 0.0004104170002392493","logger":"cosmos.cache","filename":"cache.py","lineno":333}
{"timestamp":"2026-06-29T06:30:17.106464Z","level":"info","event":"Cosmos performance [d2f09bca74c9|3260]: The cache size for cosmos_cache__get_cheapshark_deals__dbt_transform is 1726","logger":"cosmos.dbt.graph","filename":"graph.py","lineno":798}
{"timestamp":"2026-06-29T06:30:17.106565Z","level":"info","event":"Cosmos performance: Cache hit for cosmos_cache__get_cheapshark_deals__dbt_transform - 5d5dc19a4d21d68d9e2dd97b4b147311,35c51d063f0c828f4111bbac634f6471","logger":"cosmos.dbt.graph","filename":"graph.py","lineno":806}
{"timestamp":"2026-06-29T06:30:17.106785Z","level":"info","event":"Total nodes: 2","logger":"cosmos.dbt.graph","filename":"graph.py","lineno":711}
{"timestamp":"2026-06-29T06:30:17.106817Z","level":"info","event":"Total filtered nodes: 2","logger":"cosmos.dbt.graph","filename":"graph.py","lineno":712}
{"timestamp":"2026-06-29T06:30:17.106862Z","level":"info","event":"Cosmos performance (get_cheapshark_deals__dbt_transform) -  [d2f09bca74c9|3260]: It took 0.00723s to parse the dbt project for DAG using LoadMode.DBT_LS_CACHE","logger":"cosmos.converter","filename":"converter.py","lineno":340}
{"timestamp":"2026-06-29T06:30:17.107061Z","level":"info","event":"Project /tmp/airflow/dag_bundles/my-git-repo/tracking_repo/dbt_project does not have {'dependencies.yml', 'packages.yml'}","logger":"cosmos.dbt.project","filename":"project.py","lineno":40}
{"timestamp":"2026-06-29T06:30:17.107455Z","level":"info","event":"Project /tmp/airflow/dag_bundles/my-git-repo/tracking_repo/dbt_project does not have {'dependencies.yml', 'packages.yml'}","logger":"cosmos.dbt.project","filename":"project.py","lineno":40}
{"timestamp":"2026-06-29T06:30:17.107709Z","level":"info","event":"Cosmos performance (get_cheapshark_deals__dbt_transform) - [d2f09bca74c9|3260]: It took 0.000857s to build the Airflow DAG.","logger":"cosmos.converter","filename":"converter.py","lineno":387}
{"timestamp":"2026-06-29T06:30:17.107739Z","level":"info","event":"::endgroup::Cosmos DAG parsing logs","logger":"cosmos.converter","filename":"converter.py","lineno":390}
{"timestamp":"2026-06-29T06:30:48.028548Z","level":"info","event":"Filling up the DagBag from /tmp/airflow/dag_bundles/my-git-repo/tracking_repo/airflow-dags/cheapshark/DAG_cheapshark.py","logger":"airflow.models.dagbag.DagBag","filename":"dagbag.py","lineno":593}
{"timestamp":"2026-06-29T06:30:48.515983Z","level":"info","event":"::group::Cosmos DAG parsing logs","logger":"cosmos.converter","filename":"converter.py","lineno":293}
{"timestamp":"2026-06-29T06:30:48.516356Z","level":"info","event":"Trying to parse the dbt project using dbt ls cache cosmos_cache__get_cheapshark_deals__dbt_transform...","logger":"cosmos.dbt.graph","filename":"graph.py","lineno":781}
{"timestamp":"2026-06-29T06:30:48.523698Z","level":"info","event":"Cosmos performance: time to calculate cache identifier cosmos_cache__get_cheapshark_deals__dbt_transform for current version: 0.0006034999969415367","logger":"cosmos.cache","filename":"cache.py","lineno":333}
{"timestamp":"2026-06-29T06:30:48.523768Z","level":"info","event":"Cosmos performance [d2f09bca74c9|3288]: The cache size for cosmos_cache__get_cheapshark_deals__dbt_transform is 1726","logger":"cosmos.dbt.graph","filename":"graph.py","lineno":798}
{"timestamp":"2026-06-29T06:30:48.523875Z","level":"info","event":"Cosmos performance: Cache hit for cosmos_cache__get_cheapshark_deals__dbt_transform - 5d5dc19a4d21d68d9e2dd97b4b147311,35c51d063f0c828f4111bbac634f6471","logger":"cosmos.dbt.graph","filename":"graph.py","lineno":806}
{"timestamp":"2026-06-29T06:30:48.524118Z","level":"info","event":"Total nodes: 2","logger":"cosmos.dbt.graph","filename":"graph.py","lineno":711}
{"timestamp":"2026-06-29T06:30:48.524158Z","level":"info","event":"Total filtered nodes: 2","logger":"cosmos.dbt.graph","filename":"graph.py","lineno":712}
{"timestamp":"2026-06-29T06:30:48.524198Z","level":"info","event":"Cosmos performance (get_cheapshark_deals__dbt_transform) -  [d2f09bca74c9|3288]: It took 0.00787s to parse the dbt project for DAG using LoadMode.DBT_LS_CACHE","logger":"cosmos.converter","filename":"converter.py","lineno":340}
{"timestamp":"2026-06-29T06:30:48.524410Z","level":"info","event":"Project /tmp/airflow/dag_bundles/my-git-repo/tracking_repo/dbt_project does not have {'dependencies.yml', 'packages.yml'}","logger":"cosmos.dbt.project","filename":"project.py","lineno":40}
{"timestamp":"2026-06-29T06:30:48.524878Z","level":"info","event":"Project /tmp/airflow/dag_bundles/my-git-repo/tracking_repo/dbt_project does not have {'dependencies.yml', 'packages.yml'}","logger":"cosmos.dbt.project","filename":"project.py","lineno":40}
{"timestamp":"2026-06-29T06:30:48.525194Z","level":"info","event":"Cosmos performance (get_cheapshark_deals__dbt_transform) - [d2f09bca74c9|3288]: It took 0.000965s to build the Airflow DAG.","logger":"cosmos.converter","filename":"converter.py","lineno":387}
{"timestamp":"2026-06-29T06:30:48.525370Z","level":"info","event":"::endgroup::Cosmos DAG parsing logs","logger":"cosmos.converter","filename":"converter.py","lineno":390}
{"timestamp":"2026-06-29T06:31:19.120561Z","level":"info","event":"Filling up the DagBag from /tmp/airflow/dag_bundles/my-git-repo/tracking_repo/airflow-dags/cheapshark/DAG_cheapshark.py","logger":"airflow.models.dagbag.DagBag","filename":"dagbag.py","lineno":593}
{"timestamp":"2026-06-29T06:31:19.566443Z","level":"info","event":"::group::Cosmos DAG parsing logs","logger":"cosmos.converter","filename":"converter.py","lineno":293}
{"timestamp":"2026-06-29T06:31:19.566798Z","level":"info","event":"Trying to parse the dbt project using dbt ls cache cosmos_cache__get_cheapshark_deals__dbt_transform...","logger":"cosmos.dbt.graph","filename":"graph.py","lineno":781}
{"timestamp":"2026-06-29T06:31:19.574815Z","level":"info","event":"Cosmos performance: time to calculate cache identifier cosmos_cache__get_cheapshark_deals__dbt_transform for current version: 0.0004994170012651011","logger":"cosmos.cache","filename":"cache.py","lineno":333}
{"timestamp":"2026-06-29T06:31:19.574889Z","level":"info","event":"Cosmos performance [d2f09bca74c9|3331]: The cache size for cosmos_cache__get_cheapshark_deals__dbt_transform is 1726","logger":"cosmos.dbt.graph","filename":"graph.py","lineno":798}
{"timestamp":"2026-06-29T06:31:19.574999Z","level":"info","event":"Cosmos performance: Cache hit for cosmos_cache__get_cheapshark_deals__dbt_transform - 5d5dc19a4d21d68d9e2dd97b4b147311,35c51d063f0c828f4111bbac634f6471","logger":"cosmos.dbt.graph","filename":"graph.py","lineno":806}
{"timestamp":"2026-06-29T06:31:19.575292Z","level":"info","event":"Total nodes: 2","logger":"cosmos.dbt.graph","filename":"graph.py","lineno":711}
{"timestamp":"2026-06-29T06:31:19.575325Z","level":"info","event":"Total filtered nodes: 2","logger":"cosmos.dbt.graph","filename":"graph.py","lineno":712}
{"timestamp":"2026-06-29T06:31:19.575362Z","level":"info","event":"Cosmos performance (get_cheapshark_deals__dbt_transform) -  [d2f09bca74c9|3331]: It took 0.00859s to parse the dbt project for DAG using LoadMode.DBT_LS_CACHE","logger":"cosmos.converter","filename":"converter.py","lineno":340}
{"timestamp":"2026-06-29T06:31:19.575593Z","level":"info","event":"Project /tmp/airflow/dag_bundles/my-git-repo/tracking_repo/dbt_project does not have {'dependencies.yml', 'packages.yml'}","logger":"cosmos.dbt.project","filename":"project.py","lineno":40}
{"timestamp":"2026-06-29T06:31:19.576020Z","level":"info","event":"Project /tmp/airflow/dag_bundles/my-git-repo/tracking_repo/dbt_project does not have {'dependencies.yml', 'packages.yml'}","logger":"cosmos.dbt.project","filename":"project.py","lineno":40}
{"timestamp":"2026-06-29T06:31:19.576273Z","level":"info","event":"Cosmos performance (get_cheapshark_deals__dbt_transform) - [d2f09bca74c9|3331]: It took 0.000912s to build the Airflow DAG.","logger":"cosmos.converter","filename":"converter.py","lineno":387}
{"timestamp":"2026-06-29T06:31:19.576304Z","level":"info","event":"::endgroup::Cosmos DAG parsing logs","logger":"cosmos.converter","filename":"converter.py","lineno":390}
{"timestamp":"2026-06-29T06:31:50.495776Z","level":"info","event":"Filling up the DagBag from /tmp/airflow/dag_bundles/my-git-repo/tracking_repo/airflow-dags/cheapshark/DAG_cheapshark.py","logger":"airflow.models.dagbag.DagBag","filename":"dagbag.py","lineno":593}
{"timestamp":"2026-06-29T06:31:50.923545Z","level":"info","event":"::group::Cosmos DAG parsing logs","logger":"cosmos.converter","filename":"converter.py","lineno":293}
{"timestamp":"2026-06-29T06:31:50.923884Z","level":"info","event":"Trying to parse the dbt project using dbt ls cache cosmos_cache__get_cheapshark_deals__dbt_transform...","logger":"cosmos.dbt.graph","filename":"graph.py","lineno":781}
{"timestamp":"2026-06-29T06:31:50.931032Z","level":"info","event":"Cosmos performance: time to calculate cache identifier cosmos_cache__get_cheapshark_deals__dbt_transform for current version: 0.00042512499931035563","logger":"cosmos.cache","filename":"cache.py","lineno":333}
{"timestamp":"2026-06-29T06:31:50.931091Z","level":"info","event":"Cosmos performance [d2f09bca74c9|3359]: The cache size for cosmos_cache__get_cheapshark_deals__dbt_transform is 1726","logger":"cosmos.dbt.graph","filename":"graph.py","lineno":798}
{"timestamp":"2026-06-29T06:31:50.931208Z","level":"info","event":"Cosmos performance: Cache hit for cosmos_cache__get_cheapshark_deals__dbt_transform - 5d5dc19a4d21d68d9e2dd97b4b147311,35c51d063f0c828f4111bbac634f6471","logger":"cosmos.dbt.graph","filename":"graph.py","lineno":806}
{"timestamp":"2026-06-29T06:31:50.931462Z","level":"info","event":"Total nodes: 2","logger":"cosmos.dbt.graph","filename":"graph.py","lineno":711}
{"timestamp":"2026-06-29T06:31:50.931492Z","level":"info","event":"Total filtered nodes: 2","logger":"cosmos.dbt.graph","filename":"graph.py","lineno":712}
{"timestamp":"2026-06-29T06:31:50.931537Z","level":"info","event":"Cosmos performance (get_cheapshark_deals__dbt_transform) -  [d2f09bca74c9|3359]: It took 0.00769s to parse the dbt project for DAG using LoadMode.DBT_LS_CACHE","logger":"cosmos.converter","filename":"converter.py","lineno":340}
{"timestamp":"2026-06-29T06:31:50.931748Z","level":"info","event":"Project /tmp/airflow/dag_bundles/my-git-repo/tracking_repo/dbt_project does not have {'dependencies.yml', 'packages.yml'}","logger":"cosmos.dbt.project","filename":"project.py","lineno":40}
{"timestamp":"2026-06-29T06:31:50.932187Z","level":"info","event":"Project /tmp/airflow/dag_bundles/my-git-repo/tracking_repo/dbt_project does not have {'dependencies.yml', 'packages.yml'}","logger":"cosmos.dbt.project","filename":"project.py","lineno":40}
{"timestamp":"2026-06-29T06:31:50.932436Z","level":"info","event":"Cosmos performance (get_cheapshark_deals__dbt_transform) - [d2f09bca74c9|3359]: It took 0.000899s to build the Airflow DAG.","logger":"cosmos.converter","filename":"converter.py","lineno":387}
{"timestamp":"2026-06-29T06:31:50.932472Z","level":"info","event":"::endgroup::Cosmos DAG parsing logs","logger":"cosmos.converter","filename":"converter.py","lineno":390}
{"timestamp":"2026-06-29T06:32:21.818112Z","level":"info","event":"Filling up the DagBag from /tmp/airflow/dag_bundles/my-git-repo/tracking_repo/airflow-dags/cheapshark/DAG_cheapshark.py","logger":"airflow.models.dagbag.DagBag","filename":"dagbag.py","lineno":593}
{"timestamp":"2026-06-29T06:32:22.354597Z","level":"info","event":"::group::Cosmos DAG parsing logs","logger":"cosmos.converter","filename":"converter.py","lineno":293}
{"timestamp":"2026-06-29T06:32:22.355056Z","level":"info","event":"Trying to parse the dbt project using dbt ls cache cosmos_cache__get_cheapshark_deals__dbt_transform...","logger":"cosmos.dbt.graph","filename":"graph.py","lineno":781}
{"timestamp":"2026-06-29T06:32:22.365520Z","level":"info","event":"Cosmos performance: time to calculate cache identifier cosmos_cache__get_cheapshark_deals__dbt_transform for current version: 0.0005974579980829731","logger":"cosmos.cache","filename":"cache.py","lineno":333}
{"timestamp":"2026-06-29T06:32:22.365583Z","level":"info","event":"Cosmos performance [d2f09bca74c9|3387]: The cache size for cosmos_cache__get_cheapshark_deals__dbt_transform is 1726","logger":"cosmos.dbt.graph","filename":"graph.py","lineno":798}
{"timestamp":"2026-06-29T06:32:22.365712Z","level":"info","event":"Cosmos performance: Cache hit for cosmos_cache__get_cheapshark_deals__dbt_transform - 5d5dc19a4d21d68d9e2dd97b4b147311,35c51d063f0c828f4111bbac634f6471","logger":"cosmos.dbt.graph","filename":"graph.py","lineno":806}
{"timestamp":"2026-06-29T06:32:22.367242Z","level":"info","event":"Total nodes: 2","logger":"cosmos.dbt.graph","filename":"graph.py","lineno":711}
{"timestamp":"2026-06-29T06:32:22.367287Z","level":"info","event":"Total filtered nodes: 2","logger":"cosmos.dbt.graph","filename":"graph.py","lineno":712}
{"timestamp":"2026-06-29T06:32:22.367337Z","level":"info","event":"Cosmos performance (get_cheapshark_deals__dbt_transform) -  [d2f09bca74c9|3387]: It took 0.0123s to parse the dbt project for DAG using LoadMode.DBT_LS_CACHE","logger":"cosmos.converter","filename":"converter.py","lineno":340}
{"timestamp":"2026-06-29T06:32:22.367571Z","level":"info","event":"Project /tmp/airflow/dag_bundles/my-git-repo/tracking_repo/dbt_project does not have {'dependencies.yml', 'packages.yml'}","logger":"cosmos.dbt.project","filename":"project.py","lineno":40}
{"timestamp":"2026-06-29T06:32:22.368058Z","level":"info","event":"Project /tmp/airflow/dag_bundles/my-git-repo/tracking_repo/dbt_project does not have {'dependencies.yml', 'packages.yml'}","logger":"cosmos.dbt.project","filename":"project.py","lineno":40}
{"timestamp":"2026-06-29T06:32:22.368324Z","level":"info","event":"Cosmos performance (get_cheapshark_deals__dbt_transform) - [d2f09bca74c9|3387]: It took 0.000998s to build the Airflow DAG.","logger":"cosmos.converter","filename":"converter.py","lineno":387}
{"timestamp":"2026-06-29T06:32:22.368365Z","level":"info","event":"::endgroup::Cosmos DAG parsing logs","logger":"cosmos.converter","filename":"converter.py","lineno":390}
{"timestamp":"2026-06-29T06:32:53.164737Z","level":"info","event":"Filling up the DagBag from /tmp/airflow/dag_bundles/my-git-repo/tracking_repo/airflow-dags/cheapshark/DAG_cheapshark.py","logger":"airflow.models.dagbag.DagBag","filename":"dagbag.py","lineno":593}
{"timestamp":"2026-06-29T06:32:53.582860Z","level":"info","event":"::group::Cosmos DAG parsing logs","logger":"cosmos.converter","filename":"converter.py","lineno":293}
{"timestamp":"2026-06-29T06:32:53.583159Z","level":"info","event":"Trying to parse the dbt project using dbt ls cache cosmos_cache__get_cheapshark_deals__dbt_transform...","logger":"cosmos.dbt.graph","filename":"graph.py","lineno":781}
{"timestamp":"2026-06-29T06:32:53.589880Z","level":"info","event":"Cosmos performance: time to calculate cache identifier cosmos_cache__get_cheapshark_deals__dbt_transform for current version: 0.0004551250021904707","logger":"cosmos.cache","filename":"cache.py","lineno":333}
{"timestamp":"2026-06-29T06:32:53.589947Z","level":"info","event":"Cosmos performance [d2f09bca74c9|3415]: The cache size for cosmos_cache__get_cheapshark_deals__dbt_transform is 1726","logger":"cosmos.dbt.graph","filename":"graph.py","lineno":798}
{"timestamp":"2026-06-29T06:32:53.590057Z","level":"info","event":"Cosmos performance: Cache hit for cosmos_cache__get_cheapshark_deals__dbt_transform - 5d5dc19a4d21d68d9e2dd97b4b147311,35c51d063f0c828f4111bbac634f6471","logger":"cosmos.dbt.graph","filename":"graph.py","lineno":806}
{"timestamp":"2026-06-29T06:32:53.590315Z","level":"info","event":"Total nodes: 2","logger":"cosmos.dbt.graph","filename":"graph.py","lineno":711}
{"timestamp":"2026-06-29T06:32:53.590348Z","level":"info","event":"Total filtered nodes: 2","logger":"cosmos.dbt.graph","filename":"graph.py","lineno":712}
{"timestamp":"2026-06-29T06:32:53.590391Z","level":"info","event":"Cosmos performance (get_cheapshark_deals__dbt_transform) -  [d2f09bca74c9|3415]: It took 0.00725s to parse the dbt project for DAG using LoadMode.DBT_LS_CACHE","logger":"cosmos.converter","filename":"converter.py","lineno":340}
{"timestamp":"2026-06-29T06:32:53.590599Z","level":"info","event":"Project /tmp/airflow/dag_bundles/my-git-repo/tracking_repo/dbt_project does not have {'dependencies.yml', 'packages.yml'}","logger":"cosmos.dbt.project","filename":"project.py","lineno":40}
{"timestamp":"2026-06-29T06:32:53.591012Z","level":"info","event":"Project /tmp/airflow/dag_bundles/my-git-repo/tracking_repo/dbt_project does not have {'dependencies.yml', 'packages.yml'}","logger":"cosmos.dbt.project","filename":"project.py","lineno":40}
{"timestamp":"2026-06-29T06:32:53.591250Z","level":"info","event":"Cosmos performance (get_cheapshark_deals__dbt_transform) - [d2f09bca74c9|3415]: It took 0.000855s to build the Airflow DAG.","logger":"cosmos.converter","filename":"converter.py","lineno":387}
{"timestamp":"2026-06-29T06:32:53.591280Z","level":"info","event":"::endgroup::Cosmos DAG parsing logs","logger":"cosmos.converter","filename":"converter.py","lineno":390}
{"timestamp":"2026-06-29T06:33:24.064130Z","level":"info","event":"Filling up the DagBag from /tmp/airflow/dag_bundles/my-git-repo/tracking_repo/airflow-dags/cheapshark/DAG_cheapshark.py","logger":"airflow.models.dagbag.DagBag","filename":"dagbag.py","lineno":593}
{"timestamp":"2026-06-29T06:33:24.481124Z","level":"info","event":"::group::Cosmos DAG parsing logs","logger":"cosmos.converter","filename":"converter.py","lineno":293}
{"timestamp":"2026-06-29T06:33:24.481429Z","level":"info","event":"Trying to parse the dbt project using dbt ls cache cosmos_cache__get_cheapshark_deals__dbt_transform...","logger":"cosmos.dbt.graph","filename":"graph.py","lineno":781}
{"timestamp":"2026-06-29T06:33:24.488722Z","level":"info","event":"Cosmos performance: time to calculate cache identifier cosmos_cache__get_cheapshark_deals__dbt_transform for current version: 0.0004371249997348059","logger":"cosmos.cache","filename":"cache.py","lineno":333}
{"timestamp":"2026-06-29T06:33:24.488781Z","level":"info","event":"Cosmos performance [d2f09bca74c9|3458]: The cache size for cosmos_cache__get_cheapshark_deals__dbt_transform is 1726","logger":"cosmos.dbt.graph","filename":"graph.py","lineno":798}
{"timestamp":"2026-06-29T06:33:24.488889Z","level":"info","event":"Cosmos performance: Cache hit for cosmos_cache__get_cheapshark_deals__dbt_transform - 5d5dc19a4d21d68d9e2dd97b4b147311,35c51d063f0c828f4111bbac634f6471","logger":"cosmos.dbt.graph","filename":"graph.py","lineno":806}
{"timestamp":"2026-06-29T06:33:24.489137Z","level":"info","event":"Total nodes: 2","logger":"cosmos.dbt.graph","filename":"graph.py","lineno":711}
{"timestamp":"2026-06-29T06:33:24.489167Z","level":"info","event":"Total filtered nodes: 2","logger":"cosmos.dbt.graph","filename":"graph.py","lineno":712}
{"timestamp":"2026-06-29T06:33:24.489208Z","level":"info","event":"Cosmos performance (get_cheapshark_deals__dbt_transform) -  [d2f09bca74c9|3458]: It took 0.0078s to parse the dbt project for DAG using LoadMode.DBT_LS_CACHE","logger":"cosmos.converter","filename":"converter.py","lineno":340}
{"timestamp":"2026-06-29T06:33:24.489417Z","level":"info","event":"Project /tmp/airflow/dag_bundles/my-git-repo/tracking_repo/dbt_project does not have {'dependencies.yml', 'packages.yml'}","logger":"cosmos.dbt.project","filename":"project.py","lineno":40}
{"timestamp":"2026-06-29T06:33:24.489843Z","level":"info","event":"Project /tmp/airflow/dag_bundles/my-git-repo/tracking_repo/dbt_project does not have {'dependencies.yml', 'packages.yml'}","logger":"cosmos.dbt.project","filename":"project.py","lineno":40}
{"timestamp":"2026-06-29T06:33:24.490100Z","level":"info","event":"Cosmos performance (get_cheapshark_deals__dbt_transform) - [d2f09bca74c9|3458]: It took 0.000895s to build the Airflow DAG.","logger":"cosmos.converter","filename":"converter.py","lineno":387}
{"timestamp":"2026-06-29T06:33:24.490134Z","level":"info","event":"::endgroup::Cosmos DAG parsing logs","logger":"cosmos.converter","filename":"converter.py","lineno":390}
{"timestamp":"2026-06-29T06:33:55.304152Z","level":"info","event":"Filling up the DagBag from /tmp/airflow/dag_bundles/my-git-repo/tracking_repo/airflow-dags/cheapshark/DAG_cheapshark.py","logger":"airflow.models.dagbag.DagBag","filename":"dagbag.py","lineno":593}
{"timestamp":"2026-06-29T06:33:55.746195Z","level":"info","event":"::group::Cosmos DAG parsing logs","logger":"cosmos.converter","filename":"converter.py","lineno":293}
{"timestamp":"2026-06-29T06:33:55.746564Z","level":"info","event":"Trying to parse the dbt project using dbt ls cache cosmos_cache__get_cheapshark_deals__dbt_transform...","logger":"cosmos.dbt.graph","filename":"graph.py","lineno":781}
{"timestamp":"2026-06-29T06:33:55.754840Z","level":"info","event":"Cosmos performance: time to calculate cache identifier cosmos_cache__get_cheapshark_deals__dbt_transform for current version: 0.0004967079985362943","logger":"cosmos.cache","filename":"cache.py","lineno":333}
{"timestamp":"2026-06-29T06:33:55.754906Z","level":"info","event":"Cosmos performance [d2f09bca74c9|3486]: The cache size for cosmos_cache__get_cheapshark_deals__dbt_transform is 1726","logger":"cosmos.dbt.graph","filename":"graph.py","lineno":798}
{"timestamp":"2026-06-29T06:33:55.755024Z","level":"info","event":"Cosmos performance: Cache hit for cosmos_cache__get_cheapshark_deals__dbt_transform - 5d5dc19a4d21d68d9e2dd97b4b147311,35c51d063f0c828f4111bbac634f6471","logger":"cosmos.dbt.graph","filename":"graph.py","lineno":806}
{"timestamp":"2026-06-29T06:33:55.755300Z","level":"info","event":"Total nodes: 2","logger":"cosmos.dbt.graph","filename":"graph.py","lineno":711}
{"timestamp":"2026-06-29T06:33:55.755332Z","level":"info","event":"Total filtered nodes: 2","logger":"cosmos.dbt.graph","filename":"graph.py","lineno":712}
{"timestamp":"2026-06-29T06:33:55.755370Z","level":"info","event":"Cosmos performance (get_cheapshark_deals__dbt_transform) -  [d2f09bca74c9|3486]: It took 0.00883s to parse the dbt project for DAG using LoadMode.DBT_LS_CACHE","logger":"cosmos.converter","filename":"converter.py","lineno":340}
{"timestamp":"2026-06-29T06:33:55.755586Z","level":"info","event":"Project /tmp/airflow/dag_bundles/my-git-repo/tracking_repo/dbt_project does not have {'dependencies.yml', 'packages.yml'}","logger":"cosmos.dbt.project","filename":"project.py","lineno":40}
{"timestamp":"2026-06-29T06:33:55.755982Z","level":"info","event":"Project /tmp/airflow/dag_bundles/my-git-repo/tracking_repo/dbt_project does not have {'dependencies.yml', 'packages.yml'}","logger":"cosmos.dbt.project","filename":"project.py","lineno":40}
{"timestamp":"2026-06-29T06:33:55.756224Z","level":"info","event":"Cosmos performance (get_cheapshark_deals__dbt_transform) - [d2f09bca74c9|3486]: It took 0.000854s to build the Airflow DAG.","logger":"cosmos.converter","filename":"converter.py","lineno":387}
{"timestamp":"2026-06-29T06:33:55.756254Z","level":"info","event":"::endgroup::Cosmos DAG parsing logs","logger":"cosmos.converter","filename":"converter.py","lineno":390}
{"timestamp":"2026-06-29T06:34:26.583630Z","level":"info","event":"Filling up the DagBag from /tmp/airflow/dag_bundles/my-git-repo/tracking_repo/airflow-dags/cheapshark/DAG_cheapshark.py","logger":"airflow.models.dagbag.DagBag","filename":"dagbag.py","lineno":593}
{"timestamp":"2026-06-29T06:34:26.997151Z","level":"info","event":"::group::Cosmos DAG parsing logs","logger":"cosmos.converter","filename":"converter.py","lineno":293}
{"timestamp":"2026-06-29T06:34:26.997545Z","level":"info","event":"Trying to parse the dbt project using dbt ls cache cosmos_cache__get_cheapshark_deals__dbt_transform...","logger":"cosmos.dbt.graph","filename":"graph.py","lineno":781}
{"timestamp":"2026-06-29T06:34:27.004563Z","level":"info","event":"Cosmos performance: time to calculate cache identifier cosmos_cache__get_cheapshark_deals__dbt_transform for current version: 0.000378249998902902","logger":"cosmos.cache","filename":"cache.py","lineno":333}
{"timestamp":"2026-06-29T06:34:27.004622Z","level":"info","event":"Cosmos performance [d2f09bca74c9|3514]: The cache size for cosmos_cache__get_cheapshark_deals__dbt_transform is 1726","logger":"cosmos.dbt.graph","filename":"graph.py","lineno":798}
{"timestamp":"2026-06-29T06:34:27.004737Z","level":"info","event":"Cosmos performance: Cache hit for cosmos_cache__get_cheapshark_deals__dbt_transform - 5d5dc19a4d21d68d9e2dd97b4b147311,35c51d063f0c828f4111bbac634f6471","logger":"cosmos.dbt.graph","filename":"graph.py","lineno":806}
{"timestamp":"2026-06-29T06:34:27.004994Z","level":"info","event":"Total nodes: 2","logger":"cosmos.dbt.graph","filename":"graph.py","lineno":711}
{"timestamp":"2026-06-29T06:34:27.005035Z","level":"info","event":"Total filtered nodes: 2","logger":"cosmos.dbt.graph","filename":"graph.py","lineno":712}
{"timestamp":"2026-06-29T06:34:27.005077Z","level":"info","event":"Cosmos performance (get_cheapshark_deals__dbt_transform) -  [d2f09bca74c9|3514]: It took 0.00756s to parse the dbt project for DAG using LoadMode.DBT_LS_CACHE","logger":"cosmos.converter","filename":"converter.py","lineno":340}
{"timestamp":"2026-06-29T06:34:27.005347Z","level":"info","event":"Project /tmp/airflow/dag_bundles/my-git-repo/tracking_repo/dbt_project does not have {'dependencies.yml', 'packages.yml'}","logger":"cosmos.dbt.project","filename":"project.py","lineno":40}
{"timestamp":"2026-06-29T06:34:27.005786Z","level":"info","event":"Project /tmp/airflow/dag_bundles/my-git-repo/tracking_repo/dbt_project does not have {'dependencies.yml', 'packages.yml'}","logger":"cosmos.dbt.project","filename":"project.py","lineno":40}
{"timestamp":"2026-06-29T06:34:27.006046Z","level":"info","event":"Cosmos performance (get_cheapshark_deals__dbt_transform) - [d2f09bca74c9|3514]: It took 0.000953s to build the Airflow DAG.","logger":"cosmos.converter","filename":"converter.py","lineno":387}
{"timestamp":"2026-06-29T06:34:27.006092Z","level":"info","event":"::endgroup::Cosmos DAG parsing logs","logger":"cosmos.converter","filename":"converter.py","lineno":390}
{"timestamp":"2026-06-29T06:34:57.825109Z","level":"info","event":"Filling up the DagBag from /tmp/airflow/dag_bundles/my-git-repo/tracking_repo/airflow-dags/cheapshark/DAG_cheapshark.py","logger":"airflow.models.dagbag.DagBag","filename":"dagbag.py","lineno":593}
{"timestamp":"2026-06-29T06:34:58.248814Z","level":"info","event":"::group::Cosmos DAG parsing logs","logger":"cosmos.converter","filename":"converter.py","lineno":293}
{"timestamp":"2026-06-29T06:34:58.249162Z","level":"info","event":"Trying to parse the dbt project using dbt ls cache cosmos_cache__get_cheapshark_deals__dbt_transform...","logger":"cosmos.dbt.graph","filename":"graph.py","lineno":781}
{"timestamp":"2026-06-29T06:34:58.256355Z","level":"info","event":"Cosmos performance: time to calculate cache identifier cosmos_cache__get_cheapshark_deals__dbt_transform for current version: 0.00048783400052343495","logger":"cosmos.cache","filename":"cache.py","lineno":333}
{"timestamp":"2026-06-29T06:34:58.256411Z","level":"info","event":"Cosmos performance [d2f09bca74c9|3542]: The cache size for cosmos_cache__get_cheapshark_deals__dbt_transform is 1726","logger":"cosmos.dbt.graph","filename":"graph.py","lineno":798}
{"timestamp":"2026-06-29T06:34:58.256512Z","level":"info","event":"Cosmos performance: Cache hit for cosmos_cache__get_cheapshark_deals__dbt_transform - 5d5dc19a4d21d68d9e2dd97b4b147311,35c51d063f0c828f4111bbac634f6471","logger":"cosmos.dbt.graph","filename":"graph.py","lineno":806}
{"timestamp":"2026-06-29T06:34:58.256755Z","level":"info","event":"Total nodes: 2","logger":"cosmos.dbt.graph","filename":"graph.py","lineno":711}
{"timestamp":"2026-06-29T06:34:58.256791Z","level":"info","event":"Total filtered nodes: 2","logger":"cosmos.dbt.graph","filename":"graph.py","lineno":712}
{"timestamp":"2026-06-29T06:34:58.256836Z","level":"info","event":"Cosmos performance (get_cheapshark_deals__dbt_transform) -  [d2f09bca74c9|3542]: It took 0.0077s to parse the dbt project for DAG using LoadMode.DBT_LS_CACHE","logger":"cosmos.converter","filename":"converter.py","lineno":340}
{"timestamp":"2026-06-29T06:34:58.257070Z","level":"info","event":"Project /tmp/airflow/dag_bundles/my-git-repo/tracking_repo/dbt_project does not have {'dependencies.yml', 'packages.yml'}","logger":"cosmos.dbt.project","filename":"project.py","lineno":40}
{"timestamp":"2026-06-29T06:34:58.257472Z","level":"info","event":"Project /tmp/airflow/dag_bundles/my-git-repo/tracking_repo/dbt_project does not have {'dependencies.yml', 'packages.yml'}","logger":"cosmos.dbt.project","filename":"project.py","lineno":40}
{"timestamp":"2026-06-29T06:34:58.257703Z","level":"info","event":"Cosmos performance (get_cheapshark_deals__dbt_transform) - [d2f09bca74c9|3542]: It took 0.00087s to build the Airflow DAG.","logger":"cosmos.converter","filename":"converter.py","lineno":387}
{"timestamp":"2026-06-29T06:34:58.257737Z","level":"info","event":"::endgroup::Cosmos DAG parsing logs","logger":"cosmos.converter","filename":"converter.py","lineno":390}
{"timestamp":"2026-06-29T06:35:28.712774Z","level":"info","event":"Filling up the DagBag from /tmp/airflow/dag_bundles/my-git-repo/tracking_repo/airflow-dags/cheapshark/DAG_cheapshark.py","logger":"airflow.models.dagbag.DagBag","filename":"dagbag.py","lineno":593}
{"timestamp":"2026-06-29T06:35:29.168301Z","level":"info","event":"::group::Cosmos DAG parsing logs","logger":"cosmos.converter","filename":"converter.py","lineno":293}
{"timestamp":"2026-06-29T06:35:29.168687Z","level":"info","event":"Trying to parse the dbt project using dbt ls cache cosmos_cache__get_cheapshark_deals__dbt_transform...","logger":"cosmos.dbt.graph","filename":"graph.py","lineno":781}
{"timestamp":"2026-06-29T06:35:29.177133Z","level":"info","event":"Cosmos performance: time to calculate cache identifier cosmos_cache__get_cheapshark_deals__dbt_transform for current version: 0.000464000000647502","logger":"cosmos.cache","filename":"cache.py","lineno":333}
{"timestamp":"2026-06-29T06:35:29.177196Z","level":"info","event":"Cosmos performance [d2f09bca74c9|3585]: The cache size for cosmos_cache__get_cheapshark_deals__dbt_transform is 1726","logger":"cosmos.dbt.graph","filename":"graph.py","lineno":798}
{"timestamp":"2026-06-29T06:35:29.177297Z","level":"info","event":"Cosmos performance: Cache hit for cosmos_cache__get_cheapshark_deals__dbt_transform - 5d5dc19a4d21d68d9e2dd97b4b147311,35c51d063f0c828f4111bbac634f6471","logger":"cosmos.dbt.graph","filename":"graph.py","lineno":806}
{"timestamp":"2026-06-29T06:35:29.177576Z","level":"info","event":"Total nodes: 2","logger":"cosmos.dbt.graph","filename":"graph.py","lineno":711}
{"timestamp":"2026-06-29T06:35:29.177607Z","level":"info","event":"Total filtered nodes: 2","logger":"cosmos.dbt.graph","filename":"graph.py","lineno":712}
{"timestamp":"2026-06-29T06:35:29.177643Z","level":"info","event":"Cosmos performance (get_cheapshark_deals__dbt_transform) -  [d2f09bca74c9|3585]: It took 0.00899s to parse the dbt project for DAG using LoadMode.DBT_LS_CACHE","logger":"cosmos.converter","filename":"converter.py","lineno":340}
{"timestamp":"2026-06-29T06:35:29.177860Z","level":"info","event":"Project /tmp/airflow/dag_bundles/my-git-repo/tracking_repo/dbt_project does not have {'dependencies.yml', 'packages.yml'}","logger":"cosmos.dbt.project","filename":"project.py","lineno":40}
{"timestamp":"2026-06-29T06:35:29.178296Z","level":"info","event":"Project /tmp/airflow/dag_bundles/my-git-repo/tracking_repo/dbt_project does not have {'dependencies.yml', 'packages.yml'}","logger":"cosmos.dbt.project","filename":"project.py","lineno":40}
{"timestamp":"2026-06-29T06:35:29.178544Z","level":"info","event":"Cosmos performance (get_cheapshark_deals__dbt_transform) - [d2f09bca74c9|3585]: It took 0.000897s to build the Airflow DAG.","logger":"cosmos.converter","filename":"converter.py","lineno":387}
{"timestamp":"2026-06-29T06:35:29.178573Z","level":"info","event":"::endgroup::Cosmos DAG parsing logs","logger":"cosmos.converter","filename":"converter.py","lineno":390}
{"timestamp":"2026-06-29T06:35:59.985178Z","level":"info","event":"Filling up the DagBag from /tmp/airflow/dag_bundles/my-git-repo/tracking_repo/airflow-dags/cheapshark/DAG_cheapshark.py","logger":"airflow.models.dagbag.DagBag","filename":"dagbag.py","lineno":593}
{"timestamp":"2026-06-29T06:36:00.494917Z","level":"info","event":"::group::Cosmos DAG parsing logs","logger":"cosmos.converter","filename":"converter.py","lineno":293}
{"timestamp":"2026-06-29T06:36:00.495344Z","level":"info","event":"Trying to parse the dbt project using dbt ls cache cosmos_cache__get_cheapshark_deals__dbt_transform...","logger":"cosmos.dbt.graph","filename":"graph.py","lineno":781}
{"timestamp":"2026-06-29T06:36:00.505627Z","level":"info","event":"Cosmos performance: time to calculate cache identifier cosmos_cache__get_cheapshark_deals__dbt_transform for current version: 0.0006100829996285029","logger":"cosmos.cache","filename":"cache.py","lineno":333}
{"timestamp":"2026-06-29T06:36:00.505695Z","level":"info","event":"Cosmos performance [d2f09bca74c9|3614]: The cache size for cosmos_cache__get_cheapshark_deals__dbt_transform is 1726","logger":"cosmos.dbt.graph","filename":"graph.py","lineno":798}
{"timestamp":"2026-06-29T06:36:00.505800Z","level":"info","event":"Cosmos performance: Cache hit for cosmos_cache__get_cheapshark_deals__dbt_transform - 5d5dc19a4d21d68d9e2dd97b4b147311,35c51d063f0c828f4111bbac634f6471","logger":"cosmos.dbt.graph","filename":"graph.py","lineno":806}
{"timestamp":"2026-06-29T06:36:00.507111Z","level":"info","event":"Total nodes: 2","logger":"cosmos.dbt.graph","filename":"graph.py","lineno":711}
{"timestamp":"2026-06-29T06:36:00.507156Z","level":"info","event":"Total filtered nodes: 2","logger":"cosmos.dbt.graph","filename":"graph.py","lineno":712}
{"timestamp":"2026-06-29T06:36:00.507199Z","level":"info","event":"Cosmos performance (get_cheapshark_deals__dbt_transform) -  [d2f09bca74c9|3614]: It took 0.0119s to parse the dbt project for DAG using LoadMode.DBT_LS_CACHE","logger":"cosmos.converter","filename":"converter.py","lineno":340}
{"timestamp":"2026-06-29T06:36:00.507457Z","level":"info","event":"Project /tmp/airflow/dag_bundles/my-git-repo/tracking_repo/dbt_project does not have {'dependencies.yml', 'packages.yml'}","logger":"cosmos.dbt.project","filename":"project.py","lineno":40}
{"timestamp":"2026-06-29T06:36:00.507905Z","level":"info","event":"Project /tmp/airflow/dag_bundles/my-git-repo/tracking_repo/dbt_project does not have {'dependencies.yml', 'packages.yml'}","logger":"cosmos.dbt.project","filename":"project.py","lineno":40}
{"timestamp":"2026-06-29T06:36:00.508176Z","level":"info","event":"Cosmos performance (get_cheapshark_deals__dbt_transform) - [d2f09bca74c9|3614]: It took 0.00098s to build the Airflow DAG.","logger":"cosmos.converter","filename":"converter.py","lineno":387}
{"timestamp":"2026-06-29T06:36:00.508206Z","level":"info","event":"::endgroup::Cosmos DAG parsing logs","logger":"cosmos.converter","filename":"converter.py","lineno":390}
{"timestamp":"2026-06-29T06:36:31.303864Z","level":"info","event":"Filling up the DagBag from /tmp/airflow/dag_bundles/my-git-repo/tracking_repo/airflow-dags/cheapshark/DAG_cheapshark.py","logger":"airflow.models.dagbag.DagBag","filename":"dagbag.py","lineno":593}
{"timestamp":"2026-06-29T06:36:31.757165Z","level":"info","event":"::group::Cosmos DAG parsing logs","logger":"cosmos.converter","filename":"converter.py","lineno":293}
{"timestamp":"2026-06-29T06:36:31.757488Z","level":"info","event":"Trying to parse the dbt project using dbt ls cache cosmos_cache__get_cheapshark_deals__dbt_transform...","logger":"cosmos.dbt.graph","filename":"graph.py","lineno":781}
{"timestamp":"2026-06-29T06:36:31.765274Z","level":"info","event":"Cosmos performance: time to calculate cache identifier cosmos_cache__get_cheapshark_deals__dbt_transform for current version: 0.0004457909999473486","logger":"cosmos.cache","filename":"cache.py","lineno":333}
{"timestamp":"2026-06-29T06:36:31.765325Z","level":"info","event":"Cosmos performance [d2f09bca74c9|3642]: The cache size for cosmos_cache__get_cheapshark_deals__dbt_transform is 1726","logger":"cosmos.dbt.graph","filename":"graph.py","lineno":798}
{"timestamp":"2026-06-29T06:36:31.765420Z","level":"info","event":"Cosmos performance: Cache hit for cosmos_cache__get_cheapshark_deals__dbt_transform - 5d5dc19a4d21d68d9e2dd97b4b147311,35c51d063f0c828f4111bbac634f6471","logger":"cosmos.dbt.graph","filename":"graph.py","lineno":806}
{"timestamp":"2026-06-29T06:36:31.765668Z","level":"info","event":"Total nodes: 2","logger":"cosmos.dbt.graph","filename":"graph.py","lineno":711}
{"timestamp":"2026-06-29T06:36:31.765701Z","level":"info","event":"Total filtered nodes: 2","logger":"cosmos.dbt.graph","filename":"graph.py","lineno":712}
{"timestamp":"2026-06-29T06:36:31.765736Z","level":"info","event":"Cosmos performance (get_cheapshark_deals__dbt_transform) -  [d2f09bca74c9|3642]: It took 0.00827s to parse the dbt project for DAG using LoadMode.DBT_LS_CACHE","logger":"cosmos.converter","filename":"converter.py","lineno":340}
{"timestamp":"2026-06-29T06:36:31.765941Z","level":"info","event":"Project /tmp/airflow/dag_bundles/my-git-repo/tracking_repo/dbt_project does not have {'dependencies.yml', 'packages.yml'}","logger":"cosmos.dbt.project","filename":"project.py","lineno":40}
{"timestamp":"2026-06-29T06:36:31.766370Z","level":"info","event":"Project /tmp/airflow/dag_bundles/my-git-repo/tracking_repo/dbt_project does not have {'dependencies.yml', 'packages.yml'}","logger":"cosmos.dbt.project","filename":"project.py","lineno":40}
{"timestamp":"2026-06-29T06:36:31.766614Z","level":"info","event":"Cosmos performance (get_cheapshark_deals__dbt_transform) - [d2f09bca74c9|3642]: It took 0.000876s to build the Airflow DAG.","logger":"cosmos.converter","filename":"converter.py","lineno":387}
{"timestamp":"2026-06-29T06:36:31.766643Z","level":"info","event":"::endgroup::Cosmos DAG parsing logs","logger":"cosmos.converter","filename":"converter.py","lineno":390}
{"timestamp":"2026-06-29T06:37:02.501569Z","level":"info","event":"Filling up the DagBag from /tmp/airflow/dag_bundles/my-git-repo/tracking_repo/airflow-dags/cheapshark/DAG_cheapshark.py","logger":"airflow.models.dagbag.DagBag","filename":"dagbag.py","lineno":593}
{"timestamp":"2026-06-29T06:37:02.963295Z","level":"info","event":"::group::Cosmos DAG parsing logs","logger":"cosmos.converter","filename":"converter.py","lineno":293}
{"timestamp":"2026-06-29T06:37:02.963641Z","level":"info","event":"Trying to parse the dbt project using dbt ls cache cosmos_cache__get_cheapshark_deals__dbt_transform...","logger":"cosmos.dbt.graph","filename":"graph.py","lineno":781}
{"timestamp":"2026-06-29T06:37:02.970782Z","level":"info","event":"Cosmos performance: time to calculate cache identifier cosmos_cache__get_cheapshark_deals__dbt_transform for current version: 0.0005209160008234903","logger":"cosmos.cache","filename":"cache.py","lineno":333}
{"timestamp":"2026-06-29T06:37:02.970846Z","level":"info","event":"Cosmos performance [d2f09bca74c9|3670]: The cache size for cosmos_cache__get_cheapshark_deals__dbt_transform is 1726","logger":"cosmos.dbt.graph","filename":"graph.py","lineno":798}
{"timestamp":"2026-06-29T06:37:02.970939Z","level":"info","event":"Cosmos performance: Cache hit for cosmos_cache__get_cheapshark_deals__dbt_transform - 5d5dc19a4d21d68d9e2dd97b4b147311,35c51d063f0c828f4111bbac634f6471","logger":"cosmos.dbt.graph","filename":"graph.py","lineno":806}
{"timestamp":"2026-06-29T06:37:02.971168Z","level":"info","event":"Total nodes: 2","logger":"cosmos.dbt.graph","filename":"graph.py","lineno":711}
{"timestamp":"2026-06-29T06:37:02.971205Z","level":"info","event":"Total filtered nodes: 2","logger":"cosmos.dbt.graph","filename":"graph.py","lineno":712}
{"timestamp":"2026-06-29T06:37:02.971248Z","level":"info","event":"Cosmos performance (get_cheapshark_deals__dbt_transform) -  [d2f09bca74c9|3670]: It took 0.00763s to parse the dbt project for DAG using LoadMode.DBT_LS_CACHE","logger":"cosmos.converter","filename":"converter.py","lineno":340}
{"timestamp":"2026-06-29T06:37:02.971488Z","level":"info","event":"Project /tmp/airflow/dag_bundles/my-git-repo/tracking_repo/dbt_project does not have {'dependencies.yml', 'packages.yml'}","logger":"cosmos.dbt.project","filename":"project.py","lineno":40}
{"timestamp":"2026-06-29T06:37:02.971902Z","level":"info","event":"Project /tmp/airflow/dag_bundles/my-git-repo/tracking_repo/dbt_project does not have {'dependencies.yml', 'packages.yml'}","logger":"cosmos.dbt.project","filename":"project.py","lineno":40}
{"timestamp":"2026-06-29T06:37:02.972126Z","level":"info","event":"Cosmos performance (get_cheapshark_deals__dbt_transform) - [d2f09bca74c9|3670]: It took 0.00088s to build the Airflow DAG.","logger":"cosmos.converter","filename":"converter.py","lineno":387}
{"timestamp":"2026-06-29T06:37:02.972165Z","level":"info","event":"::endgroup::Cosmos DAG parsing logs","logger":"cosmos.converter","filename":"converter.py","lineno":390}
{"timestamp":"2026-06-29T06:37:33.384161Z","level":"info","event":"Filling up the DagBag from /tmp/airflow/dag_bundles/my-git-repo/tracking_repo/airflow-dags/cheapshark/DAG_cheapshark.py","logger":"airflow.models.dagbag.DagBag","filename":"dagbag.py","lineno":593}
{"timestamp":"2026-06-29T06:37:33.808136Z","level":"info","event":"::group::Cosmos DAG parsing logs","logger":"cosmos.converter","filename":"converter.py","lineno":293}
{"timestamp":"2026-06-29T06:37:33.808612Z","level":"info","event":"Trying to parse the dbt project using dbt ls cache cosmos_cache__get_cheapshark_deals__dbt_transform...","logger":"cosmos.dbt.graph","filename":"graph.py","lineno":781}
{"timestamp":"2026-06-29T06:37:33.816123Z","level":"info","event":"Cosmos performance: time to calculate cache identifier cosmos_cache__get_cheapshark_deals__dbt_transform for current version: 0.000466290999611374","logger":"cosmos.cache","filename":"cache.py","lineno":333}
{"timestamp":"2026-06-29T06:37:33.816179Z","level":"info","event":"Cosmos performance [d2f09bca74c9|3713]: The cache size for cosmos_cache__get_cheapshark_deals__dbt_transform is 1726","logger":"cosmos.dbt.graph","filename":"graph.py","lineno":798}
{"timestamp":"2026-06-29T06:37:33.816280Z","level":"info","event":"Cosmos performance: Cache hit for cosmos_cache__get_cheapshark_deals__dbt_transform - 5d5dc19a4d21d68d9e2dd97b4b147311,35c51d063f0c828f4111bbac634f6471","logger":"cosmos.dbt.graph","filename":"graph.py","lineno":806}
{"timestamp":"2026-06-29T06:37:33.816553Z","level":"info","event":"Total nodes: 2","logger":"cosmos.dbt.graph","filename":"graph.py","lineno":711}
{"timestamp":"2026-06-29T06:37:33.816587Z","level":"info","event":"Total filtered nodes: 2","logger":"cosmos.dbt.graph","filename":"graph.py","lineno":712}
{"timestamp":"2026-06-29T06:37:33.816626Z","level":"info","event":"Cosmos performance (get_cheapshark_deals__dbt_transform) -  [d2f09bca74c9|3713]: It took 0.00804s to parse the dbt project for DAG using LoadMode.DBT_LS_CACHE","logger":"cosmos.converter","filename":"converter.py","lineno":340}
{"timestamp":"2026-06-29T06:37:33.816835Z","level":"info","event":"Project /tmp/airflow/dag_bundles/my-git-repo/tracking_repo/dbt_project does not have {'dependencies.yml', 'packages.yml'}","logger":"cosmos.dbt.project","filename":"project.py","lineno":40}
{"timestamp":"2026-06-29T06:37:33.817226Z","level":"info","event":"Project /tmp/airflow/dag_bundles/my-git-repo/tracking_repo/dbt_project does not have {'dependencies.yml', 'packages.yml'}","logger":"cosmos.dbt.project","filename":"project.py","lineno":40}
{"timestamp":"2026-06-29T06:37:33.817459Z","level":"info","event":"Cosmos performance (get_cheapshark_deals__dbt_transform) - [d2f09bca74c9|3713]: It took 0.000834s to build the Airflow DAG.","logger":"cosmos.converter","filename":"converter.py","lineno":387}
{"timestamp":"2026-06-29T06:37:33.817489Z","level":"info","event":"::endgroup::Cosmos DAG parsing logs","logger":"cosmos.converter","filename":"converter.py","lineno":390}
{"timestamp":"2026-06-29T06:38:04.568079Z","level":"info","event":"Filling up the DagBag from /tmp/airflow/dag_bundles/my-git-repo/tracking_repo/airflow-dags/cheapshark/DAG_cheapshark.py","logger":"airflow.models.dagbag.DagBag","filename":"dagbag.py","lineno":593}
{"timestamp":"2026-06-29T06:38:05.005354Z","level":"info","event":"::group::Cosmos DAG parsing logs","logger":"cosmos.converter","filename":"converter.py","lineno":293}
{"timestamp":"2026-06-29T06:38:05.005756Z","level":"info","event":"Trying to parse the dbt project using dbt ls cache cosmos_cache__get_cheapshark_deals__dbt_transform...","logger":"cosmos.dbt.graph","filename":"graph.py","lineno":781}
{"timestamp":"2026-06-29T06:38:05.013587Z","level":"info","event":"Cosmos performance: time to calculate cache identifier cosmos_cache__get_cheapshark_deals__dbt_transform for current version: 0.0004345420020399615","logger":"cosmos.cache","filename":"cache.py","lineno":333}
{"timestamp":"2026-06-29T06:38:05.013642Z","level":"info","event":"Cosmos performance [d2f09bca74c9|3741]: The cache size for cosmos_cache__get_cheapshark_deals__dbt_transform is 1726","logger":"cosmos.dbt.graph","filename":"graph.py","lineno":798}
{"timestamp":"2026-06-29T06:38:05.013740Z","level":"info","event":"Cosmos performance: Cache hit for cosmos_cache__get_cheapshark_deals__dbt_transform - 5d5dc19a4d21d68d9e2dd97b4b147311,35c51d063f0c828f4111bbac634f6471","logger":"cosmos.dbt.graph","filename":"graph.py","lineno":806}
{"timestamp":"2026-06-29T06:38:05.013958Z","level":"info","event":"Total nodes: 2","logger":"cosmos.dbt.graph","filename":"graph.py","lineno":711}
{"timestamp":"2026-06-29T06:38:05.013990Z","level":"info","event":"Total filtered nodes: 2","logger":"cosmos.dbt.graph","filename":"graph.py","lineno":712}
{"timestamp":"2026-06-29T06:38:05.014025Z","level":"info","event":"Cosmos performance (get_cheapshark_deals__dbt_transform) -  [d2f09bca74c9|3741]: It took 0.00832s to parse the dbt project for DAG using LoadMode.DBT_LS_CACHE","logger":"cosmos.converter","filename":"converter.py","lineno":340}
{"timestamp":"2026-06-29T06:38:05.014223Z","level":"info","event":"Project /tmp/airflow/dag_bundles/my-git-repo/tracking_repo/dbt_project does not have {'dependencies.yml', 'packages.yml'}","logger":"cosmos.dbt.project","filename":"project.py","lineno":40}
{"timestamp":"2026-06-29T06:38:05.014610Z","level":"info","event":"Project /tmp/airflow/dag_bundles/my-git-repo/tracking_repo/dbt_project does not have {'dependencies.yml', 'packages.yml'}","logger":"cosmos.dbt.project","filename":"project.py","lineno":40}
{"timestamp":"2026-06-29T06:38:05.014845Z","level":"info","event":"Cosmos performance (get_cheapshark_deals__dbt_transform) - [d2f09bca74c9|3741]: It took 0.000814s to build the Airflow DAG.","logger":"cosmos.converter","filename":"converter.py","lineno":387}
{"timestamp":"2026-06-29T06:38:05.014901Z","level":"info","event":"::endgroup::Cosmos DAG parsing logs","logger":"cosmos.converter","filename":"converter.py","lineno":390}
{"timestamp":"2026-06-29T06:38:35.863885Z","level":"info","event":"Filling up the DagBag from /tmp/airflow/dag_bundles/my-git-repo/tracking_repo/airflow-dags/cheapshark/DAG_cheapshark.py","logger":"airflow.models.dagbag.DagBag","filename":"dagbag.py","lineno":593}
{"timestamp":"2026-06-29T06:38:36.409554Z","level":"info","event":"::group::Cosmos DAG parsing logs","logger":"cosmos.converter","filename":"converter.py","lineno":293}
{"timestamp":"2026-06-29T06:38:36.410021Z","level":"info","event":"Trying to parse the dbt project using dbt ls cache cosmos_cache__get_cheapshark_deals__dbt_transform...","logger":"cosmos.dbt.graph","filename":"graph.py","lineno":781}
{"timestamp":"2026-06-29T06:38:36.419676Z","level":"info","event":"Cosmos performance: time to calculate cache identifier cosmos_cache__get_cheapshark_deals__dbt_transform for current version: 0.0006040410007699393","logger":"cosmos.cache","filename":"cache.py","lineno":333}
{"timestamp":"2026-06-29T06:38:36.419746Z","level":"info","event":"Cosmos performance [d2f09bca74c9|3769]: The cache size for cosmos_cache__get_cheapshark_deals__dbt_transform is 1726","logger":"cosmos.dbt.graph","filename":"graph.py","lineno":798}
{"timestamp":"2026-06-29T06:38:36.419850Z","level":"info","event":"Cosmos performance: Cache hit for cosmos_cache__get_cheapshark_deals__dbt_transform - 5d5dc19a4d21d68d9e2dd97b4b147311,35c51d063f0c828f4111bbac634f6471","logger":"cosmos.dbt.graph","filename":"graph.py","lineno":806}
{"timestamp":"2026-06-29T06:38:36.421468Z","level":"info","event":"Total nodes: 2","logger":"cosmos.dbt.graph","filename":"graph.py","lineno":711}
{"timestamp":"2026-06-29T06:38:36.421525Z","level":"info","event":"Total filtered nodes: 2","logger":"cosmos.dbt.graph","filename":"graph.py","lineno":712}
{"timestamp":"2026-06-29T06:38:36.421569Z","level":"info","event":"Cosmos performance (get_cheapshark_deals__dbt_transform) -  [d2f09bca74c9|3769]: It took 0.0116s to parse the dbt project for DAG using LoadMode.DBT_LS_CACHE","logger":"cosmos.converter","filename":"converter.py","lineno":340}
{"timestamp":"2026-06-29T06:38:36.421810Z","level":"info","event":"Project /tmp/airflow/dag_bundles/my-git-repo/tracking_repo/dbt_project does not have {'dependencies.yml', 'packages.yml'}","logger":"cosmos.dbt.project","filename":"project.py","lineno":40}
{"timestamp":"2026-06-29T06:38:36.422265Z","level":"info","event":"Project /tmp/airflow/dag_bundles/my-git-repo/tracking_repo/dbt_project does not have {'dependencies.yml', 'packages.yml'}","logger":"cosmos.dbt.project","filename":"project.py","lineno":40}
{"timestamp":"2026-06-29T06:38:36.422509Z","level":"info","event":"Cosmos performance (get_cheapshark_deals__dbt_transform) - [d2f09bca74c9|3769]: It took 0.000943s to build the Airflow DAG.","logger":"cosmos.converter","filename":"converter.py","lineno":387}
{"timestamp":"2026-06-29T06:38:36.422542Z","level":"info","event":"::endgroup::Cosmos DAG parsing logs","logger":"cosmos.converter","filename":"converter.py","lineno":390}
{"timestamp":"2026-06-29T06:39:07.171120Z","level":"info","event":"Filling up the DagBag from /tmp/airflow/dag_bundles/my-git-repo/tracking_repo/airflow-dags/cheapshark/DAG_cheapshark.py","logger":"airflow.models.dagbag.DagBag","filename":"dagbag.py","lineno":593}
{"timestamp":"2026-06-29T06:39:07.816910Z","level":"info","event":"::group::Cosmos DAG parsing logs","logger":"cosmos.converter","filename":"converter.py","lineno":293}
{"timestamp":"2026-06-29T06:39:07.817574Z","level":"info","event":"Trying to parse the dbt project using dbt ls cache cosmos_cache__get_cheapshark_deals__dbt_transform...","logger":"cosmos.dbt.graph","filename":"graph.py","lineno":781}
{"timestamp":"2026-06-29T06:39:07.830092Z","level":"info","event":"Cosmos performance: time to calculate cache identifier cosmos_cache__get_cheapshark_deals__dbt_transform for current version: 0.0005775419995188713","logger":"cosmos.cache","filename":"cache.py","lineno":333}
{"timestamp":"2026-06-29T06:39:07.830156Z","level":"info","event":"Cosmos performance [d2f09bca74c9|3797]: The cache size for cosmos_cache__get_cheapshark_deals__dbt_transform is 1726","logger":"cosmos.dbt.graph","filename":"graph.py","lineno":798}
{"timestamp":"2026-06-29T06:39:07.830267Z","level":"info","event":"Cosmos performance: Cache hit for cosmos_cache__get_cheapshark_deals__dbt_transform - 5d5dc19a4d21d68d9e2dd97b4b147311,35c51d063f0c828f4111bbac634f6471","logger":"cosmos.dbt.graph","filename":"graph.py","lineno":806}
{"timestamp":"2026-06-29T06:39:07.830613Z","level":"info","event":"Total nodes: 2","logger":"cosmos.dbt.graph","filename":"graph.py","lineno":711}
{"timestamp":"2026-06-29T06:39:07.830658Z","level":"info","event":"Total filtered nodes: 2","logger":"cosmos.dbt.graph","filename":"graph.py","lineno":712}
{"timestamp":"2026-06-29T06:39:07.830709Z","level":"info","event":"Cosmos performance (get_cheapshark_deals__dbt_transform) -  [d2f09bca74c9|3797]: It took 0.0132s to parse the dbt project for DAG using LoadMode.DBT_LS_CACHE","logger":"cosmos.converter","filename":"converter.py","lineno":340}
{"timestamp":"2026-06-29T06:39:07.830951Z","level":"info","event":"Project /tmp/airflow/dag_bundles/my-git-repo/tracking_repo/dbt_project does not have {'dependencies.yml', 'packages.yml'}","logger":"cosmos.dbt.project","filename":"project.py","lineno":40}
{"timestamp":"2026-06-29T06:39:07.831443Z","level":"info","event":"Project /tmp/airflow/dag_bundles/my-git-repo/tracking_repo/dbt_project does not have {'dependencies.yml', 'packages.yml'}","logger":"cosmos.dbt.project","filename":"project.py","lineno":40}
{"timestamp":"2026-06-29T06:39:07.831775Z","level":"info","event":"Cosmos performance (get_cheapshark_deals__dbt_transform) - [d2f09bca74c9|3797]: It took 0.00107s to build the Airflow DAG.","logger":"cosmos.converter","filename":"converter.py","lineno":387}
{"timestamp":"2026-06-29T06:39:07.831823Z","level":"info","event":"::endgroup::Cosmos DAG parsing logs","logger":"cosmos.converter","filename":"converter.py","lineno":390}
{"timestamp":"2026-06-29T06:39:38.331856Z","level":"info","event":"Filling up the DagBag from /tmp/airflow/dag_bundles/my-git-repo/tracking_repo/airflow-dags/cheapshark/DAG_cheapshark.py","logger":"airflow.models.dagbag.DagBag","filename":"dagbag.py","lineno":593}
{"timestamp":"2026-06-29T06:39:38.788855Z","level":"info","event":"::group::Cosmos DAG parsing logs","logger":"cosmos.converter","filename":"converter.py","lineno":293}
{"timestamp":"2026-06-29T06:39:38.789182Z","level":"info","event":"Trying to parse the dbt project using dbt ls cache cosmos_cache__get_cheapshark_deals__dbt_transform...","logger":"cosmos.dbt.graph","filename":"graph.py","lineno":781}
{"timestamp":"2026-06-29T06:39:38.796196Z","level":"info","event":"Cosmos performance: time to calculate cache identifier cosmos_cache__get_cheapshark_deals__dbt_transform for current version: 0.00039970799844013527","logger":"cosmos.cache","filename":"cache.py","lineno":333}
{"timestamp":"2026-06-29T06:39:38.796261Z","level":"info","event":"Cosmos performance [d2f09bca74c9|3840]: The cache size for cosmos_cache__get_cheapshark_deals__dbt_transform is 1726","logger":"cosmos.dbt.graph","filename":"graph.py","lineno":798}
{"timestamp":"2026-06-29T06:39:38.796361Z","level":"info","event":"Cosmos performance: Cache hit for cosmos_cache__get_cheapshark_deals__dbt_transform - 5d5dc19a4d21d68d9e2dd97b4b147311,35c51d063f0c828f4111bbac634f6471","logger":"cosmos.dbt.graph","filename":"graph.py","lineno":806}
{"timestamp":"2026-06-29T06:39:38.796602Z","level":"info","event":"Total nodes: 2","logger":"cosmos.dbt.graph","filename":"graph.py","lineno":711}
{"timestamp":"2026-06-29T06:39:38.796637Z","level":"info","event":"Total filtered nodes: 2","logger":"cosmos.dbt.graph","filename":"graph.py","lineno":712}
{"timestamp":"2026-06-29T06:39:38.796676Z","level":"info","event":"Cosmos performance (get_cheapshark_deals__dbt_transform) -  [d2f09bca74c9|3840]: It took 0.00752s to parse the dbt project for DAG using LoadMode.DBT_LS_CACHE","logger":"cosmos.converter","filename":"converter.py","lineno":340}
{"timestamp":"2026-06-29T06:39:38.796893Z","level":"info","event":"Project /tmp/airflow/dag_bundles/my-git-repo/tracking_repo/dbt_project does not have {'dependencies.yml', 'packages.yml'}","logger":"cosmos.dbt.project","filename":"project.py","lineno":40}
{"timestamp":"2026-06-29T06:39:38.797377Z","level":"info","event":"Project /tmp/airflow/dag_bundles/my-git-repo/tracking_repo/dbt_project does not have {'dependencies.yml', 'packages.yml'}","logger":"cosmos.dbt.project","filename":"project.py","lineno":40}
{"timestamp":"2026-06-29T06:39:38.797619Z","level":"info","event":"Cosmos performance (get_cheapshark_deals__dbt_transform) - [d2f09bca74c9|3840]: It took 0.000944s to build the Airflow DAG.","logger":"cosmos.converter","filename":"converter.py","lineno":387}
{"timestamp":"2026-06-29T06:39:38.797651Z","level":"info","event":"::endgroup::Cosmos DAG parsing logs","logger":"cosmos.converter","filename":"converter.py","lineno":390}
{"timestamp":"2026-06-29T06:40:09.622206Z","level":"info","event":"Filling up the DagBag from /tmp/airflow/dag_bundles/my-git-repo/tracking_repo/airflow-dags/cheapshark/DAG_cheapshark.py","logger":"airflow.models.dagbag.DagBag","filename":"dagbag.py","lineno":593}
{"timestamp":"2026-06-29T06:40:10.190629Z","level":"info","event":"::group::Cosmos DAG parsing logs","logger":"cosmos.converter","filename":"converter.py","lineno":293}
{"timestamp":"2026-06-29T06:40:10.191198Z","level":"info","event":"Trying to parse the dbt project using dbt ls cache cosmos_cache__get_cheapshark_deals__dbt_transform...","logger":"cosmos.dbt.graph","filename":"graph.py","lineno":781}
{"timestamp":"2026-06-29T06:40:10.204990Z","level":"info","event":"Cosmos performance: time to calculate cache identifier cosmos_cache__get_cheapshark_deals__dbt_transform for current version: 0.0008566670003347099","logger":"cosmos.cache","filename":"cache.py","lineno":333}
{"timestamp":"2026-06-29T06:40:10.205102Z","level":"info","event":"Cosmos performance [d2f09bca74c9|3868]: The cache size for cosmos_cache__get_cheapshark_deals__dbt_transform is 1726","logger":"cosmos.dbt.graph","filename":"graph.py","lineno":798}
{"timestamp":"2026-06-29T06:40:10.205240Z","level":"info","event":"Cosmos performance: Cache hit for cosmos_cache__get_cheapshark_deals__dbt_transform - 5d5dc19a4d21d68d9e2dd97b4b147311,35c51d063f0c828f4111bbac634f6471","logger":"cosmos.dbt.graph","filename":"graph.py","lineno":806}
{"timestamp":"2026-06-29T06:40:10.205620Z","level":"info","event":"Total nodes: 2","logger":"cosmos.dbt.graph","filename":"graph.py","lineno":711}
{"timestamp":"2026-06-29T06:40:10.205661Z","level":"info","event":"Total filtered nodes: 2","logger":"cosmos.dbt.graph","filename":"graph.py","lineno":712}
{"timestamp":"2026-06-29T06:40:10.205740Z","level":"info","event":"Cosmos performance (get_cheapshark_deals__dbt_transform) -  [d2f09bca74c9|3868]: It took 0.0146s to parse the dbt project for DAG using LoadMode.DBT_LS_CACHE","logger":"cosmos.converter","filename":"converter.py","lineno":340}
{"timestamp":"2026-06-29T06:40:10.206004Z","level":"info","event":"Project /tmp/airflow/dag_bundles/my-git-repo/tracking_repo/dbt_project does not have {'dependencies.yml', 'packages.yml'}","logger":"cosmos.dbt.project","filename":"project.py","lineno":40}
{"timestamp":"2026-06-29T06:40:10.206488Z","level":"info","event":"Project /tmp/airflow/dag_bundles/my-git-repo/tracking_repo/dbt_project does not have {'dependencies.yml', 'packages.yml'}","logger":"cosmos.dbt.project","filename":"project.py","lineno":40}
{"timestamp":"2026-06-29T06:40:10.206775Z","level":"info","event":"Cosmos performance (get_cheapshark_deals__dbt_transform) - [d2f09bca74c9|3868]: It took 0.00106s to build the Airflow DAG.","logger":"cosmos.converter","filename":"converter.py","lineno":387}
{"timestamp":"2026-06-29T06:40:10.206809Z","level":"info","event":"::endgroup::Cosmos DAG parsing logs","logger":"cosmos.converter","filename":"converter.py","lineno":390}
{"timestamp":"2026-06-29T06:40:41.164643Z","level":"info","event":"Filling up the DagBag from /tmp/airflow/dag_bundles/my-git-repo/tracking_repo/airflow-dags/cheapshark/DAG_cheapshark.py","logger":"airflow.models.dagbag.DagBag","filename":"dagbag.py","lineno":593}
{"timestamp":"2026-06-29T06:40:41.856743Z","level":"info","event":"::group::Cosmos DAG parsing logs","logger":"cosmos.converter","filename":"converter.py","lineno":293}
{"timestamp":"2026-06-29T06:40:41.857264Z","level":"info","event":"Trying to parse the dbt project using dbt ls cache cosmos_cache__get_cheapshark_deals__dbt_transform...","logger":"cosmos.dbt.graph","filename":"graph.py","lineno":781}
{"timestamp":"2026-06-29T06:40:41.871667Z","level":"info","event":"Cosmos performance: time to calculate cache identifier cosmos_cache__get_cheapshark_deals__dbt_transform for current version: 0.001614916000107769","logger":"cosmos.cache","filename":"cache.py","lineno":333}
{"timestamp":"2026-06-29T06:40:41.871817Z","level":"info","event":"Cosmos performance [d2f09bca74c9|3896]: The cache size for cosmos_cache__get_cheapshark_deals__dbt_transform is 1726","logger":"cosmos.dbt.graph","filename":"graph.py","lineno":798}
{"timestamp":"2026-06-29T06:40:41.871964Z","level":"info","event":"Cosmos performance: Cache hit for cosmos_cache__get_cheapshark_deals__dbt_transform - 5d5dc19a4d21d68d9e2dd97b4b147311,35c51d063f0c828f4111bbac634f6471","logger":"cosmos.dbt.graph","filename":"graph.py","lineno":806}
{"timestamp":"2026-06-29T06:40:41.872393Z","level":"info","event":"Total nodes: 2","logger":"cosmos.dbt.graph","filename":"graph.py","lineno":711}
{"timestamp":"2026-06-29T06:40:41.872451Z","level":"info","event":"Total filtered nodes: 2","logger":"cosmos.dbt.graph","filename":"graph.py","lineno":712}
{"timestamp":"2026-06-29T06:40:41.872510Z","level":"info","event":"Cosmos performance (get_cheapshark_deals__dbt_transform) -  [d2f09bca74c9|3896]: It took 0.0153s to parse the dbt project for DAG using LoadMode.DBT_LS_CACHE","logger":"cosmos.converter","filename":"converter.py","lineno":340}
{"timestamp":"2026-06-29T06:40:41.873064Z","level":"info","event":"Project /tmp/airflow/dag_bundles/my-git-repo/tracking_repo/dbt_project does not have {'dependencies.yml', 'packages.yml'}","logger":"cosmos.dbt.project","filename":"project.py","lineno":40}
{"timestamp":"2026-06-29T06:40:41.873625Z","level":"info","event":"Project /tmp/airflow/dag_bundles/my-git-repo/tracking_repo/dbt_project does not have {'dependencies.yml', 'packages.yml'}","logger":"cosmos.dbt.project","filename":"project.py","lineno":40}
{"timestamp":"2026-06-29T06:40:41.873922Z","level":"info","event":"Cosmos performance (get_cheapshark_deals__dbt_transform) - [d2f09bca74c9|3896]: It took 0.00143s to build the Airflow DAG.","logger":"cosmos.converter","filename":"converter.py","lineno":387}
{"timestamp":"2026-06-29T06:40:41.873955Z","level":"info","event":"::endgroup::Cosmos DAG parsing logs","logger":"cosmos.converter","filename":"converter.py","lineno":390}
{"timestamp":"2026-06-29T06:41:12.607104Z","level":"info","event":"Filling up the DagBag from /tmp/airflow/dag_bundles/my-git-repo/tracking_repo/airflow-dags/cheapshark/DAG_cheapshark.py","logger":"airflow.models.dagbag.DagBag","filename":"dagbag.py","lineno":593}
{"timestamp":"2026-06-29T06:41:13.018671Z","level":"info","event":"::group::Cosmos DAG parsing logs","logger":"cosmos.converter","filename":"converter.py","lineno":293}
{"timestamp":"2026-06-29T06:41:13.018988Z","level":"info","event":"Trying to parse the dbt project using dbt ls cache cosmos_cache__get_cheapshark_deals__dbt_transform...","logger":"cosmos.dbt.graph","filename":"graph.py","lineno":781}
{"timestamp":"2026-06-29T06:41:13.026534Z","level":"info","event":"Cosmos performance: time to calculate cache identifier cosmos_cache__get_cheapshark_deals__dbt_transform for current version: 0.00037250000605126843","logger":"cosmos.cache","filename":"cache.py","lineno":333}
{"timestamp":"2026-06-29T06:41:13.026598Z","level":"info","event":"Cosmos performance [d2f09bca74c9|3924]: The cache size for cosmos_cache__get_cheapshark_deals__dbt_transform is 1726","logger":"cosmos.dbt.graph","filename":"graph.py","lineno":798}
{"timestamp":"2026-06-29T06:41:13.026715Z","level":"info","event":"Cosmos performance: Cache hit for cosmos_cache__get_cheapshark_deals__dbt_transform - 5d5dc19a4d21d68d9e2dd97b4b147311,35c51d063f0c828f4111bbac634f6471","logger":"cosmos.dbt.graph","filename":"graph.py","lineno":806}
{"timestamp":"2026-06-29T06:41:13.026994Z","level":"info","event":"Total nodes: 2","logger":"cosmos.dbt.graph","filename":"graph.py","lineno":711}
{"timestamp":"2026-06-29T06:41:13.027026Z","level":"info","event":"Total filtered nodes: 2","logger":"cosmos.dbt.graph","filename":"graph.py","lineno":712}
{"timestamp":"2026-06-29T06:41:13.027064Z","level":"info","event":"Cosmos performance (get_cheapshark_deals__dbt_transform) -  [d2f09bca74c9|3924]: It took 0.0081s to parse the dbt project for DAG using LoadMode.DBT_LS_CACHE","logger":"cosmos.converter","filename":"converter.py","lineno":340}
{"timestamp":"2026-06-29T06:41:13.027287Z","level":"info","event":"Project /tmp/airflow/dag_bundles/my-git-repo/tracking_repo/dbt_project does not have {'dependencies.yml', 'packages.yml'}","logger":"cosmos.dbt.project","filename":"project.py","lineno":40}
{"timestamp":"2026-06-29T06:41:13.027743Z","level":"info","event":"Project /tmp/airflow/dag_bundles/my-git-repo/tracking_repo/dbt_project does not have {'dependencies.yml', 'packages.yml'}","logger":"cosmos.dbt.project","filename":"project.py","lineno":40}
{"timestamp":"2026-06-29T06:41:13.027995Z","level":"info","event":"Cosmos performance (get_cheapshark_deals__dbt_transform) - [d2f09bca74c9|3924]: It took 0.000932s to build the Airflow DAG.","logger":"cosmos.converter","filename":"converter.py","lineno":387}
{"timestamp":"2026-06-29T06:41:13.028025Z","level":"info","event":"::endgroup::Cosmos DAG parsing logs","logger":"cosmos.converter","filename":"converter.py","lineno":390}
{"timestamp":"2026-06-29T06:41:43.464509Z","level":"info","event":"Filling up the DagBag from /tmp/airflow/dag_bundles/my-git-repo/tracking_repo/airflow-dags/cheapshark/DAG_cheapshark.py","logger":"airflow.models.dagbag.DagBag","filename":"dagbag.py","lineno":593}
{"timestamp":"2026-06-29T06:41:43.906764Z","level":"info","event":"::group::Cosmos DAG parsing logs","logger":"cosmos.converter","filename":"converter.py","lineno":293}
{"timestamp":"2026-06-29T06:41:43.907083Z","level":"info","event":"Trying to parse the dbt project using dbt ls cache cosmos_cache__get_cheapshark_deals__dbt_transform...","logger":"cosmos.dbt.graph","filename":"graph.py","lineno":781}
{"timestamp":"2026-06-29T06:41:43.914442Z","level":"info","event":"Cosmos performance: time to calculate cache identifier cosmos_cache__get_cheapshark_deals__dbt_transform for current version: 0.00037054199492558837","logger":"cosmos.cache","filename":"cache.py","lineno":333}
{"timestamp":"2026-06-29T06:41:43.914507Z","level":"info","event":"Cosmos performance [d2f09bca74c9|3967]: The cache size for cosmos_cache__get_cheapshark_deals__dbt_transform is 1726","logger":"cosmos.dbt.graph","filename":"graph.py","lineno":798}
{"timestamp":"2026-06-29T06:41:43.914602Z","level":"info","event":"Cosmos performance: Cache hit for cosmos_cache__get_cheapshark_deals__dbt_transform - 5d5dc19a4d21d68d9e2dd97b4b147311,35c51d063f0c828f4111bbac634f6471","logger":"cosmos.dbt.graph","filename":"graph.py","lineno":806}
{"timestamp":"2026-06-29T06:41:43.914840Z","level":"info","event":"Total nodes: 2","logger":"cosmos.dbt.graph","filename":"graph.py","lineno":711}
{"timestamp":"2026-06-29T06:41:43.914878Z","level":"info","event":"Total filtered nodes: 2","logger":"cosmos.dbt.graph","filename":"graph.py","lineno":712}
{"timestamp":"2026-06-29T06:41:43.914917Z","level":"info","event":"Cosmos performance (get_cheapshark_deals__dbt_transform) -  [d2f09bca74c9|3967]: It took 0.00786s to parse the dbt project for DAG using LoadMode.DBT_LS_CACHE","logger":"cosmos.converter","filename":"converter.py","lineno":340}
{"timestamp":"2026-06-29T06:41:43.915137Z","level":"info","event":"Project /tmp/airflow/dag_bundles/my-git-repo/tracking_repo/dbt_project does not have {'dependencies.yml', 'packages.yml'}","logger":"cosmos.dbt.project","filename":"project.py","lineno":40}
{"timestamp":"2026-06-29T06:41:43.915546Z","level":"info","event":"Project /tmp/airflow/dag_bundles/my-git-repo/tracking_repo/dbt_project does not have {'dependencies.yml', 'packages.yml'}","logger":"cosmos.dbt.project","filename":"project.py","lineno":40}
{"timestamp":"2026-06-29T06:41:43.915779Z","level":"info","event":"Cosmos performance (get_cheapshark_deals__dbt_transform) - [d2f09bca74c9|3967]: It took 0.000855s to build the Airflow DAG.","logger":"cosmos.converter","filename":"converter.py","lineno":387}
{"timestamp":"2026-06-29T06:41:43.915809Z","level":"info","event":"::endgroup::Cosmos DAG parsing logs","logger":"cosmos.converter","filename":"converter.py","lineno":390}
{"timestamp":"2026-06-29T06:42:14.693572Z","level":"info","event":"Filling up the DagBag from /tmp/airflow/dag_bundles/my-git-repo/tracking_repo/airflow-dags/cheapshark/DAG_cheapshark.py","logger":"airflow.models.dagbag.DagBag","filename":"dagbag.py","lineno":593}
{"timestamp":"2026-06-29T06:42:15.586135Z","level":"info","event":"::group::Cosmos DAG parsing logs","logger":"cosmos.converter","filename":"converter.py","lineno":293}
{"timestamp":"2026-06-29T06:42:15.588307Z","level":"info","event":"Trying to parse the dbt project using dbt ls cache cosmos_cache__get_cheapshark_deals__dbt_transform...","logger":"cosmos.dbt.graph","filename":"graph.py","lineno":781}
{"timestamp":"2026-06-29T06:42:15.605226Z","level":"info","event":"Cosmos performance: time to calculate cache identifier cosmos_cache__get_cheapshark_deals__dbt_transform for current version: 0.000895249999302905","logger":"cosmos.cache","filename":"cache.py","lineno":333}
{"timestamp":"2026-06-29T06:42:15.605307Z","level":"info","event":"Cosmos performance [d2f09bca74c9|3995]: The cache size for cosmos_cache__get_cheapshark_deals__dbt_transform is 1726","logger":"cosmos.dbt.graph","filename":"graph.py","lineno":798}
{"timestamp":"2026-06-29T06:42:15.605459Z","level":"info","event":"Cosmos performance: Cache hit for cosmos_cache__get_cheapshark_deals__dbt_transform - 5d5dc19a4d21d68d9e2dd97b4b147311,35c51d063f0c828f4111bbac634f6471","logger":"cosmos.dbt.graph","filename":"graph.py","lineno":806}
{"timestamp":"2026-06-29T06:42:15.607586Z","level":"info","event":"Total nodes: 2","logger":"cosmos.dbt.graph","filename":"graph.py","lineno":711}
{"timestamp":"2026-06-29T06:42:15.607664Z","level":"info","event":"Total filtered nodes: 2","logger":"cosmos.dbt.graph","filename":"graph.py","lineno":712}
{"timestamp":"2026-06-29T06:42:15.607757Z","level":"info","event":"Cosmos performance (get_cheapshark_deals__dbt_transform) -  [d2f09bca74c9|3995]: It took 0.0195s to parse the dbt project for DAG using LoadMode.DBT_LS_CACHE","logger":"cosmos.converter","filename":"converter.py","lineno":340}
{"timestamp":"2026-06-29T06:42:15.608112Z","level":"info","event":"Project /tmp/airflow/dag_bundles/my-git-repo/tracking_repo/dbt_project does not have {'dependencies.yml', 'packages.yml'}","logger":"cosmos.dbt.project","filename":"project.py","lineno":40}
{"timestamp":"2026-06-29T06:42:15.608730Z","level":"info","event":"Project /tmp/airflow/dag_bundles/my-git-repo/tracking_repo/dbt_project does not have {'dependencies.yml', 'packages.yml'}","logger":"cosmos.dbt.project","filename":"project.py","lineno":40}
{"timestamp":"2026-06-29T06:42:15.609090Z","level":"info","event":"Cosmos performance (get_cheapshark_deals__dbt_transform) - [d2f09bca74c9|3995]: It took 0.00136s to build the Airflow DAG.","logger":"cosmos.converter","filename":"converter.py","lineno":387}
{"timestamp":"2026-06-29T06:42:15.609134Z","level":"info","event":"::endgroup::Cosmos DAG parsing logs","logger":"cosmos.converter","filename":"converter.py","lineno":390}
{"timestamp":"2026-06-29T06:42:46.408367Z","level":"info","event":"Filling up the DagBag from /tmp/airflow/dag_bundles/my-git-repo/tracking_repo/airflow-dags/cheapshark/DAG_cheapshark.py","logger":"airflow.models.dagbag.DagBag","filename":"dagbag.py","lineno":593}
{"timestamp":"2026-06-29T06:42:46.912437Z","level":"info","event":"::group::Cosmos DAG parsing logs","logger":"cosmos.converter","filename":"converter.py","lineno":293}
{"timestamp":"2026-06-29T06:42:46.912945Z","level":"info","event":"Trying to parse the dbt project using dbt ls cache cosmos_cache__get_cheapshark_deals__dbt_transform...","logger":"cosmos.dbt.graph","filename":"graph.py","lineno":781}
{"timestamp":"2026-06-29T06:42:46.925647Z","level":"info","event":"Cosmos performance: time to calculate cache identifier cosmos_cache__get_cheapshark_deals__dbt_transform for current version: 0.0005830829977639951","logger":"cosmos.cache","filename":"cache.py","lineno":333}
{"timestamp":"2026-06-29T06:42:46.925719Z","level":"info","event":"Cosmos performance [d2f09bca74c9|4023]: The cache size for cosmos_cache__get_cheapshark_deals__dbt_transform is 1726","logger":"cosmos.dbt.graph","filename":"graph.py","lineno":798}
{"timestamp":"2026-06-29T06:42:46.925831Z","level":"info","event":"Cosmos performance: Cache hit for cosmos_cache__get_cheapshark_deals__dbt_transform - 5d5dc19a4d21d68d9e2dd97b4b147311,35c51d063f0c828f4111bbac634f6471","logger":"cosmos.dbt.graph","filename":"graph.py","lineno":806}
{"timestamp":"2026-06-29T06:42:46.926142Z","level":"info","event":"Total nodes: 2","logger":"cosmos.dbt.graph","filename":"graph.py","lineno":711}
{"timestamp":"2026-06-29T06:42:46.926185Z","level":"info","event":"Total filtered nodes: 2","logger":"cosmos.dbt.graph","filename":"graph.py","lineno":712}
{"timestamp":"2026-06-29T06:42:46.926230Z","level":"info","event":"Cosmos performance (get_cheapshark_deals__dbt_transform) -  [d2f09bca74c9|4023]: It took 0.0133s to parse the dbt project for DAG using LoadMode.DBT_LS_CACHE","logger":"cosmos.converter","filename":"converter.py","lineno":340}
{"timestamp":"2026-06-29T06:42:46.926457Z","level":"info","event":"Project /tmp/airflow/dag_bundles/my-git-repo/tracking_repo/dbt_project does not have {'dependencies.yml', 'packages.yml'}","logger":"cosmos.dbt.project","filename":"project.py","lineno":40}
{"timestamp":"2026-06-29T06:42:46.926895Z","level":"info","event":"Project /tmp/airflow/dag_bundles/my-git-repo/tracking_repo/dbt_project does not have {'dependencies.yml', 'packages.yml'}","logger":"cosmos.dbt.project","filename":"project.py","lineno":40}
{"timestamp":"2026-06-29T06:42:46.927163Z","level":"info","event":"Cosmos performance (get_cheapshark_deals__dbt_transform) - [d2f09bca74c9|4023]: It took 0.000932s to build the Airflow DAG.","logger":"cosmos.converter","filename":"converter.py","lineno":387}
{"timestamp":"2026-06-29T06:42:46.927195Z","level":"info","event":"::endgroup::Cosmos DAG parsing logs","logger":"cosmos.converter","filename":"converter.py","lineno":390}
{"timestamp":"2026-06-29T06:43:17.458000Z","level":"info","event":"Filling up the DagBag from /tmp/airflow/dag_bundles/my-git-repo/tracking_repo/airflow-dags/cheapshark/DAG_cheapshark.py","logger":"airflow.models.dagbag.DagBag","filename":"dagbag.py","lineno":593}
{"timestamp":"2026-06-29T06:43:17.890099Z","level":"info","event":"::group::Cosmos DAG parsing logs","logger":"cosmos.converter","filename":"converter.py","lineno":293}
{"timestamp":"2026-06-29T06:43:17.890431Z","level":"info","event":"Trying to parse the dbt project using dbt ls cache cosmos_cache__get_cheapshark_deals__dbt_transform...","logger":"cosmos.dbt.graph","filename":"graph.py","lineno":781}
{"timestamp":"2026-06-29T06:43:17.897212Z","level":"info","event":"Cosmos performance: time to calculate cache identifier cosmos_cache__get_cheapshark_deals__dbt_transform for current version: 0.0003772909985855222","logger":"cosmos.cache","filename":"cache.py","lineno":333}
{"timestamp":"2026-06-29T06:43:17.897276Z","level":"info","event":"Cosmos performance [d2f09bca74c9|4066]: The cache size for cosmos_cache__get_cheapshark_deals__dbt_transform is 1726","logger":"cosmos.dbt.graph","filename":"graph.py","lineno":798}
{"timestamp":"2026-06-29T06:43:17.897372Z","level":"info","event":"Cosmos performance: Cache hit for cosmos_cache__get_cheapshark_deals__dbt_transform - 5d5dc19a4d21d68d9e2dd97b4b147311,35c51d063f0c828f4111bbac634f6471","logger":"cosmos.dbt.graph","filename":"graph.py","lineno":806}
{"timestamp":"2026-06-29T06:43:17.898700Z","level":"info","event":"Total nodes: 2","logger":"cosmos.dbt.graph","filename":"graph.py","lineno":711}
{"timestamp":"2026-06-29T06:43:17.898746Z","level":"info","event":"Total filtered nodes: 2","logger":"cosmos.dbt.graph","filename":"graph.py","lineno":712}
{"timestamp":"2026-06-29T06:43:17.898791Z","level":"info","event":"Cosmos performance (get_cheapshark_deals__dbt_transform) -  [d2f09bca74c9|4066]: It took 0.00839s to parse the dbt project for DAG using LoadMode.DBT_LS_CACHE","logger":"cosmos.converter","filename":"converter.py","lineno":340}
{"timestamp":"2026-06-29T06:43:17.899009Z","level":"info","event":"Project /tmp/airflow/dag_bundles/my-git-repo/tracking_repo/dbt_project does not have {'dependencies.yml', 'packages.yml'}","logger":"cosmos.dbt.project","filename":"project.py","lineno":40}
{"timestamp":"2026-06-29T06:43:17.899429Z","level":"info","event":"Project /tmp/airflow/dag_bundles/my-git-repo/tracking_repo/dbt_project does not have {'dependencies.yml', 'packages.yml'}","logger":"cosmos.dbt.project","filename":"project.py","lineno":40}
{"timestamp":"2026-06-29T06:43:17.899695Z","level":"info","event":"Cosmos performance (get_cheapshark_deals__dbt_transform) - [d2f09bca74c9|4066]: It took 0.000904s to build the Airflow DAG.","logger":"cosmos.converter","filename":"converter.py","lineno":387}
{"timestamp":"2026-06-29T06:43:17.899725Z","level":"info","event":"::endgroup::Cosmos DAG parsing logs","logger":"cosmos.converter","filename":"converter.py","lineno":390}
{"timestamp":"2026-06-29T06:43:48.623094Z","level":"info","event":"Filling up the DagBag from /tmp/airflow/dag_bundles/my-git-repo/tracking_repo/airflow-dags/cheapshark/DAG_cheapshark.py","logger":"airflow.models.dagbag.DagBag","filename":"dagbag.py","lineno":593}
{"timestamp":"2026-06-29T06:43:49.063219Z","level":"info","event":"::group::Cosmos DAG parsing logs","logger":"cosmos.converter","filename":"converter.py","lineno":293}
{"timestamp":"2026-06-29T06:43:49.063567Z","level":"info","event":"Trying to parse the dbt project using dbt ls cache cosmos_cache__get_cheapshark_deals__dbt_transform...","logger":"cosmos.dbt.graph","filename":"graph.py","lineno":781}
{"timestamp":"2026-06-29T06:43:49.070513Z","level":"info","event":"Cosmos performance: time to calculate cache identifier cosmos_cache__get_cheapshark_deals__dbt_transform for current version: 0.0005289159962558188","logger":"cosmos.cache","filename":"cache.py","lineno":333}
{"timestamp":"2026-06-29T06:43:49.070568Z","level":"info","event":"Cosmos performance [d2f09bca74c9|4094]: The cache size for cosmos_cache__get_cheapshark_deals__dbt_transform is 1726","logger":"cosmos.dbt.graph","filename":"graph.py","lineno":798}
{"timestamp":"2026-06-29T06:43:49.070684Z","level":"info","event":"Cosmos performance: Cache hit for cosmos_cache__get_cheapshark_deals__dbt_transform - 5d5dc19a4d21d68d9e2dd97b4b147311,35c51d063f0c828f4111bbac634f6471","logger":"cosmos.dbt.graph","filename":"graph.py","lineno":806}
{"timestamp":"2026-06-29T06:43:49.070914Z","level":"info","event":"Total nodes: 2","logger":"cosmos.dbt.graph","filename":"graph.py","lineno":711}
{"timestamp":"2026-06-29T06:43:49.070952Z","level":"info","event":"Total filtered nodes: 2","logger":"cosmos.dbt.graph","filename":"graph.py","lineno":712}
{"timestamp":"2026-06-29T06:43:49.070998Z","level":"info","event":"Cosmos performance (get_cheapshark_deals__dbt_transform) -  [d2f09bca74c9|4094]: It took 0.00746s to parse the dbt project for DAG using LoadMode.DBT_LS_CACHE","logger":"cosmos.converter","filename":"converter.py","lineno":340}
{"timestamp":"2026-06-29T06:43:49.071226Z","level":"info","event":"Project /tmp/airflow/dag_bundles/my-git-repo/tracking_repo/dbt_project does not have {'dependencies.yml', 'packages.yml'}","logger":"cosmos.dbt.project","filename":"project.py","lineno":40}
{"timestamp":"2026-06-29T06:43:49.071670Z","level":"info","event":"Project /tmp/airflow/dag_bundles/my-git-repo/tracking_repo/dbt_project does not have {'dependencies.yml', 'packages.yml'}","logger":"cosmos.dbt.project","filename":"project.py","lineno":40}
{"timestamp":"2026-06-29T06:43:49.071913Z","level":"info","event":"Cosmos performance (get_cheapshark_deals__dbt_transform) - [d2f09bca74c9|4094]: It took 0.000916s to build the Airflow DAG.","logger":"cosmos.converter","filename":"converter.py","lineno":387}
{"timestamp":"2026-06-29T06:43:49.071945Z","level":"info","event":"::endgroup::Cosmos DAG parsing logs","logger":"cosmos.converter","filename":"converter.py","lineno":390}
{"timestamp":"2026-06-29T06:44:19.819033Z","level":"info","event":"Filling up the DagBag from /tmp/airflow/dag_bundles/my-git-repo/tracking_repo/airflow-dags/cheapshark/DAG_cheapshark.py","logger":"airflow.models.dagbag.DagBag","filename":"dagbag.py","lineno":593}
{"timestamp":"2026-06-29T06:44:20.249908Z","level":"info","event":"::group::Cosmos DAG parsing logs","logger":"cosmos.converter","filename":"converter.py","lineno":293}
{"timestamp":"2026-06-29T06:44:20.250248Z","level":"info","event":"Trying to parse the dbt project using dbt ls cache cosmos_cache__get_cheapshark_deals__dbt_transform...","logger":"cosmos.dbt.graph","filename":"graph.py","lineno":781}
{"timestamp":"2026-06-29T06:44:20.257150Z","level":"info","event":"Cosmos performance: time to calculate cache identifier cosmos_cache__get_cheapshark_deals__dbt_transform for current version: 0.00039108400233089924","logger":"cosmos.cache","filename":"cache.py","lineno":333}
{"timestamp":"2026-06-29T06:44:20.257203Z","level":"info","event":"Cosmos performance [d2f09bca74c9|4122]: The cache size for cosmos_cache__get_cheapshark_deals__dbt_transform is 1726","logger":"cosmos.dbt.graph","filename":"graph.py","lineno":798}
{"timestamp":"2026-06-29T06:44:20.257300Z","level":"info","event":"Cosmos performance: Cache hit for cosmos_cache__get_cheapshark_deals__dbt_transform - 5d5dc19a4d21d68d9e2dd97b4b147311,35c51d063f0c828f4111bbac634f6471","logger":"cosmos.dbt.graph","filename":"graph.py","lineno":806}
{"timestamp":"2026-06-29T06:44:20.258478Z","level":"info","event":"Total nodes: 2","logger":"cosmos.dbt.graph","filename":"graph.py","lineno":711}
{"timestamp":"2026-06-29T06:44:20.258520Z","level":"info","event":"Total filtered nodes: 2","logger":"cosmos.dbt.graph","filename":"graph.py","lineno":712}
{"timestamp":"2026-06-29T06:44:20.258565Z","level":"info","event":"Cosmos performance (get_cheapshark_deals__dbt_transform) -  [d2f09bca74c9|4122]: It took 0.00834s to parse the dbt project for DAG using LoadMode.DBT_LS_CACHE","logger":"cosmos.converter","filename":"converter.py","lineno":340}
{"timestamp":"2026-06-29T06:44:20.258788Z","level":"info","event":"Project /tmp/airflow/dag_bundles/my-git-repo/tracking_repo/dbt_project does not have {'dependencies.yml', 'packages.yml'}","logger":"cosmos.dbt.project","filename":"project.py","lineno":40}
{"timestamp":"2026-06-29T06:44:20.259189Z","level":"info","event":"Project /tmp/airflow/dag_bundles/my-git-repo/tracking_repo/dbt_project does not have {'dependencies.yml', 'packages.yml'}","logger":"cosmos.dbt.project","filename":"project.py","lineno":40}
{"timestamp":"2026-06-29T06:44:20.259432Z","level":"info","event":"Cosmos performance (get_cheapshark_deals__dbt_transform) - [d2f09bca74c9|4122]: It took 0.000872s to build the Airflow DAG.","logger":"cosmos.converter","filename":"converter.py","lineno":387}
{"timestamp":"2026-06-29T06:44:20.259471Z","level":"info","event":"::endgroup::Cosmos DAG parsing logs","logger":"cosmos.converter","filename":"converter.py","lineno":390}
{"timestamp":"2026-06-29T06:44:51.031799Z","level":"info","event":"Filling up the DagBag from /tmp/airflow/dag_bundles/my-git-repo/tracking_repo/airflow-dags/cheapshark/DAG_cheapshark.py","logger":"airflow.models.dagbag.DagBag","filename":"dagbag.py","lineno":593}
{"timestamp":"2026-06-29T06:44:51.471372Z","level":"info","event":"::group::Cosmos DAG parsing logs","logger":"cosmos.converter","filename":"converter.py","lineno":293}
{"timestamp":"2026-06-29T06:44:51.471753Z","level":"info","event":"Trying to parse the dbt project using dbt ls cache cosmos_cache__get_cheapshark_deals__dbt_transform...","logger":"cosmos.dbt.graph","filename":"graph.py","lineno":781}
{"timestamp":"2026-06-29T06:44:51.480983Z","level":"info","event":"Cosmos performance: time to calculate cache identifier cosmos_cache__get_cheapshark_deals__dbt_transform for current version: 0.000559667001652997","logger":"cosmos.cache","filename":"cache.py","lineno":333}
{"timestamp":"2026-06-29T06:44:51.481062Z","level":"info","event":"Cosmos performance [d2f09bca74c9|4150]: The cache size for cosmos_cache__get_cheapshark_deals__dbt_transform is 1726","logger":"cosmos.dbt.graph","filename":"graph.py","lineno":798}
{"timestamp":"2026-06-29T06:44:51.481187Z","level":"info","event":"Cosmos performance: Cache hit for cosmos_cache__get_cheapshark_deals__dbt_transform - 5d5dc19a4d21d68d9e2dd97b4b147311,35c51d063f0c828f4111bbac634f6471","logger":"cosmos.dbt.graph","filename":"graph.py","lineno":806}
{"timestamp":"2026-06-29T06:44:51.481517Z","level":"info","event":"Total nodes: 2","logger":"cosmos.dbt.graph","filename":"graph.py","lineno":711}
{"timestamp":"2026-06-29T06:44:51.481551Z","level":"info","event":"Total filtered nodes: 2","logger":"cosmos.dbt.graph","filename":"graph.py","lineno":712}
{"timestamp":"2026-06-29T06:44:51.481604Z","level":"info","event":"Cosmos performance (get_cheapshark_deals__dbt_transform) -  [d2f09bca74c9|4150]: It took 0.00986s to parse the dbt project for DAG using LoadMode.DBT_LS_CACHE","logger":"cosmos.converter","filename":"converter.py","lineno":340}
{"timestamp":"2026-06-29T06:44:51.481842Z","level":"info","event":"Project /tmp/airflow/dag_bundles/my-git-repo/tracking_repo/dbt_project does not have {'dependencies.yml', 'packages.yml'}","logger":"cosmos.dbt.project","filename":"project.py","lineno":40}
{"timestamp":"2026-06-29T06:44:51.482274Z","level":"info","event":"Project /tmp/airflow/dag_bundles/my-git-repo/tracking_repo/dbt_project does not have {'dependencies.yml', 'packages.yml'}","logger":"cosmos.dbt.project","filename":"project.py","lineno":40}
{"timestamp":"2026-06-29T06:44:51.482591Z","level":"info","event":"Cosmos performance (get_cheapshark_deals__dbt_transform) - [d2f09bca74c9|4150]: It took 0.000982s to build the Airflow DAG.","logger":"cosmos.converter","filename":"converter.py","lineno":387}
{"timestamp":"2026-06-29T06:44:51.482626Z","level":"info","event":"::endgroup::Cosmos DAG parsing logs","logger":"cosmos.converter","filename":"converter.py","lineno":390}
{"timestamp":"2026-06-29T06:45:21.871797Z","level":"info","event":"Filling up the DagBag from /tmp/airflow/dag_bundles/my-git-repo/tracking_repo/airflow-dags/cheapshark/DAG_cheapshark.py","logger":"airflow.models.dagbag.DagBag","filename":"dagbag.py","lineno":593}
{"timestamp":"2026-06-29T06:45:22.275414Z","level":"info","event":"::group::Cosmos DAG parsing logs","logger":"cosmos.converter","filename":"converter.py","lineno":293}
{"timestamp":"2026-06-29T06:45:22.275718Z","level":"info","event":"Trying to parse the dbt project using dbt ls cache cosmos_cache__get_cheapshark_deals__dbt_transform...","logger":"cosmos.dbt.graph","filename":"graph.py","lineno":781}
{"timestamp":"2026-06-29T06:45:22.282361Z","level":"info","event":"Cosmos performance: time to calculate cache identifier cosmos_cache__get_cheapshark_deals__dbt_transform for current version: 0.00039620800089323893","logger":"cosmos.cache","filename":"cache.py","lineno":333}
{"timestamp":"2026-06-29T06:45:22.282424Z","level":"info","event":"Cosmos performance [d2f09bca74c9|4192]: The cache size for cosmos_cache__get_cheapshark_deals__dbt_transform is 1726","logger":"cosmos.dbt.graph","filename":"graph.py","lineno":798}
{"timestamp":"2026-06-29T06:45:22.282527Z","level":"info","event":"Cosmos performance: Cache hit for cosmos_cache__get_cheapshark_deals__dbt_transform - 5d5dc19a4d21d68d9e2dd97b4b147311,35c51d063f0c828f4111bbac634f6471","logger":"cosmos.dbt.graph","filename":"graph.py","lineno":806}
{"timestamp":"2026-06-29T06:45:22.282763Z","level":"info","event":"Total nodes: 2","logger":"cosmos.dbt.graph","filename":"graph.py","lineno":711}
{"timestamp":"2026-06-29T06:45:22.282801Z","level":"info","event":"Total filtered nodes: 2","logger":"cosmos.dbt.graph","filename":"graph.py","lineno":712}
{"timestamp":"2026-06-29T06:45:22.282837Z","level":"info","event":"Cosmos performance (get_cheapshark_deals__dbt_transform) -  [d2f09bca74c9|4192]: It took 0.00714s to parse the dbt project for DAG using LoadMode.DBT_LS_CACHE","logger":"cosmos.converter","filename":"converter.py","lineno":340}
{"timestamp":"2026-06-29T06:45:22.283046Z","level":"info","event":"Project /tmp/airflow/dag_bundles/my-git-repo/tracking_repo/dbt_project does not have {'dependencies.yml', 'packages.yml'}","logger":"cosmos.dbt.project","filename":"project.py","lineno":40}
{"timestamp":"2026-06-29T06:45:22.283472Z","level":"info","event":"Project /tmp/airflow/dag_bundles/my-git-repo/tracking_repo/dbt_project does not have {'dependencies.yml', 'packages.yml'}","logger":"cosmos.dbt.project","filename":"project.py","lineno":40}
{"timestamp":"2026-06-29T06:45:22.283709Z","level":"info","event":"Cosmos performance (get_cheapshark_deals__dbt_transform) - [d2f09bca74c9|4192]: It took 0.000864s to build the Airflow DAG.","logger":"cosmos.converter","filename":"converter.py","lineno":387}
{"timestamp":"2026-06-29T06:45:22.283742Z","level":"info","event":"::endgroup::Cosmos DAG parsing logs","logger":"cosmos.converter","filename":"converter.py","lineno":390}
{"timestamp":"2026-06-29T06:45:53.068312Z","level":"info","event":"Filling up the DagBag from /tmp/airflow/dag_bundles/my-git-repo/tracking_repo/airflow-dags/cheapshark/DAG_cheapshark.py","logger":"airflow.models.dagbag.DagBag","filename":"dagbag.py","lineno":593}
{"timestamp":"2026-06-29T06:45:53.471598Z","level":"info","event":"::group::Cosmos DAG parsing logs","logger":"cosmos.converter","filename":"converter.py","lineno":293}
{"timestamp":"2026-06-29T06:45:53.471973Z","level":"info","event":"Trying to parse the dbt project using dbt ls cache cosmos_cache__get_cheapshark_deals__dbt_transform...","logger":"cosmos.dbt.graph","filename":"graph.py","lineno":781}
{"timestamp":"2026-06-29T06:45:53.479549Z","level":"info","event":"Cosmos performance: time to calculate cache identifier cosmos_cache__get_cheapshark_deals__dbt_transform for current version: 0.00045074999798089266","logger":"cosmos.cache","filename":"cache.py","lineno":333}
{"timestamp":"2026-06-29T06:45:53.479611Z","level":"info","event":"Cosmos performance [d2f09bca74c9|4220]: The cache size for cosmos_cache__get_cheapshark_deals__dbt_transform is 1726","logger":"cosmos.dbt.graph","filename":"graph.py","lineno":798}
{"timestamp":"2026-06-29T06:45:53.479707Z","level":"info","event":"Cosmos performance: Cache hit for cosmos_cache__get_cheapshark_deals__dbt_transform - 5d5dc19a4d21d68d9e2dd97b4b147311,35c51d063f0c828f4111bbac634f6471","logger":"cosmos.dbt.graph","filename":"graph.py","lineno":806}
{"timestamp":"2026-06-29T06:45:53.479948Z","level":"info","event":"Total nodes: 2","logger":"cosmos.dbt.graph","filename":"graph.py","lineno":711}
{"timestamp":"2026-06-29T06:45:53.479995Z","level":"info","event":"Total filtered nodes: 2","logger":"cosmos.dbt.graph","filename":"graph.py","lineno":712}
{"timestamp":"2026-06-29T06:45:53.480035Z","level":"info","event":"Cosmos performance (get_cheapshark_deals__dbt_transform) -  [d2f09bca74c9|4220]: It took 0.00809s to parse the dbt project for DAG using LoadMode.DBT_LS_CACHE","logger":"cosmos.converter","filename":"converter.py","lineno":340}
{"timestamp":"2026-06-29T06:45:53.480260Z","level":"info","event":"Project /tmp/airflow/dag_bundles/my-git-repo/tracking_repo/dbt_project does not have {'dependencies.yml', 'packages.yml'}","logger":"cosmos.dbt.project","filename":"project.py","lineno":40}
{"timestamp":"2026-06-29T06:45:53.480682Z","level":"info","event":"Project /tmp/airflow/dag_bundles/my-git-repo/tracking_repo/dbt_project does not have {'dependencies.yml', 'packages.yml'}","logger":"cosmos.dbt.project","filename":"project.py","lineno":40}
{"timestamp":"2026-06-29T06:45:53.480916Z","level":"info","event":"Cosmos performance (get_cheapshark_deals__dbt_transform) - [d2f09bca74c9|4220]: It took 0.000876s to build the Airflow DAG.","logger":"cosmos.converter","filename":"converter.py","lineno":387}
{"timestamp":"2026-06-29T06:45:53.480944Z","level":"info","event":"::endgroup::Cosmos DAG parsing logs","logger":"cosmos.converter","filename":"converter.py","lineno":390}
{"timestamp":"2026-06-29T06:46:24.277722Z","level":"info","event":"Filling up the DagBag from /tmp/airflow/dag_bundles/my-git-repo/tracking_repo/airflow-dags/cheapshark/DAG_cheapshark.py","logger":"airflow.models.dagbag.DagBag","filename":"dagbag.py","lineno":593}
{"timestamp":"2026-06-29T06:46:24.662766Z","level":"info","event":"::group::Cosmos DAG parsing logs","logger":"cosmos.converter","filename":"converter.py","lineno":293}
{"timestamp":"2026-06-29T06:46:24.663080Z","level":"info","event":"Trying to parse the dbt project using dbt ls cache cosmos_cache__get_cheapshark_deals__dbt_transform...","logger":"cosmos.dbt.graph","filename":"graph.py","lineno":781}
{"timestamp":"2026-06-29T06:46:24.670216Z","level":"info","event":"Cosmos performance: time to calculate cache identifier cosmos_cache__get_cheapshark_deals__dbt_transform for current version: 0.00040012500539887697","logger":"cosmos.cache","filename":"cache.py","lineno":333}
{"timestamp":"2026-06-29T06:46:24.670285Z","level":"info","event":"Cosmos performance [d2f09bca74c9|4248]: The cache size for cosmos_cache__get_cheapshark_deals__dbt_transform is 1726","logger":"cosmos.dbt.graph","filename":"graph.py","lineno":798}
{"timestamp":"2026-06-29T06:46:24.670402Z","level":"info","event":"Cosmos performance: Cache hit for cosmos_cache__get_cheapshark_deals__dbt_transform - 5d5dc19a4d21d68d9e2dd97b4b147311,35c51d063f0c828f4111bbac634f6471","logger":"cosmos.dbt.graph","filename":"graph.py","lineno":806}
{"timestamp":"2026-06-29T06:46:24.670650Z","level":"info","event":"Total nodes: 2","logger":"cosmos.dbt.graph","filename":"graph.py","lineno":711}
{"timestamp":"2026-06-29T06:46:24.670688Z","level":"info","event":"Total filtered nodes: 2","logger":"cosmos.dbt.graph","filename":"graph.py","lineno":712}
{"timestamp":"2026-06-29T06:46:24.670722Z","level":"info","event":"Cosmos performance (get_cheapshark_deals__dbt_transform) -  [d2f09bca74c9|4248]: It took 0.00767s to parse the dbt project for DAG using LoadMode.DBT_LS_CACHE","logger":"cosmos.converter","filename":"converter.py","lineno":340}
{"timestamp":"2026-06-29T06:46:24.670936Z","level":"info","event":"Project /tmp/airflow/dag_bundles/my-git-repo/tracking_repo/dbt_project does not have {'dependencies.yml', 'packages.yml'}","logger":"cosmos.dbt.project","filename":"project.py","lineno":40}
{"timestamp":"2026-06-29T06:46:24.671393Z","level":"info","event":"Project /tmp/airflow/dag_bundles/my-git-repo/tracking_repo/dbt_project does not have {'dependencies.yml', 'packages.yml'}","logger":"cosmos.dbt.project","filename":"project.py","lineno":40}
{"timestamp":"2026-06-29T06:46:24.671637Z","level":"info","event":"Cosmos performance (get_cheapshark_deals__dbt_transform) - [d2f09bca74c9|4248]: It took 0.000914s to build the Airflow DAG.","logger":"cosmos.converter","filename":"converter.py","lineno":387}
{"timestamp":"2026-06-29T06:46:24.671676Z","level":"info","event":"::endgroup::Cosmos DAG parsing logs","logger":"cosmos.converter","filename":"converter.py","lineno":390}
{"timestamp":"2026-06-29T06:46:55.432760Z","level":"info","event":"Filling up the DagBag from /tmp/airflow/dag_bundles/my-git-repo/tracking_repo/airflow-dags/cheapshark/DAG_cheapshark.py","logger":"airflow.models.dagbag.DagBag","filename":"dagbag.py","lineno":593}
{"timestamp":"2026-06-29T06:46:55.854607Z","level":"info","event":"::group::Cosmos DAG parsing logs","logger":"cosmos.converter","filename":"converter.py","lineno":293}
{"timestamp":"2026-06-29T06:46:55.854938Z","level":"info","event":"Trying to parse the dbt project using dbt ls cache cosmos_cache__get_cheapshark_deals__dbt_transform...","logger":"cosmos.dbt.graph","filename":"graph.py","lineno":781}
{"timestamp":"2026-06-29T06:46:55.861895Z","level":"info","event":"Cosmos performance: time to calculate cache identifier cosmos_cache__get_cheapshark_deals__dbt_transform for current version: 0.00041399999463465065","logger":"cosmos.cache","filename":"cache.py","lineno":333}
{"timestamp":"2026-06-29T06:46:55.861963Z","level":"info","event":"Cosmos performance [d2f09bca74c9|4276]: The cache size for cosmos_cache__get_cheapshark_deals__dbt_transform is 1726","logger":"cosmos.dbt.graph","filename":"graph.py","lineno":798}
{"timestamp":"2026-06-29T06:46:55.862064Z","level":"info","event":"Cosmos performance: Cache hit for cosmos_cache__get_cheapshark_deals__dbt_transform - 5d5dc19a4d21d68d9e2dd97b4b147311,35c51d063f0c828f4111bbac634f6471","logger":"cosmos.dbt.graph","filename":"graph.py","lineno":806}
{"timestamp":"2026-06-29T06:46:55.862296Z","level":"info","event":"Total nodes: 2","logger":"cosmos.dbt.graph","filename":"graph.py","lineno":711}
{"timestamp":"2026-06-29T06:46:55.862332Z","level":"info","event":"Total filtered nodes: 2","logger":"cosmos.dbt.graph","filename":"graph.py","lineno":712}
{"timestamp":"2026-06-29T06:46:55.862371Z","level":"info","event":"Cosmos performance (get_cheapshark_deals__dbt_transform) -  [d2f09bca74c9|4276]: It took 0.00746s to parse the dbt project for DAG using LoadMode.DBT_LS_CACHE","logger":"cosmos.converter","filename":"converter.py","lineno":340}
{"timestamp":"2026-06-29T06:46:55.862595Z","level":"info","event":"Project /tmp/airflow/dag_bundles/my-git-repo/tracking_repo/dbt_project does not have {'dependencies.yml', 'packages.yml'}","logger":"cosmos.dbt.project","filename":"project.py","lineno":40}
{"timestamp":"2026-06-29T06:46:55.862993Z","level":"info","event":"Project /tmp/airflow/dag_bundles/my-git-repo/tracking_repo/dbt_project does not have {'dependencies.yml', 'packages.yml'}","logger":"cosmos.dbt.project","filename":"project.py","lineno":40}
{"timestamp":"2026-06-29T06:46:55.863221Z","level":"info","event":"Cosmos performance (get_cheapshark_deals__dbt_transform) - [d2f09bca74c9|4276]: It took 0.000843s to build the Airflow DAG.","logger":"cosmos.converter","filename":"converter.py","lineno":387}
{"timestamp":"2026-06-29T06:46:55.863260Z","level":"info","event":"::endgroup::Cosmos DAG parsing logs","logger":"cosmos.converter","filename":"converter.py","lineno":390}
{"timestamp":"2026-06-29T06:47:26.191445Z","level":"info","event":"Filling up the DagBag from /tmp/airflow/dag_bundles/my-git-repo/tracking_repo/airflow-dags/cheapshark/DAG_cheapshark.py","logger":"airflow.models.dagbag.DagBag","filename":"dagbag.py","lineno":593}
{"timestamp":"2026-06-29T06:47:26.592191Z","level":"info","event":"::group::Cosmos DAG parsing logs","logger":"cosmos.converter","filename":"converter.py","lineno":293}
{"timestamp":"2026-06-29T06:47:26.592499Z","level":"info","event":"Trying to parse the dbt project using dbt ls cache cosmos_cache__get_cheapshark_deals__dbt_transform...","logger":"cosmos.dbt.graph","filename":"graph.py","lineno":781}
{"timestamp":"2026-06-29T06:47:26.599421Z","level":"info","event":"Cosmos performance: time to calculate cache identifier cosmos_cache__get_cheapshark_deals__dbt_transform for current version: 0.0005185839982004836","logger":"cosmos.cache","filename":"cache.py","lineno":333}
{"timestamp":"2026-06-29T06:47:26.599475Z","level":"info","event":"Cosmos performance [d2f09bca74c9|4319]: The cache size for cosmos_cache__get_cheapshark_deals__dbt_transform is 1726","logger":"cosmos.dbt.graph","filename":"graph.py","lineno":798}
{"timestamp":"2026-06-29T06:47:26.599589Z","level":"info","event":"Cosmos performance: Cache hit for cosmos_cache__get_cheapshark_deals__dbt_transform - 5d5dc19a4d21d68d9e2dd97b4b147311,35c51d063f0c828f4111bbac634f6471","logger":"cosmos.dbt.graph","filename":"graph.py","lineno":806}
{"timestamp":"2026-06-29T06:47:26.599829Z","level":"info","event":"Total nodes: 2","logger":"cosmos.dbt.graph","filename":"graph.py","lineno":711}
{"timestamp":"2026-06-29T06:47:26.599867Z","level":"info","event":"Total filtered nodes: 2","logger":"cosmos.dbt.graph","filename":"graph.py","lineno":712}
{"timestamp":"2026-06-29T06:47:26.599907Z","level":"info","event":"Cosmos performance (get_cheapshark_deals__dbt_transform) -  [d2f09bca74c9|4319]: It took 0.00743s to parse the dbt project for DAG using LoadMode.DBT_LS_CACHE","logger":"cosmos.converter","filename":"converter.py","lineno":340}
{"timestamp":"2026-06-29T06:47:26.600113Z","level":"info","event":"Project /tmp/airflow/dag_bundles/my-git-repo/tracking_repo/dbt_project does not have {'dependencies.yml', 'packages.yml'}","logger":"cosmos.dbt.project","filename":"project.py","lineno":40}
{"timestamp":"2026-06-29T06:47:26.600529Z","level":"info","event":"Project /tmp/airflow/dag_bundles/my-git-repo/tracking_repo/dbt_project does not have {'dependencies.yml', 'packages.yml'}","logger":"cosmos.dbt.project","filename":"project.py","lineno":40}
{"timestamp":"2026-06-29T06:47:26.600786Z","level":"info","event":"Cosmos performance (get_cheapshark_deals__dbt_transform) - [d2f09bca74c9|4319]: It took 0.000878s to build the Airflow DAG.","logger":"cosmos.converter","filename":"converter.py","lineno":387}
{"timestamp":"2026-06-29T06:47:26.600821Z","level":"info","event":"::endgroup::Cosmos DAG parsing logs","logger":"cosmos.converter","filename":"converter.py","lineno":390}
{"timestamp":"2026-06-29T06:47:57.352831Z","level":"info","event":"Filling up the DagBag from /tmp/airflow/dag_bundles/my-git-repo/tracking_repo/airflow-dags/cheapshark/DAG_cheapshark.py","logger":"airflow.models.dagbag.DagBag","filename":"dagbag.py","lineno":593}
{"timestamp":"2026-06-29T06:47:57.807151Z","level":"info","event":"::group::Cosmos DAG parsing logs","logger":"cosmos.converter","filename":"converter.py","lineno":293}
{"timestamp":"2026-06-29T06:47:57.807501Z","level":"info","event":"Trying to parse the dbt project using dbt ls cache cosmos_cache__get_cheapshark_deals__dbt_transform...","logger":"cosmos.dbt.graph","filename":"graph.py","lineno":781}
{"timestamp":"2026-06-29T06:47:57.815061Z","level":"info","event":"Cosmos performance: time to calculate cache identifier cosmos_cache__get_cheapshark_deals__dbt_transform for current version: 0.0004850000041187741","logger":"cosmos.cache","filename":"cache.py","lineno":333}
{"timestamp":"2026-06-29T06:47:57.815117Z","level":"info","event":"Cosmos performance [d2f09bca74c9|4347]: The cache size for cosmos_cache__get_cheapshark_deals__dbt_transform is 1726","logger":"cosmos.dbt.graph","filename":"graph.py","lineno":798}
{"timestamp":"2026-06-29T06:47:57.815219Z","level":"info","event":"Cosmos performance: Cache hit for cosmos_cache__get_cheapshark_deals__dbt_transform - 5d5dc19a4d21d68d9e2dd97b4b147311,35c51d063f0c828f4111bbac634f6471","logger":"cosmos.dbt.graph","filename":"graph.py","lineno":806}
{"timestamp":"2026-06-29T06:47:57.816623Z","level":"info","event":"Total nodes: 2","logger":"cosmos.dbt.graph","filename":"graph.py","lineno":711}
{"timestamp":"2026-06-29T06:47:57.816676Z","level":"info","event":"Total filtered nodes: 2","logger":"cosmos.dbt.graph","filename":"graph.py","lineno":712}
{"timestamp":"2026-06-29T06:47:57.816726Z","level":"info","event":"Cosmos performance (get_cheapshark_deals__dbt_transform) -  [d2f09bca74c9|4347]: It took 0.00925s to parse the dbt project for DAG using LoadMode.DBT_LS_CACHE","logger":"cosmos.converter","filename":"converter.py","lineno":340}
{"timestamp":"2026-06-29T06:47:57.816970Z","level":"info","event":"Project /tmp/airflow/dag_bundles/my-git-repo/tracking_repo/dbt_project does not have {'dependencies.yml', 'packages.yml'}","logger":"cosmos.dbt.project","filename":"project.py","lineno":40}
{"timestamp":"2026-06-29T06:47:57.817385Z","level":"info","event":"Project /tmp/airflow/dag_bundles/my-git-repo/tracking_repo/dbt_project does not have {'dependencies.yml', 'packages.yml'}","logger":"cosmos.dbt.project","filename":"project.py","lineno":40}
{"timestamp":"2026-06-29T06:47:57.817632Z","level":"info","event":"Cosmos performance (get_cheapshark_deals__dbt_transform) - [d2f09bca74c9|4347]: It took 0.000912s to build the Airflow DAG.","logger":"cosmos.converter","filename":"converter.py","lineno":387}
{"timestamp":"2026-06-29T06:47:57.817662Z","level":"info","event":"::endgroup::Cosmos DAG parsing logs","logger":"cosmos.converter","filename":"converter.py","lineno":390}
{"timestamp":"2026-06-29T06:48:28.563008Z","level":"info","event":"Filling up the DagBag from /tmp/airflow/dag_bundles/my-git-repo/tracking_repo/airflow-dags/cheapshark/DAG_cheapshark.py","logger":"airflow.models.dagbag.DagBag","filename":"dagbag.py","lineno":593}
{"timestamp":"2026-06-29T06:48:28.980568Z","level":"info","event":"::group::Cosmos DAG parsing logs","logger":"cosmos.converter","filename":"converter.py","lineno":293}
{"timestamp":"2026-06-29T06:48:28.980856Z","level":"info","event":"Trying to parse the dbt project using dbt ls cache cosmos_cache__get_cheapshark_deals__dbt_transform...","logger":"cosmos.dbt.graph","filename":"graph.py","lineno":781}
{"timestamp":"2026-06-29T06:48:28.988445Z","level":"info","event":"Cosmos performance: time to calculate cache identifier cosmos_cache__get_cheapshark_deals__dbt_transform for current version: 0.00040837500273482874","logger":"cosmos.cache","filename":"cache.py","lineno":333}
{"timestamp":"2026-06-29T06:48:28.988512Z","level":"info","event":"Cosmos performance [d2f09bca74c9|4375]: The cache size for cosmos_cache__get_cheapshark_deals__dbt_transform is 1726","logger":"cosmos.dbt.graph","filename":"graph.py","lineno":798}
{"timestamp":"2026-06-29T06:48:28.988605Z","level":"info","event":"Cosmos performance: Cache hit for cosmos_cache__get_cheapshark_deals__dbt_transform - 5d5dc19a4d21d68d9e2dd97b4b147311,35c51d063f0c828f4111bbac634f6471","logger":"cosmos.dbt.graph","filename":"graph.py","lineno":806}
{"timestamp":"2026-06-29T06:48:28.988862Z","level":"info","event":"Total nodes: 2","logger":"cosmos.dbt.graph","filename":"graph.py","lineno":711}
{"timestamp":"2026-06-29T06:48:28.988900Z","level":"info","event":"Total filtered nodes: 2","logger":"cosmos.dbt.graph","filename":"graph.py","lineno":712}
{"timestamp":"2026-06-29T06:48:28.988939Z","level":"info","event":"Cosmos performance (get_cheapshark_deals__dbt_transform) -  [d2f09bca74c9|4375]: It took 0.0081s to parse the dbt project for DAG using LoadMode.DBT_LS_CACHE","logger":"cosmos.converter","filename":"converter.py","lineno":340}
{"timestamp":"2026-06-29T06:48:28.989149Z","level":"info","event":"Project /tmp/airflow/dag_bundles/my-git-repo/tracking_repo/dbt_project does not have {'dependencies.yml', 'packages.yml'}","logger":"cosmos.dbt.project","filename":"project.py","lineno":40}
{"timestamp":"2026-06-29T06:48:28.989582Z","level":"info","event":"Project /tmp/airflow/dag_bundles/my-git-repo/tracking_repo/dbt_project does not have {'dependencies.yml', 'packages.yml'}","logger":"cosmos.dbt.project","filename":"project.py","lineno":40}
{"timestamp":"2026-06-29T06:48:28.989826Z","level":"info","event":"Cosmos performance (get_cheapshark_deals__dbt_transform) - [d2f09bca74c9|4375]: It took 0.000883s to build the Airflow DAG.","logger":"cosmos.converter","filename":"converter.py","lineno":387}
{"timestamp":"2026-06-29T06:48:28.989856Z","level":"info","event":"::endgroup::Cosmos DAG parsing logs","logger":"cosmos.converter","filename":"converter.py","lineno":390}
{"timestamp":"2026-06-29T06:48:59.756386Z","level":"info","event":"Filling up the DagBag from /tmp/airflow/dag_bundles/my-git-repo/tracking_repo/airflow-dags/cheapshark/DAG_cheapshark.py","logger":"airflow.models.dagbag.DagBag","filename":"dagbag.py","lineno":593}
{"timestamp":"2026-06-29T06:49:00.270781Z","level":"info","event":"::group::Cosmos DAG parsing logs","logger":"cosmos.converter","filename":"converter.py","lineno":293}
{"timestamp":"2026-06-29T06:49:00.271344Z","level":"info","event":"Trying to parse the dbt project using dbt ls cache cosmos_cache__get_cheapshark_deals__dbt_transform...","logger":"cosmos.dbt.graph","filename":"graph.py","lineno":781}
{"timestamp":"2026-06-29T06:49:00.282716Z","level":"info","event":"Cosmos performance: time to calculate cache identifier cosmos_cache__get_cheapshark_deals__dbt_transform for current version: 0.0006163330035633408","logger":"cosmos.cache","filename":"cache.py","lineno":333}
{"timestamp":"2026-06-29T06:49:00.282776Z","level":"info","event":"Cosmos performance [d2f09bca74c9|4403]: The cache size for cosmos_cache__get_cheapshark_deals__dbt_transform is 1726","logger":"cosmos.dbt.graph","filename":"graph.py","lineno":798}
{"timestamp":"2026-06-29T06:49:00.282889Z","level":"info","event":"Cosmos performance: Cache hit for cosmos_cache__get_cheapshark_deals__dbt_transform - 5d5dc19a4d21d68d9e2dd97b4b147311,35c51d063f0c828f4111bbac634f6471","logger":"cosmos.dbt.graph","filename":"graph.py","lineno":806}
{"timestamp":"2026-06-29T06:49:00.284380Z","level":"info","event":"Total nodes: 2","logger":"cosmos.dbt.graph","filename":"graph.py","lineno":711}
{"timestamp":"2026-06-29T06:49:00.284430Z","level":"info","event":"Total filtered nodes: 2","logger":"cosmos.dbt.graph","filename":"graph.py","lineno":712}
{"timestamp":"2026-06-29T06:49:00.284470Z","level":"info","event":"Cosmos performance (get_cheapshark_deals__dbt_transform) -  [d2f09bca74c9|4403]: It took 0.0131s to parse the dbt project for DAG using LoadMode.DBT_LS_CACHE","logger":"cosmos.converter","filename":"converter.py","lineno":340}
{"timestamp":"2026-06-29T06:49:00.284695Z","level":"info","event":"Project /tmp/airflow/dag_bundles/my-git-repo/tracking_repo/dbt_project does not have {'dependencies.yml', 'packages.yml'}","logger":"cosmos.dbt.project","filename":"project.py","lineno":40}
{"timestamp":"2026-06-29T06:49:00.285125Z","level":"info","event":"Project /tmp/airflow/dag_bundles/my-git-repo/tracking_repo/dbt_project does not have {'dependencies.yml', 'packages.yml'}","logger":"cosmos.dbt.project","filename":"project.py","lineno":40}
{"timestamp":"2026-06-29T06:49:00.285398Z","level":"info","event":"Cosmos performance (get_cheapshark_deals__dbt_transform) - [d2f09bca74c9|4403]: It took 0.000927s to build the Airflow DAG.","logger":"cosmos.converter","filename":"converter.py","lineno":387}
{"timestamp":"2026-06-29T06:49:00.285430Z","level":"info","event":"::endgroup::Cosmos DAG parsing logs","logger":"cosmos.converter","filename":"converter.py","lineno":390}
{"timestamp":"2026-06-29T06:49:30.652714Z","level":"info","event":"Filling up the DagBag from /tmp/airflow/dag_bundles/my-git-repo/tracking_repo/airflow-dags/cheapshark/DAG_cheapshark.py","logger":"airflow.models.dagbag.DagBag","filename":"dagbag.py","lineno":593}
{"timestamp":"2026-06-29T06:49:31.083019Z","level":"info","event":"::group::Cosmos DAG parsing logs","logger":"cosmos.converter","filename":"converter.py","lineno":293}
{"timestamp":"2026-06-29T06:49:31.083348Z","level":"info","event":"Trying to parse the dbt project using dbt ls cache cosmos_cache__get_cheapshark_deals__dbt_transform...","logger":"cosmos.dbt.graph","filename":"graph.py","lineno":781}
{"timestamp":"2026-06-29T06:49:31.089901Z","level":"info","event":"Cosmos performance: time to calculate cache identifier cosmos_cache__get_cheapshark_deals__dbt_transform for current version: 0.00038308300281642005","logger":"cosmos.cache","filename":"cache.py","lineno":333}
{"timestamp":"2026-06-29T06:49:31.089963Z","level":"info","event":"Cosmos performance [d2f09bca74c9|4446]: The cache size for cosmos_cache__get_cheapshark_deals__dbt_transform is 1726","logger":"cosmos.dbt.graph","filename":"graph.py","lineno":798}
{"timestamp":"2026-06-29T06:49:31.090061Z","level":"info","event":"Cosmos performance: Cache hit for cosmos_cache__get_cheapshark_deals__dbt_transform - 5d5dc19a4d21d68d9e2dd97b4b147311,35c51d063f0c828f4111bbac634f6471","logger":"cosmos.dbt.graph","filename":"graph.py","lineno":806}
{"timestamp":"2026-06-29T06:49:31.090303Z","level":"info","event":"Total nodes: 2","logger":"cosmos.dbt.graph","filename":"graph.py","lineno":711}
{"timestamp":"2026-06-29T06:49:31.090359Z","level":"info","event":"Total filtered nodes: 2","logger":"cosmos.dbt.graph","filename":"graph.py","lineno":712}
{"timestamp":"2026-06-29T06:49:31.090400Z","level":"info","event":"Cosmos performance (get_cheapshark_deals__dbt_transform) -  [d2f09bca74c9|4446]: It took 0.0071s to parse the dbt project for DAG using LoadMode.DBT_LS_CACHE","logger":"cosmos.converter","filename":"converter.py","lineno":340}
{"timestamp":"2026-06-29T06:49:31.090604Z","level":"info","event":"Project /tmp/airflow/dag_bundles/my-git-repo/tracking_repo/dbt_project does not have {'dependencies.yml', 'packages.yml'}","logger":"cosmos.dbt.project","filename":"project.py","lineno":40}
{"timestamp":"2026-06-29T06:49:31.091034Z","level":"info","event":"Project /tmp/airflow/dag_bundles/my-git-repo/tracking_repo/dbt_project does not have {'dependencies.yml', 'packages.yml'}","logger":"cosmos.dbt.project","filename":"project.py","lineno":40}
{"timestamp":"2026-06-29T06:49:31.091272Z","level":"info","event":"Cosmos performance (get_cheapshark_deals__dbt_transform) - [d2f09bca74c9|4446]: It took 0.000875s to build the Airflow DAG.","logger":"cosmos.converter","filename":"converter.py","lineno":387}
{"timestamp":"2026-06-29T06:49:31.091304Z","level":"info","event":"::endgroup::Cosmos DAG parsing logs","logger":"cosmos.converter","filename":"converter.py","lineno":390}
{"timestamp":"2026-06-29T06:50:01.892629Z","level":"info","event":"Filling up the DagBag from /tmp/airflow/dag_bundles/my-git-repo/tracking_repo/airflow-dags/cheapshark/DAG_cheapshark.py","logger":"airflow.models.dagbag.DagBag","filename":"dagbag.py","lineno":593}
{"timestamp":"2026-06-29T06:50:02.338546Z","level":"info","event":"::group::Cosmos DAG parsing logs","logger":"cosmos.converter","filename":"converter.py","lineno":293}
{"timestamp":"2026-06-29T06:50:02.339036Z","level":"info","event":"Trying to parse the dbt project using dbt ls cache cosmos_cache__get_cheapshark_deals__dbt_transform...","logger":"cosmos.dbt.graph","filename":"graph.py","lineno":781}
{"timestamp":"2026-06-29T06:50:02.347408Z","level":"info","event":"Cosmos performance: time to calculate cache identifier cosmos_cache__get_cheapshark_deals__dbt_transform for current version: 0.00045516699901781976","logger":"cosmos.cache","filename":"cache.py","lineno":333}
{"timestamp":"2026-06-29T06:50:02.347482Z","level":"info","event":"Cosmos performance [d2f09bca74c9|4474]: The cache size for cosmos_cache__get_cheapshark_deals__dbt_transform is 1726","logger":"cosmos.dbt.graph","filename":"graph.py","lineno":798}
{"timestamp":"2026-06-29T06:50:02.347616Z","level":"info","event":"Cosmos performance: Cache hit for cosmos_cache__get_cheapshark_deals__dbt_transform - 5d5dc19a4d21d68d9e2dd97b4b147311,35c51d063f0c828f4111bbac634f6471","logger":"cosmos.dbt.graph","filename":"graph.py","lineno":806}
{"timestamp":"2026-06-29T06:50:02.347959Z","level":"info","event":"Total nodes: 2","logger":"cosmos.dbt.graph","filename":"graph.py","lineno":711}
{"timestamp":"2026-06-29T06:50:02.347998Z","level":"info","event":"Total filtered nodes: 2","logger":"cosmos.dbt.graph","filename":"graph.py","lineno":712}
{"timestamp":"2026-06-29T06:50:02.348041Z","level":"info","event":"Cosmos performance (get_cheapshark_deals__dbt_transform) -  [d2f09bca74c9|4474]: It took 0.00902s to parse the dbt project for DAG using LoadMode.DBT_LS_CACHE","logger":"cosmos.converter","filename":"converter.py","lineno":340}
{"timestamp":"2026-06-29T06:50:02.348288Z","level":"info","event":"Project /tmp/airflow/dag_bundles/my-git-repo/tracking_repo/dbt_project does not have {'dependencies.yml', 'packages.yml'}","logger":"cosmos.dbt.project","filename":"project.py","lineno":40}
{"timestamp":"2026-06-29T06:50:02.348758Z","level":"info","event":"Project /tmp/airflow/dag_bundles/my-git-repo/tracking_repo/dbt_project does not have {'dependencies.yml', 'packages.yml'}","logger":"cosmos.dbt.project","filename":"project.py","lineno":40}
{"timestamp":"2026-06-29T06:50:02.349059Z","level":"info","event":"Cosmos performance (get_cheapshark_deals__dbt_transform) - [d2f09bca74c9|4474]: It took 0.00102s to build the Airflow DAG.","logger":"cosmos.converter","filename":"converter.py","lineno":387}
{"timestamp":"2026-06-29T06:50:02.349093Z","level":"info","event":"::endgroup::Cosmos DAG parsing logs","logger":"cosmos.converter","filename":"converter.py","lineno":390}
{"timestamp":"2026-06-29T06:50:33.176357Z","level":"info","event":"Filling up the DagBag from /tmp/airflow/dag_bundles/my-git-repo/tracking_repo/airflow-dags/cheapshark/DAG_cheapshark.py","logger":"airflow.models.dagbag.DagBag","filename":"dagbag.py","lineno":593}
{"timestamp":"2026-06-29T06:50:33.599252Z","level":"info","event":"::group::Cosmos DAG parsing logs","logger":"cosmos.converter","filename":"converter.py","lineno":293}
{"timestamp":"2026-06-29T06:50:33.599518Z","level":"info","event":"Trying to parse the dbt project using dbt ls cache cosmos_cache__get_cheapshark_deals__dbt_transform...","logger":"cosmos.dbt.graph","filename":"graph.py","lineno":781}
{"timestamp":"2026-06-29T06:50:33.607406Z","level":"info","event":"Cosmos performance: time to calculate cache identifier cosmos_cache__get_cheapshark_deals__dbt_transform for current version: 0.0004010829943581484","logger":"cosmos.cache","filename":"cache.py","lineno":333}
{"timestamp":"2026-06-29T06:50:33.607480Z","level":"info","event":"Cosmos performance [d2f09bca74c9|4502]: The cache size for cosmos_cache__get_cheapshark_deals__dbt_transform is 1726","logger":"cosmos.dbt.graph","filename":"graph.py","lineno":798}
{"timestamp":"2026-06-29T06:50:33.607577Z","level":"info","event":"Cosmos performance: Cache hit for cosmos_cache__get_cheapshark_deals__dbt_transform - 5d5dc19a4d21d68d9e2dd97b4b147311,35c51d063f0c828f4111bbac634f6471","logger":"cosmos.dbt.graph","filename":"graph.py","lineno":806}
{"timestamp":"2026-06-29T06:50:33.607824Z","level":"info","event":"Total nodes: 2","logger":"cosmos.dbt.graph","filename":"graph.py","lineno":711}
{"timestamp":"2026-06-29T06:50:33.607857Z","level":"info","event":"Total filtered nodes: 2","logger":"cosmos.dbt.graph","filename":"graph.py","lineno":712}
{"timestamp":"2026-06-29T06:50:33.607892Z","level":"info","event":"Cosmos performance (get_cheapshark_deals__dbt_transform) -  [d2f09bca74c9|4502]: It took 0.00839s to parse the dbt project for DAG using LoadMode.DBT_LS_CACHE","logger":"cosmos.converter","filename":"converter.py","lineno":340}
{"timestamp":"2026-06-29T06:50:33.608120Z","level":"info","event":"Project /tmp/airflow/dag_bundles/my-git-repo/tracking_repo/dbt_project does not have {'dependencies.yml', 'packages.yml'}","logger":"cosmos.dbt.project","filename":"project.py","lineno":40}
{"timestamp":"2026-06-29T06:50:33.608562Z","level":"info","event":"Project /tmp/airflow/dag_bundles/my-git-repo/tracking_repo/dbt_project does not have {'dependencies.yml', 'packages.yml'}","logger":"cosmos.dbt.project","filename":"project.py","lineno":40}
{"timestamp":"2026-06-29T06:50:33.608820Z","level":"info","event":"Cosmos performance (get_cheapshark_deals__dbt_transform) - [d2f09bca74c9|4502]: It took 0.000921s to build the Airflow DAG.","logger":"cosmos.converter","filename":"converter.py","lineno":387}
{"timestamp":"2026-06-29T06:50:33.608854Z","level":"info","event":"::endgroup::Cosmos DAG parsing logs","logger":"cosmos.converter","filename":"converter.py","lineno":390}
{"timestamp":"2026-06-29T06:51:04.460816Z","level":"info","event":"Filling up the DagBag from /tmp/airflow/dag_bundles/my-git-repo/tracking_repo/airflow-dags/cheapshark/DAG_cheapshark.py","logger":"airflow.models.dagbag.DagBag","filename":"dagbag.py","lineno":593}
{"timestamp":"2026-06-29T06:51:04.964126Z","level":"info","event":"::group::Cosmos DAG parsing logs","logger":"cosmos.converter","filename":"converter.py","lineno":293}
{"timestamp":"2026-06-29T06:51:04.964522Z","level":"info","event":"Trying to parse the dbt project using dbt ls cache cosmos_cache__get_cheapshark_deals__dbt_transform...","logger":"cosmos.dbt.graph","filename":"graph.py","lineno":781}
{"timestamp":"2026-06-29T06:51:04.974274Z","level":"info","event":"Cosmos performance: time to calculate cache identifier cosmos_cache__get_cheapshark_deals__dbt_transform for current version: 0.0006212080043042079","logger":"cosmos.cache","filename":"cache.py","lineno":333}
{"timestamp":"2026-06-29T06:51:04.974332Z","level":"info","event":"Cosmos performance [d2f09bca74c9|4530]: The cache size for cosmos_cache__get_cheapshark_deals__dbt_transform is 1726","logger":"cosmos.dbt.graph","filename":"graph.py","lineno":798}
{"timestamp":"2026-06-29T06:51:04.974470Z","level":"info","event":"Cosmos performance: Cache hit for cosmos_cache__get_cheapshark_deals__dbt_transform - 5d5dc19a4d21d68d9e2dd97b4b147311,35c51d063f0c828f4111bbac634f6471","logger":"cosmos.dbt.graph","filename":"graph.py","lineno":806}
{"timestamp":"2026-06-29T06:51:04.974754Z","level":"info","event":"Total nodes: 2","logger":"cosmos.dbt.graph","filename":"graph.py","lineno":711}
{"timestamp":"2026-06-29T06:51:04.974790Z","level":"info","event":"Total filtered nodes: 2","logger":"cosmos.dbt.graph","filename":"graph.py","lineno":712}
{"timestamp":"2026-06-29T06:51:04.974843Z","level":"info","event":"Cosmos performance (get_cheapshark_deals__dbt_transform) -  [d2f09bca74c9|4530]: It took 0.0103s to parse the dbt project for DAG using LoadMode.DBT_LS_CACHE","logger":"cosmos.converter","filename":"converter.py","lineno":340}
{"timestamp":"2026-06-29T06:51:04.975078Z","level":"info","event":"Project /tmp/airflow/dag_bundles/my-git-repo/tracking_repo/dbt_project does not have {'dependencies.yml', 'packages.yml'}","logger":"cosmos.dbt.project","filename":"project.py","lineno":40}
{"timestamp":"2026-06-29T06:51:04.975491Z","level":"info","event":"Project /tmp/airflow/dag_bundles/my-git-repo/tracking_repo/dbt_project does not have {'dependencies.yml', 'packages.yml'}","logger":"cosmos.dbt.project","filename":"project.py","lineno":40}
{"timestamp":"2026-06-29T06:51:04.975760Z","level":"info","event":"Cosmos performance (get_cheapshark_deals__dbt_transform) - [d2f09bca74c9|4530]: It took 0.000916s to build the Airflow DAG.","logger":"cosmos.converter","filename":"converter.py","lineno":387}
{"timestamp":"2026-06-29T06:51:04.975797Z","level":"info","event":"::endgroup::Cosmos DAG parsing logs","logger":"cosmos.converter","filename":"converter.py","lineno":390}
{"timestamp":"2026-06-29T06:51:35.430566Z","level":"info","event":"Filling up the DagBag from /tmp/airflow/dag_bundles/my-git-repo/tracking_repo/airflow-dags/cheapshark/DAG_cheapshark.py","logger":"airflow.models.dagbag.DagBag","filename":"dagbag.py","lineno":593}
{"timestamp":"2026-06-29T06:51:35.850810Z","level":"info","event":"::group::Cosmos DAG parsing logs","logger":"cosmos.converter","filename":"converter.py","lineno":293}
{"timestamp":"2026-06-29T06:51:35.851128Z","level":"info","event":"Trying to parse the dbt project using dbt ls cache cosmos_cache__get_cheapshark_deals__dbt_transform...","logger":"cosmos.dbt.graph","filename":"graph.py","lineno":781}
{"timestamp":"2026-06-29T06:51:35.858078Z","level":"info","event":"Cosmos performance: time to calculate cache identifier cosmos_cache__get_cheapshark_deals__dbt_transform for current version: 0.0004259999986970797","logger":"cosmos.cache","filename":"cache.py","lineno":333}
{"timestamp":"2026-06-29T06:51:35.858149Z","level":"info","event":"Cosmos performance [d2f09bca74c9|4573]: The cache size for cosmos_cache__get_cheapshark_deals__dbt_transform is 1726","logger":"cosmos.dbt.graph","filename":"graph.py","lineno":798}
{"timestamp":"2026-06-29T06:51:35.858250Z","level":"info","event":"Cosmos performance: Cache hit for cosmos_cache__get_cheapshark_deals__dbt_transform - 5d5dc19a4d21d68d9e2dd97b4b147311,35c51d063f0c828f4111bbac634f6471","logger":"cosmos.dbt.graph","filename":"graph.py","lineno":806}
{"timestamp":"2026-06-29T06:51:35.858491Z","level":"info","event":"Total nodes: 2","logger":"cosmos.dbt.graph","filename":"graph.py","lineno":711}
{"timestamp":"2026-06-29T06:51:35.858530Z","level":"info","event":"Total filtered nodes: 2","logger":"cosmos.dbt.graph","filename":"graph.py","lineno":712}
{"timestamp":"2026-06-29T06:51:35.858567Z","level":"info","event":"Cosmos performance (get_cheapshark_deals__dbt_transform) -  [d2f09bca74c9|4573]: It took 0.00746s to parse the dbt project for DAG using LoadMode.DBT_LS_CACHE","logger":"cosmos.converter","filename":"converter.py","lineno":340}
{"timestamp":"2026-06-29T06:51:35.858784Z","level":"info","event":"Project /tmp/airflow/dag_bundles/my-git-repo/tracking_repo/dbt_project does not have {'dependencies.yml', 'packages.yml'}","logger":"cosmos.dbt.project","filename":"project.py","lineno":40}
{"timestamp":"2026-06-29T06:51:35.859210Z","level":"info","event":"Project /tmp/airflow/dag_bundles/my-git-repo/tracking_repo/dbt_project does not have {'dependencies.yml', 'packages.yml'}","logger":"cosmos.dbt.project","filename":"project.py","lineno":40}
{"timestamp":"2026-06-29T06:51:35.859441Z","level":"info","event":"Cosmos performance (get_cheapshark_deals__dbt_transform) - [d2f09bca74c9|4573]: It took 0.000867s to build the Airflow DAG.","logger":"cosmos.converter","filename":"converter.py","lineno":387}
{"timestamp":"2026-06-29T06:51:35.859475Z","level":"info","event":"::endgroup::Cosmos DAG parsing logs","logger":"cosmos.converter","filename":"converter.py","lineno":390}
{"timestamp":"2026-06-29T06:52:06.673106Z","level":"info","event":"Filling up the DagBag from /tmp/airflow/dag_bundles/my-git-repo/tracking_repo/airflow-dags/cheapshark/DAG_cheapshark.py","logger":"airflow.models.dagbag.DagBag","filename":"dagbag.py","lineno":593}
{"timestamp":"2026-06-29T06:52:07.074883Z","level":"info","event":"::group::Cosmos DAG parsing logs","logger":"cosmos.converter","filename":"converter.py","lineno":293}
{"timestamp":"2026-06-29T06:52:07.075194Z","level":"info","event":"Trying to parse the dbt project using dbt ls cache cosmos_cache__get_cheapshark_deals__dbt_transform...","logger":"cosmos.dbt.graph","filename":"graph.py","lineno":781}
{"timestamp":"2026-06-29T06:52:07.082825Z","level":"info","event":"Cosmos performance: time to calculate cache identifier cosmos_cache__get_cheapshark_deals__dbt_transform for current version: 0.0003842080041067675","logger":"cosmos.cache","filename":"cache.py","lineno":333}
{"timestamp":"2026-06-29T06:52:07.082890Z","level":"info","event":"Cosmos performance [d2f09bca74c9|4601]: The cache size for cosmos_cache__get_cheapshark_deals__dbt_transform is 1726","logger":"cosmos.dbt.graph","filename":"graph.py","lineno":798}
{"timestamp":"2026-06-29T06:52:07.082985Z","level":"info","event":"Cosmos performance: Cache hit for cosmos_cache__get_cheapshark_deals__dbt_transform - 5d5dc19a4d21d68d9e2dd97b4b147311,35c51d063f0c828f4111bbac634f6471","logger":"cosmos.dbt.graph","filename":"graph.py","lineno":806}
{"timestamp":"2026-06-29T06:52:07.083229Z","level":"info","event":"Total nodes: 2","logger":"cosmos.dbt.graph","filename":"graph.py","lineno":711}
{"timestamp":"2026-06-29T06:52:07.083260Z","level":"info","event":"Total filtered nodes: 2","logger":"cosmos.dbt.graph","filename":"graph.py","lineno":712}
{"timestamp":"2026-06-29T06:52:07.083306Z","level":"info","event":"Cosmos performance (get_cheapshark_deals__dbt_transform) -  [d2f09bca74c9|4601]: It took 0.00813s to parse the dbt project for DAG using LoadMode.DBT_LS_CACHE","logger":"cosmos.converter","filename":"converter.py","lineno":340}
{"timestamp":"2026-06-29T06:52:07.083506Z","level":"info","event":"Project /tmp/airflow/dag_bundles/my-git-repo/tracking_repo/dbt_project does not have {'dependencies.yml', 'packages.yml'}","logger":"cosmos.dbt.project","filename":"project.py","lineno":40}
{"timestamp":"2026-06-29T06:52:07.083914Z","level":"info","event":"Project /tmp/airflow/dag_bundles/my-git-repo/tracking_repo/dbt_project does not have {'dependencies.yml', 'packages.yml'}","logger":"cosmos.dbt.project","filename":"project.py","lineno":40}
{"timestamp":"2026-06-29T06:52:07.084182Z","level":"info","event":"Cosmos performance (get_cheapshark_deals__dbt_transform) - [d2f09bca74c9|4601]: It took 0.000876s to build the Airflow DAG.","logger":"cosmos.converter","filename":"converter.py","lineno":387}
{"timestamp":"2026-06-29T06:52:07.084213Z","level":"info","event":"::endgroup::Cosmos DAG parsing logs","logger":"cosmos.converter","filename":"converter.py","lineno":390}
{"timestamp":"2026-06-29T06:52:37.845388Z","level":"info","event":"Filling up the DagBag from /tmp/airflow/dag_bundles/my-git-repo/tracking_repo/airflow-dags/cheapshark/DAG_cheapshark.py","logger":"airflow.models.dagbag.DagBag","filename":"dagbag.py","lineno":593}
{"timestamp":"2026-06-29T06:52:38.254277Z","level":"info","event":"::group::Cosmos DAG parsing logs","logger":"cosmos.converter","filename":"converter.py","lineno":293}
{"timestamp":"2026-06-29T06:52:38.254599Z","level":"info","event":"Trying to parse the dbt project using dbt ls cache cosmos_cache__get_cheapshark_deals__dbt_transform...","logger":"cosmos.dbt.graph","filename":"graph.py","lineno":781}
{"timestamp":"2026-06-29T06:52:38.261873Z","level":"info","event":"Cosmos performance: time to calculate cache identifier cosmos_cache__get_cheapshark_deals__dbt_transform for current version: 0.00048762500227894634","logger":"cosmos.cache","filename":"cache.py","lineno":333}
{"timestamp":"2026-06-29T06:52:38.261989Z","level":"info","event":"Cosmos performance [d2f09bca74c9|4629]: The cache size for cosmos_cache__get_cheapshark_deals__dbt_transform is 1726","logger":"cosmos.dbt.graph","filename":"graph.py","lineno":798}
{"timestamp":"2026-06-29T06:52:38.262129Z","level":"info","event":"Cosmos performance: Cache hit for cosmos_cache__get_cheapshark_deals__dbt_transform - 5d5dc19a4d21d68d9e2dd97b4b147311,35c51d063f0c828f4111bbac634f6471","logger":"cosmos.dbt.graph","filename":"graph.py","lineno":806}
{"timestamp":"2026-06-29T06:52:38.262488Z","level":"info","event":"Total nodes: 2","logger":"cosmos.dbt.graph","filename":"graph.py","lineno":711}
{"timestamp":"2026-06-29T06:52:38.262539Z","level":"info","event":"Total filtered nodes: 2","logger":"cosmos.dbt.graph","filename":"graph.py","lineno":712}
{"timestamp":"2026-06-29T06:52:38.262599Z","level":"info","event":"Cosmos performance (get_cheapshark_deals__dbt_transform) -  [d2f09bca74c9|4629]: It took 0.00801s to parse the dbt project for DAG using LoadMode.DBT_LS_CACHE","logger":"cosmos.converter","filename":"converter.py","lineno":340}
{"timestamp":"2026-06-29T06:52:38.262819Z","level":"info","event":"Project /tmp/airflow/dag_bundles/my-git-repo/tracking_repo/dbt_project does not have {'dependencies.yml', 'packages.yml'}","logger":"cosmos.dbt.project","filename":"project.py","lineno":40}
{"timestamp":"2026-06-29T06:52:38.263313Z","level":"info","event":"Project /tmp/airflow/dag_bundles/my-git-repo/tracking_repo/dbt_project does not have {'dependencies.yml', 'packages.yml'}","logger":"cosmos.dbt.project","filename":"project.py","lineno":40}
{"timestamp":"2026-06-29T06:52:38.263625Z","level":"info","event":"Cosmos performance (get_cheapshark_deals__dbt_transform) - [d2f09bca74c9|4629]: It took 0.00102s to build the Airflow DAG.","logger":"cosmos.converter","filename":"converter.py","lineno":387}
{"timestamp":"2026-06-29T06:52:38.263660Z","level":"info","event":"::endgroup::Cosmos DAG parsing logs","logger":"cosmos.converter","filename":"converter.py","lineno":390}
{"timestamp":"2026-06-29T06:53:09.241700Z","level":"info","event":"Filling up the DagBag from /tmp/airflow/dag_bundles/my-git-repo/tracking_repo/airflow-dags/cheapshark/DAG_cheapshark.py","logger":"airflow.models.dagbag.DagBag","filename":"dagbag.py","lineno":593}
{"timestamp":"2026-06-29T06:53:09.726847Z","level":"info","event":"::group::Cosmos DAG parsing logs","logger":"cosmos.converter","filename":"converter.py","lineno":293}
{"timestamp":"2026-06-29T06:53:09.727376Z","level":"info","event":"Trying to parse the dbt project using dbt ls cache cosmos_cache__get_cheapshark_deals__dbt_transform...","logger":"cosmos.dbt.graph","filename":"graph.py","lineno":781}
{"timestamp":"2026-06-29T06:53:09.736248Z","level":"info","event":"Cosmos performance: time to calculate cache identifier cosmos_cache__get_cheapshark_deals__dbt_transform for current version: 0.0006207499973243102","logger":"cosmos.cache","filename":"cache.py","lineno":333}
{"timestamp":"2026-06-29T06:53:09.736318Z","level":"info","event":"Cosmos performance [d2f09bca74c9|4657]: The cache size for cosmos_cache__get_cheapshark_deals__dbt_transform is 1726","logger":"cosmos.dbt.graph","filename":"graph.py","lineno":798}
{"timestamp":"2026-06-29T06:53:09.736453Z","level":"info","event":"Cosmos performance: Cache hit for cosmos_cache__get_cheapshark_deals__dbt_transform - 5d5dc19a4d21d68d9e2dd97b4b147311,35c51d063f0c828f4111bbac634f6471","logger":"cosmos.dbt.graph","filename":"graph.py","lineno":806}
{"timestamp":"2026-06-29T06:53:09.736727Z","level":"info","event":"Total nodes: 2","logger":"cosmos.dbt.graph","filename":"graph.py","lineno":711}
{"timestamp":"2026-06-29T06:53:09.736762Z","level":"info","event":"Total filtered nodes: 2","logger":"cosmos.dbt.graph","filename":"graph.py","lineno":712}
{"timestamp":"2026-06-29T06:53:09.736797Z","level":"info","event":"Cosmos performance (get_cheapshark_deals__dbt_transform) -  [d2f09bca74c9|4657]: It took 0.00946s to parse the dbt project for DAG using LoadMode.DBT_LS_CACHE","logger":"cosmos.converter","filename":"converter.py","lineno":340}
{"timestamp":"2026-06-29T06:53:09.737014Z","level":"info","event":"Project /tmp/airflow/dag_bundles/my-git-repo/tracking_repo/dbt_project does not have {'dependencies.yml', 'packages.yml'}","logger":"cosmos.dbt.project","filename":"project.py","lineno":40}
{"timestamp":"2026-06-29T06:53:09.737468Z","level":"info","event":"Project /tmp/airflow/dag_bundles/my-git-repo/tracking_repo/dbt_project does not have {'dependencies.yml', 'packages.yml'}","logger":"cosmos.dbt.project","filename":"project.py","lineno":40}
{"timestamp":"2026-06-29T06:53:09.737733Z","level":"info","event":"Cosmos performance (get_cheapshark_deals__dbt_transform) - [d2f09bca74c9|4657]: It took 0.000928s to build the Airflow DAG.","logger":"cosmos.converter","filename":"converter.py","lineno":387}
{"timestamp":"2026-06-29T06:53:09.737776Z","level":"info","event":"::endgroup::Cosmos DAG parsing logs","logger":"cosmos.converter","filename":"converter.py","lineno":390}
{"timestamp":"2026-06-29T06:53:40.293360Z","level":"info","event":"Filling up the DagBag from /tmp/airflow/dag_bundles/my-git-repo/tracking_repo/airflow-dags/cheapshark/DAG_cheapshark.py","logger":"airflow.models.dagbag.DagBag","filename":"dagbag.py","lineno":593}
{"timestamp":"2026-06-29T06:53:40.748134Z","level":"info","event":"::group::Cosmos DAG parsing logs","logger":"cosmos.converter","filename":"converter.py","lineno":293}
{"timestamp":"2026-06-29T06:53:40.748512Z","level":"info","event":"Trying to parse the dbt project using dbt ls cache cosmos_cache__get_cheapshark_deals__dbt_transform...","logger":"cosmos.dbt.graph","filename":"graph.py","lineno":781}
{"timestamp":"2026-06-29T06:53:40.755545Z","level":"info","event":"Cosmos performance: time to calculate cache identifier cosmos_cache__get_cheapshark_deals__dbt_transform for current version: 0.0004895419988315552","logger":"cosmos.cache","filename":"cache.py","lineno":333}
{"timestamp":"2026-06-29T06:53:40.755602Z","level":"info","event":"Cosmos performance [d2f09bca74c9|4700]: The cache size for cosmos_cache__get_cheapshark_deals__dbt_transform is 1726","logger":"cosmos.dbt.graph","filename":"graph.py","lineno":798}
{"timestamp":"2026-06-29T06:53:40.755707Z","level":"info","event":"Cosmos performance: Cache hit for cosmos_cache__get_cheapshark_deals__dbt_transform - 5d5dc19a4d21d68d9e2dd97b4b147311,35c51d063f0c828f4111bbac634f6471","logger":"cosmos.dbt.graph","filename":"graph.py","lineno":806}
{"timestamp":"2026-06-29T06:53:40.755975Z","level":"info","event":"Total nodes: 2","logger":"cosmos.dbt.graph","filename":"graph.py","lineno":711}
{"timestamp":"2026-06-29T06:53:40.756008Z","level":"info","event":"Total filtered nodes: 2","logger":"cosmos.dbt.graph","filename":"graph.py","lineno":712}
{"timestamp":"2026-06-29T06:53:40.756051Z","level":"info","event":"Cosmos performance (get_cheapshark_deals__dbt_transform) -  [d2f09bca74c9|4700]: It took 0.00757s to parse the dbt project for DAG using LoadMode.DBT_LS_CACHE","logger":"cosmos.converter","filename":"converter.py","lineno":340}
{"timestamp":"2026-06-29T06:53:40.756273Z","level":"info","event":"Project /tmp/airflow/dag_bundles/my-git-repo/tracking_repo/dbt_project does not have {'dependencies.yml', 'packages.yml'}","logger":"cosmos.dbt.project","filename":"project.py","lineno":40}
{"timestamp":"2026-06-29T06:53:40.756681Z","level":"info","event":"Project /tmp/airflow/dag_bundles/my-git-repo/tracking_repo/dbt_project does not have {'dependencies.yml', 'packages.yml'}","logger":"cosmos.dbt.project","filename":"project.py","lineno":40}
{"timestamp":"2026-06-29T06:53:40.756947Z","level":"info","event":"Cosmos performance (get_cheapshark_deals__dbt_transform) - [d2f09bca74c9|4700]: It took 0.000894s to build the Airflow DAG.","logger":"cosmos.converter","filename":"converter.py","lineno":387}
{"timestamp":"2026-06-29T06:53:40.756979Z","level":"info","event":"::endgroup::Cosmos DAG parsing logs","logger":"cosmos.converter","filename":"converter.py","lineno":390}
{"timestamp":"2026-06-29T06:54:11.489666Z","level":"info","event":"Filling up the DagBag from /tmp/airflow/dag_bundles/my-git-repo/tracking_repo/airflow-dags/cheapshark/DAG_cheapshark.py","logger":"airflow.models.dagbag.DagBag","filename":"dagbag.py","lineno":593}
{"timestamp":"2026-06-29T06:54:11.979283Z","level":"info","event":"::group::Cosmos DAG parsing logs","logger":"cosmos.converter","filename":"converter.py","lineno":293}
{"timestamp":"2026-06-29T06:54:11.979644Z","level":"info","event":"Trying to parse the dbt project using dbt ls cache cosmos_cache__get_cheapshark_deals__dbt_transform...","logger":"cosmos.dbt.graph","filename":"graph.py","lineno":781}
{"timestamp":"2026-06-29T06:54:11.988548Z","level":"info","event":"Cosmos performance: time to calculate cache identifier cosmos_cache__get_cheapshark_deals__dbt_transform for current version: 0.0006103330015321262","logger":"cosmos.cache","filename":"cache.py","lineno":333}
{"timestamp":"2026-06-29T06:54:11.988611Z","level":"info","event":"Cosmos performance [d2f09bca74c9|4728]: The cache size for cosmos_cache__get_cheapshark_deals__dbt_transform is 1726","logger":"cosmos.dbt.graph","filename":"graph.py","lineno":798}
{"timestamp":"2026-06-29T06:54:11.988731Z","level":"info","event":"Cosmos performance: Cache hit for cosmos_cache__get_cheapshark_deals__dbt_transform - 5d5dc19a4d21d68d9e2dd97b4b147311,35c51d063f0c828f4111bbac634f6471","logger":"cosmos.dbt.graph","filename":"graph.py","lineno":806}
{"timestamp":"2026-06-29T06:54:11.989020Z","level":"info","event":"Total nodes: 2","logger":"cosmos.dbt.graph","filename":"graph.py","lineno":711}
{"timestamp":"2026-06-29T06:54:11.989061Z","level":"info","event":"Total filtered nodes: 2","logger":"cosmos.dbt.graph","filename":"graph.py","lineno":712}
{"timestamp":"2026-06-29T06:54:11.989122Z","level":"info","event":"Cosmos performance (get_cheapshark_deals__dbt_transform) -  [d2f09bca74c9|4728]: It took 0.00949s to parse the dbt project for DAG using LoadMode.DBT_LS_CACHE","logger":"cosmos.converter","filename":"converter.py","lineno":340}
{"timestamp":"2026-06-29T06:54:11.989348Z","level":"info","event":"Project /tmp/airflow/dag_bundles/my-git-repo/tracking_repo/dbt_project does not have {'dependencies.yml', 'packages.yml'}","logger":"cosmos.dbt.project","filename":"project.py","lineno":40}
{"timestamp":"2026-06-29T06:54:11.989765Z","level":"info","event":"Project /tmp/airflow/dag_bundles/my-git-repo/tracking_repo/dbt_project does not have {'dependencies.yml', 'packages.yml'}","logger":"cosmos.dbt.project","filename":"project.py","lineno":40}
{"timestamp":"2026-06-29T06:54:11.990038Z","level":"info","event":"Cosmos performance (get_cheapshark_deals__dbt_transform) - [d2f09bca74c9|4728]: It took 0.000938s to build the Airflow DAG.","logger":"cosmos.converter","filename":"converter.py","lineno":387}
{"timestamp":"2026-06-29T06:54:11.990070Z","level":"info","event":"::endgroup::Cosmos DAG parsing logs","logger":"cosmos.converter","filename":"converter.py","lineno":390}
{"timestamp":"2026-06-29T06:54:42.772145Z","level":"info","event":"Filling up the DagBag from /tmp/airflow/dag_bundles/my-git-repo/tracking_repo/airflow-dags/cheapshark/DAG_cheapshark.py","logger":"airflow.models.dagbag.DagBag","filename":"dagbag.py","lineno":593}
{"timestamp":"2026-06-29T06:54:43.237048Z","level":"info","event":"::group::Cosmos DAG parsing logs","logger":"cosmos.converter","filename":"converter.py","lineno":293}
{"timestamp":"2026-06-29T06:54:43.237362Z","level":"info","event":"Trying to parse the dbt project using dbt ls cache cosmos_cache__get_cheapshark_deals__dbt_transform...","logger":"cosmos.dbt.graph","filename":"graph.py","lineno":781}
{"timestamp":"2026-06-29T06:54:43.245458Z","level":"info","event":"Cosmos performance: time to calculate cache identifier cosmos_cache__get_cheapshark_deals__dbt_transform for current version: 0.00044625000009546056","logger":"cosmos.cache","filename":"cache.py","lineno":333}
{"timestamp":"2026-06-29T06:54:43.245533Z","level":"info","event":"Cosmos performance [d2f09bca74c9|4756]: The cache size for cosmos_cache__get_cheapshark_deals__dbt_transform is 1726","logger":"cosmos.dbt.graph","filename":"graph.py","lineno":798}
{"timestamp":"2026-06-29T06:54:43.245628Z","level":"info","event":"Cosmos performance: Cache hit for cosmos_cache__get_cheapshark_deals__dbt_transform - 5d5dc19a4d21d68d9e2dd97b4b147311,35c51d063f0c828f4111bbac634f6471","logger":"cosmos.dbt.graph","filename":"graph.py","lineno":806}
{"timestamp":"2026-06-29T06:54:43.245850Z","level":"info","event":"Total nodes: 2","logger":"cosmos.dbt.graph","filename":"graph.py","lineno":711}
{"timestamp":"2026-06-29T06:54:43.245881Z","level":"info","event":"Total filtered nodes: 2","logger":"cosmos.dbt.graph","filename":"graph.py","lineno":712}
{"timestamp":"2026-06-29T06:54:43.245925Z","level":"info","event":"Cosmos performance (get_cheapshark_deals__dbt_transform) -  [d2f09bca74c9|4756]: It took 0.00858s to parse the dbt project for DAG using LoadMode.DBT_LS_CACHE","logger":"cosmos.converter","filename":"converter.py","lineno":340}
{"timestamp":"2026-06-29T06:54:43.246148Z","level":"info","event":"Project /tmp/airflow/dag_bundles/my-git-repo/tracking_repo/dbt_project does not have {'dependencies.yml', 'packages.yml'}","logger":"cosmos.dbt.project","filename":"project.py","lineno":40}
{"timestamp":"2026-06-29T06:54:43.246561Z","level":"info","event":"Project /tmp/airflow/dag_bundles/my-git-repo/tracking_repo/dbt_project does not have {'dependencies.yml', 'packages.yml'}","logger":"cosmos.dbt.project","filename":"project.py","lineno":40}
{"timestamp":"2026-06-29T06:54:43.246796Z","level":"info","event":"Cosmos performance (get_cheapshark_deals__dbt_transform) - [d2f09bca74c9|4756]: It took 0.000876s to build the Airflow DAG.","logger":"cosmos.converter","filename":"converter.py","lineno":387}
{"timestamp":"2026-06-29T06:54:43.246825Z","level":"info","event":"::endgroup::Cosmos DAG parsing logs","logger":"cosmos.converter","filename":"converter.py","lineno":390}
{"timestamp":"2026-06-29T06:55:14.006845Z","level":"info","event":"Filling up the DagBag from /tmp/airflow/dag_bundles/my-git-repo/tracking_repo/airflow-dags/cheapshark/DAG_cheapshark.py","logger":"airflow.models.dagbag.DagBag","filename":"dagbag.py","lineno":593}
{"timestamp":"2026-06-29T06:55:14.539401Z","level":"info","event":"::group::Cosmos DAG parsing logs","logger":"cosmos.converter","filename":"converter.py","lineno":293}
{"timestamp":"2026-06-29T06:55:14.539780Z","level":"info","event":"Trying to parse the dbt project using dbt ls cache cosmos_cache__get_cheapshark_deals__dbt_transform...","logger":"cosmos.dbt.graph","filename":"graph.py","lineno":781}
{"timestamp":"2026-06-29T06:55:14.549259Z","level":"info","event":"Cosmos performance: time to calculate cache identifier cosmos_cache__get_cheapshark_deals__dbt_transform for current version: 0.0005957079993095249","logger":"cosmos.cache","filename":"cache.py","lineno":333}
{"timestamp":"2026-06-29T06:55:14.549318Z","level":"info","event":"Cosmos performance [d2f09bca74c9|4784]: The cache size for cosmos_cache__get_cheapshark_deals__dbt_transform is 1726","logger":"cosmos.dbt.graph","filename":"graph.py","lineno":798}
{"timestamp":"2026-06-29T06:55:14.549422Z","level":"info","event":"Cosmos performance: Cache hit for cosmos_cache__get_cheapshark_deals__dbt_transform - 5d5dc19a4d21d68d9e2dd97b4b147311,35c51d063f0c828f4111bbac634f6471","logger":"cosmos.dbt.graph","filename":"graph.py","lineno":806}
{"timestamp":"2026-06-29T06:55:14.549695Z","level":"info","event":"Total nodes: 2","logger":"cosmos.dbt.graph","filename":"graph.py","lineno":711}
{"timestamp":"2026-06-29T06:55:14.549733Z","level":"info","event":"Total filtered nodes: 2","logger":"cosmos.dbt.graph","filename":"graph.py","lineno":712}
{"timestamp":"2026-06-29T06:55:14.549771Z","level":"info","event":"Cosmos performance (get_cheapshark_deals__dbt_transform) -  [d2f09bca74c9|4784]: It took 0.01s to parse the dbt project for DAG using LoadMode.DBT_LS_CACHE","logger":"cosmos.converter","filename":"converter.py","lineno":340}
{"timestamp":"2026-06-29T06:55:14.549985Z","level":"info","event":"Project /tmp/airflow/dag_bundles/my-git-repo/tracking_repo/dbt_project does not have {'dependencies.yml', 'packages.yml'}","logger":"cosmos.dbt.project","filename":"project.py","lineno":40}
{"timestamp":"2026-06-29T06:55:14.550396Z","level":"info","event":"Project /tmp/airflow/dag_bundles/my-git-repo/tracking_repo/dbt_project does not have {'dependencies.yml', 'packages.yml'}","logger":"cosmos.dbt.project","filename":"project.py","lineno":40}
{"timestamp":"2026-06-29T06:55:14.550641Z","level":"info","event":"Cosmos performance (get_cheapshark_deals__dbt_transform) - [d2f09bca74c9|4784]: It took 0.000871s to build the Airflow DAG.","logger":"cosmos.converter","filename":"converter.py","lineno":387}
{"timestamp":"2026-06-29T06:55:14.550673Z","level":"info","event":"::endgroup::Cosmos DAG parsing logs","logger":"cosmos.converter","filename":"converter.py","lineno":390}
{"timestamp":"2026-06-29T06:55:45.101877Z","level":"info","event":"Filling up the DagBag from /tmp/airflow/dag_bundles/my-git-repo/tracking_repo/airflow-dags/cheapshark/DAG_cheapshark.py","logger":"airflow.models.dagbag.DagBag","filename":"dagbag.py","lineno":593}
{"timestamp":"2026-06-29T06:55:45.629032Z","level":"info","event":"::group::Cosmos DAG parsing logs","logger":"cosmos.converter","filename":"converter.py","lineno":293}
{"timestamp":"2026-06-29T06:55:45.629460Z","level":"info","event":"Trying to parse the dbt project using dbt ls cache cosmos_cache__get_cheapshark_deals__dbt_transform...","logger":"cosmos.dbt.graph","filename":"graph.py","lineno":781}
{"timestamp":"2026-06-29T06:55:45.640020Z","level":"info","event":"Cosmos performance: time to calculate cache identifier cosmos_cache__get_cheapshark_deals__dbt_transform for current version: 0.0006522920011775568","logger":"cosmos.cache","filename":"cache.py","lineno":333}
{"timestamp":"2026-06-29T06:55:45.640075Z","level":"info","event":"Cosmos performance [d2f09bca74c9|4827]: The cache size for cosmos_cache__get_cheapshark_deals__dbt_transform is 1726","logger":"cosmos.dbt.graph","filename":"graph.py","lineno":798}
{"timestamp":"2026-06-29T06:55:45.640172Z","level":"info","event":"Cosmos performance: Cache hit for cosmos_cache__get_cheapshark_deals__dbt_transform - 5d5dc19a4d21d68d9e2dd97b4b147311,35c51d063f0c828f4111bbac634f6471","logger":"cosmos.dbt.graph","filename":"graph.py","lineno":806}
{"timestamp":"2026-06-29T06:55:45.641631Z","level":"info","event":"Total nodes: 2","logger":"cosmos.dbt.graph","filename":"graph.py","lineno":711}
{"timestamp":"2026-06-29T06:55:45.641681Z","level":"info","event":"Total filtered nodes: 2","logger":"cosmos.dbt.graph","filename":"graph.py","lineno":712}
{"timestamp":"2026-06-29T06:55:45.641733Z","level":"info","event":"Cosmos performance (get_cheapshark_deals__dbt_transform) -  [d2f09bca74c9|4827]: It took 0.0123s to parse the dbt project for DAG using LoadMode.DBT_LS_CACHE","logger":"cosmos.converter","filename":"converter.py","lineno":340}
{"timestamp":"2026-06-29T06:55:45.641975Z","level":"info","event":"Project /tmp/airflow/dag_bundles/my-git-repo/tracking_repo/dbt_project does not have {'dependencies.yml', 'packages.yml'}","logger":"cosmos.dbt.project","filename":"project.py","lineno":40}
{"timestamp":"2026-06-29T06:55:45.642424Z","level":"info","event":"Project /tmp/airflow/dag_bundles/my-git-repo/tracking_repo/dbt_project does not have {'dependencies.yml', 'packages.yml'}","logger":"cosmos.dbt.project","filename":"project.py","lineno":40}
{"timestamp":"2026-06-29T06:55:45.642666Z","level":"info","event":"Cosmos performance (get_cheapshark_deals__dbt_transform) - [d2f09bca74c9|4827]: It took 0.000942s to build the Airflow DAG.","logger":"cosmos.converter","filename":"converter.py","lineno":387}
{"timestamp":"2026-06-29T06:55:45.642702Z","level":"info","event":"::endgroup::Cosmos DAG parsing logs","logger":"cosmos.converter","filename":"converter.py","lineno":390}
{"timestamp":"2026-06-29T06:56:16.482018Z","level":"info","event":"Filling up the DagBag from /tmp/airflow/dag_bundles/my-git-repo/tracking_repo/airflow-dags/cheapshark/DAG_cheapshark.py","logger":"airflow.models.dagbag.DagBag","filename":"dagbag.py","lineno":593}
{"timestamp":"2026-06-29T06:56:17.114298Z","level":"info","event":"::group::Cosmos DAG parsing logs","logger":"cosmos.converter","filename":"converter.py","lineno":293}
{"timestamp":"2026-06-29T06:56:17.114766Z","level":"info","event":"Trying to parse the dbt project using dbt ls cache cosmos_cache__get_cheapshark_deals__dbt_transform...","logger":"cosmos.dbt.graph","filename":"graph.py","lineno":781}
{"timestamp":"2026-06-29T06:56:17.128503Z","level":"info","event":"Cosmos performance: time to calculate cache identifier cosmos_cache__get_cheapshark_deals__dbt_transform for current version: 0.0007037090035737492","logger":"cosmos.cache","filename":"cache.py","lineno":333}
{"timestamp":"2026-06-29T06:56:17.128624Z","level":"info","event":"Cosmos performance [d2f09bca74c9|4855]: The cache size for cosmos_cache__get_cheapshark_deals__dbt_transform is 1726","logger":"cosmos.dbt.graph","filename":"graph.py","lineno":798}
{"timestamp":"2026-06-29T06:56:17.128749Z","level":"info","event":"Cosmos performance: Cache hit for cosmos_cache__get_cheapshark_deals__dbt_transform - 5d5dc19a4d21d68d9e2dd97b4b147311,35c51d063f0c828f4111bbac634f6471","logger":"cosmos.dbt.graph","filename":"graph.py","lineno":806}
{"timestamp":"2026-06-29T06:56:17.129153Z","level":"info","event":"Total nodes: 2","logger":"cosmos.dbt.graph","filename":"graph.py","lineno":711}
{"timestamp":"2026-06-29T06:56:17.129189Z","level":"info","event":"Total filtered nodes: 2","logger":"cosmos.dbt.graph","filename":"graph.py","lineno":712}
{"timestamp":"2026-06-29T06:56:17.129241Z","level":"info","event":"Cosmos performance (get_cheapshark_deals__dbt_transform) -  [d2f09bca74c9|4855]: It took 0.0145s to parse the dbt project for DAG using LoadMode.DBT_LS_CACHE","logger":"cosmos.converter","filename":"converter.py","lineno":340}
{"timestamp":"2026-06-29T06:56:17.129479Z","level":"info","event":"Project /tmp/airflow/dag_bundles/my-git-repo/tracking_repo/dbt_project does not have {'dependencies.yml', 'packages.yml'}","logger":"cosmos.dbt.project","filename":"project.py","lineno":40}
{"timestamp":"2026-06-29T06:56:17.129994Z","level":"info","event":"Project /tmp/airflow/dag_bundles/my-git-repo/tracking_repo/dbt_project does not have {'dependencies.yml', 'packages.yml'}","logger":"cosmos.dbt.project","filename":"project.py","lineno":40}
{"timestamp":"2026-06-29T06:56:17.130299Z","level":"info","event":"Cosmos performance (get_cheapshark_deals__dbt_transform) - [d2f09bca74c9|4855]: It took 0.00106s to build the Airflow DAG.","logger":"cosmos.converter","filename":"converter.py","lineno":387}
{"timestamp":"2026-06-29T06:56:17.130335Z","level":"info","event":"::endgroup::Cosmos DAG parsing logs","logger":"cosmos.converter","filename":"converter.py","lineno":390}
{"timestamp":"2026-06-29T06:56:47.912635Z","level":"info","event":"Filling up the DagBag from /tmp/airflow/dag_bundles/my-git-repo/tracking_repo/airflow-dags/cheapshark/DAG_cheapshark.py","logger":"airflow.models.dagbag.DagBag","filename":"dagbag.py","lineno":593}
{"timestamp":"2026-06-29T06:56:48.577030Z","level":"info","event":"::group::Cosmos DAG parsing logs","logger":"cosmos.converter","filename":"converter.py","lineno":293}
{"timestamp":"2026-06-29T06:56:48.577476Z","level":"info","event":"Trying to parse the dbt project using dbt ls cache cosmos_cache__get_cheapshark_deals__dbt_transform...","logger":"cosmos.dbt.graph","filename":"graph.py","lineno":781}
{"timestamp":"2026-06-29T06:56:48.589903Z","level":"info","event":"Cosmos performance: time to calculate cache identifier cosmos_cache__get_cheapshark_deals__dbt_transform for current version: 0.000662083002680447","logger":"cosmos.cache","filename":"cache.py","lineno":333}
{"timestamp":"2026-06-29T06:56:48.589980Z","level":"info","event":"Cosmos performance [d2f09bca74c9|4883]: The cache size for cosmos_cache__get_cheapshark_deals__dbt_transform is 1726","logger":"cosmos.dbt.graph","filename":"graph.py","lineno":798}
{"timestamp":"2026-06-29T06:56:48.590094Z","level":"info","event":"Cosmos performance: Cache hit for cosmos_cache__get_cheapshark_deals__dbt_transform - 5d5dc19a4d21d68d9e2dd97b4b147311,35c51d063f0c828f4111bbac634f6471","logger":"cosmos.dbt.graph","filename":"graph.py","lineno":806}
{"timestamp":"2026-06-29T06:56:48.590392Z","level":"info","event":"Total nodes: 2","logger":"cosmos.dbt.graph","filename":"graph.py","lineno":711}
{"timestamp":"2026-06-29T06:56:48.590425Z","level":"info","event":"Total filtered nodes: 2","logger":"cosmos.dbt.graph","filename":"graph.py","lineno":712}
{"timestamp":"2026-06-29T06:56:48.590481Z","level":"info","event":"Cosmos performance (get_cheapshark_deals__dbt_transform) -  [d2f09bca74c9|4883]: It took 0.013s to parse the dbt project for DAG using LoadMode.DBT_LS_CACHE","logger":"cosmos.converter","filename":"converter.py","lineno":340}
{"timestamp":"2026-06-29T06:56:48.590720Z","level":"info","event":"Project /tmp/airflow/dag_bundles/my-git-repo/tracking_repo/dbt_project does not have {'dependencies.yml', 'packages.yml'}","logger":"cosmos.dbt.project","filename":"project.py","lineno":40}
{"timestamp":"2026-06-29T06:56:48.591178Z","level":"info","event":"Project /tmp/airflow/dag_bundles/my-git-repo/tracking_repo/dbt_project does not have {'dependencies.yml', 'packages.yml'}","logger":"cosmos.dbt.project","filename":"project.py","lineno":40}
{"timestamp":"2026-06-29T06:56:48.591476Z","level":"info","event":"Cosmos performance (get_cheapshark_deals__dbt_transform) - [d2f09bca74c9|4883]: It took 0.001s to build the Airflow DAG.","logger":"cosmos.converter","filename":"converter.py","lineno":387}
{"timestamp":"2026-06-29T06:56:48.591515Z","level":"info","event":"::endgroup::Cosmos DAG parsing logs","logger":"cosmos.converter","filename":"converter.py","lineno":390}
{"timestamp":"2026-06-29T06:57:19.420152Z","level":"info","event":"Filling up the DagBag from /tmp/airflow/dag_bundles/my-git-repo/tracking_repo/airflow-dags/cheapshark/DAG_cheapshark.py","logger":"airflow.models.dagbag.DagBag","filename":"dagbag.py","lineno":593}
{"timestamp":"2026-06-29T06:57:19.826163Z","level":"info","event":"::group::Cosmos DAG parsing logs","logger":"cosmos.converter","filename":"converter.py","lineno":293}
{"timestamp":"2026-06-29T06:57:19.826492Z","level":"info","event":"Trying to parse the dbt project using dbt ls cache cosmos_cache__get_cheapshark_deals__dbt_transform...","logger":"cosmos.dbt.graph","filename":"graph.py","lineno":781}
{"timestamp":"2026-06-29T06:57:19.834021Z","level":"info","event":"Cosmos performance: time to calculate cache identifier cosmos_cache__get_cheapshark_deals__dbt_transform for current version: 0.0003818340046564117","logger":"cosmos.cache","filename":"cache.py","lineno":333}
{"timestamp":"2026-06-29T06:57:19.834102Z","level":"info","event":"Cosmos performance [d2f09bca74c9|4911]: The cache size for cosmos_cache__get_cheapshark_deals__dbt_transform is 1726","logger":"cosmos.dbt.graph","filename":"graph.py","lineno":798}
{"timestamp":"2026-06-29T06:57:19.834199Z","level":"info","event":"Cosmos performance: Cache hit for cosmos_cache__get_cheapshark_deals__dbt_transform - 5d5dc19a4d21d68d9e2dd97b4b147311,35c51d063f0c828f4111bbac634f6471","logger":"cosmos.dbt.graph","filename":"graph.py","lineno":806}
{"timestamp":"2026-06-29T06:57:19.834451Z","level":"info","event":"Total nodes: 2","logger":"cosmos.dbt.graph","filename":"graph.py","lineno":711}
{"timestamp":"2026-06-29T06:57:19.834489Z","level":"info","event":"Total filtered nodes: 2","logger":"cosmos.dbt.graph","filename":"graph.py","lineno":712}
{"timestamp":"2026-06-29T06:57:19.834524Z","level":"info","event":"Cosmos performance (get_cheapshark_deals__dbt_transform) -  [d2f09bca74c9|4911]: It took 0.00806s to parse the dbt project for DAG using LoadMode.DBT_LS_CACHE","logger":"cosmos.converter","filename":"converter.py","lineno":340}
{"timestamp":"2026-06-29T06:57:19.834733Z","level":"info","event":"Project /tmp/airflow/dag_bundles/my-git-repo/tracking_repo/dbt_project does not have {'dependencies.yml', 'packages.yml'}","logger":"cosmos.dbt.project","filename":"project.py","lineno":40}
{"timestamp":"2026-06-29T06:57:19.835160Z","level":"info","event":"Project /tmp/airflow/dag_bundles/my-git-repo/tracking_repo/dbt_project does not have {'dependencies.yml', 'packages.yml'}","logger":"cosmos.dbt.project","filename":"project.py","lineno":40}
{"timestamp":"2026-06-29T06:57:19.835384Z","level":"info","event":"Cosmos performance (get_cheapshark_deals__dbt_transform) - [d2f09bca74c9|4911]: It took 0.000858s to build the Airflow DAG.","logger":"cosmos.converter","filename":"converter.py","lineno":387}
{"timestamp":"2026-06-29T06:57:19.835415Z","level":"info","event":"::endgroup::Cosmos DAG parsing logs","logger":"cosmos.converter","filename":"converter.py","lineno":390}
{"timestamp":"2026-06-29T06:57:50.360419Z","level":"info","event":"Filling up the DagBag from /tmp/airflow/dag_bundles/my-git-repo/tracking_repo/airflow-dags/cheapshark/DAG_cheapshark.py","logger":"airflow.models.dagbag.DagBag","filename":"dagbag.py","lineno":593}
{"timestamp":"2026-06-29T06:57:50.965058Z","level":"info","event":"::group::Cosmos DAG parsing logs","logger":"cosmos.converter","filename":"converter.py","lineno":293}
{"timestamp":"2026-06-29T06:57:50.965603Z","level":"info","event":"Trying to parse the dbt project using dbt ls cache cosmos_cache__get_cheapshark_deals__dbt_transform...","logger":"cosmos.dbt.graph","filename":"graph.py","lineno":781}
{"timestamp":"2026-06-29T06:57:50.988105Z","level":"info","event":"Cosmos performance: time to calculate cache identifier cosmos_cache__get_cheapshark_deals__dbt_transform for current version: 0.0006524999989778735","logger":"cosmos.cache","filename":"cache.py","lineno":333}
{"timestamp":"2026-06-29T06:57:50.988188Z","level":"info","event":"Cosmos performance [d2f09bca74c9|4953]: The cache size for cosmos_cache__get_cheapshark_deals__dbt_transform is 1726","logger":"cosmos.dbt.graph","filename":"graph.py","lineno":798}
{"timestamp":"2026-06-29T06:57:50.988309Z","level":"info","event":"Cosmos performance: Cache hit for cosmos_cache__get_cheapshark_deals__dbt_transform - 5d5dc19a4d21d68d9e2dd97b4b147311,35c51d063f0c828f4111bbac634f6471","logger":"cosmos.dbt.graph","filename":"graph.py","lineno":806}
{"timestamp":"2026-06-29T06:57:50.988615Z","level":"info","event":"Total nodes: 2","logger":"cosmos.dbt.graph","filename":"graph.py","lineno":711}
{"timestamp":"2026-06-29T06:57:50.988649Z","level":"info","event":"Total filtered nodes: 2","logger":"cosmos.dbt.graph","filename":"graph.py","lineno":712}
{"timestamp":"2026-06-29T06:57:50.988688Z","level":"info","event":"Cosmos performance (get_cheapshark_deals__dbt_transform) -  [d2f09bca74c9|4953]: It took 0.0232s to parse the dbt project for DAG using LoadMode.DBT_LS_CACHE","logger":"cosmos.converter","filename":"converter.py","lineno":340}
{"timestamp":"2026-06-29T06:57:50.988931Z","level":"info","event":"Project /tmp/airflow/dag_bundles/my-git-repo/tracking_repo/dbt_project does not have {'dependencies.yml', 'packages.yml'}","logger":"cosmos.dbt.project","filename":"project.py","lineno":40}
{"timestamp":"2026-06-29T06:57:50.989390Z","level":"info","event":"Project /tmp/airflow/dag_bundles/my-git-repo/tracking_repo/dbt_project does not have {'dependencies.yml', 'packages.yml'}","logger":"cosmos.dbt.project","filename":"project.py","lineno":40}
{"timestamp":"2026-06-29T06:57:50.989675Z","level":"info","event":"Cosmos performance (get_cheapshark_deals__dbt_transform) - [d2f09bca74c9|4953]: It took 0.000985s to build the Airflow DAG.","logger":"cosmos.converter","filename":"converter.py","lineno":387}
{"timestamp":"2026-06-29T06:57:50.989713Z","level":"info","event":"::endgroup::Cosmos DAG parsing logs","logger":"cosmos.converter","filename":"converter.py","lineno":390}
{"timestamp":"2026-06-29T06:58:21.849108Z","level":"info","event":"Filling up the DagBag from /tmp/airflow/dag_bundles/my-git-repo/tracking_repo/airflow-dags/cheapshark/DAG_cheapshark.py","logger":"airflow.models.dagbag.DagBag","filename":"dagbag.py","lineno":593}
{"timestamp":"2026-06-29T06:58:22.345370Z","level":"info","event":"::group::Cosmos DAG parsing logs","logger":"cosmos.converter","filename":"converter.py","lineno":293}
{"timestamp":"2026-06-29T06:58:22.345722Z","level":"info","event":"Trying to parse the dbt project using dbt ls cache cosmos_cache__get_cheapshark_deals__dbt_transform...","logger":"cosmos.dbt.graph","filename":"graph.py","lineno":781}
{"timestamp":"2026-06-29T06:58:22.361125Z","level":"info","event":"Cosmos performance: time to calculate cache identifier cosmos_cache__get_cheapshark_deals__dbt_transform for current version: 0.00040579200140200555","logger":"cosmos.cache","filename":"cache.py","lineno":333}
{"timestamp":"2026-06-29T06:58:22.361201Z","level":"info","event":"Cosmos performance [d2f09bca74c9|4980]: The cache size for cosmos_cache__get_cheapshark_deals__dbt_transform is 1726","logger":"cosmos.dbt.graph","filename":"graph.py","lineno":798}
{"timestamp":"2026-06-29T06:58:22.361324Z","level":"info","event":"Cosmos performance: Cache hit for cosmos_cache__get_cheapshark_deals__dbt_transform - 5d5dc19a4d21d68d9e2dd97b4b147311,35c51d063f0c828f4111bbac634f6471","logger":"cosmos.dbt.graph","filename":"graph.py","lineno":806}
{"timestamp":"2026-06-29T06:58:22.361629Z","level":"info","event":"Total nodes: 2","logger":"cosmos.dbt.graph","filename":"graph.py","lineno":711}
{"timestamp":"2026-06-29T06:58:22.361665Z","level":"info","event":"Total filtered nodes: 2","logger":"cosmos.dbt.graph","filename":"graph.py","lineno":712}
{"timestamp":"2026-06-29T06:58:22.361704Z","level":"info","event":"Cosmos performance (get_cheapshark_deals__dbt_transform) -  [d2f09bca74c9|4980]: It took 0.016s to parse the dbt project for DAG using LoadMode.DBT_LS_CACHE","logger":"cosmos.converter","filename":"converter.py","lineno":340}
{"timestamp":"2026-06-29T06:58:22.361914Z","level":"info","event":"Project /tmp/airflow/dag_bundles/my-git-repo/tracking_repo/dbt_project does not have {'dependencies.yml', 'packages.yml'}","logger":"cosmos.dbt.project","filename":"project.py","lineno":40}
{"timestamp":"2026-06-29T06:58:22.362348Z","level":"info","event":"Project /tmp/airflow/dag_bundles/my-git-repo/tracking_repo/dbt_project does not have {'dependencies.yml', 'packages.yml'}","logger":"cosmos.dbt.project","filename":"project.py","lineno":40}
{"timestamp":"2026-06-29T06:58:22.362607Z","level":"info","event":"Cosmos performance (get_cheapshark_deals__dbt_transform) - [d2f09bca74c9|4980]: It took 0.000905s to build the Airflow DAG.","logger":"cosmos.converter","filename":"converter.py","lineno":387}
{"timestamp":"2026-06-29T06:58:22.362647Z","level":"info","event":"::endgroup::Cosmos DAG parsing logs","logger":"cosmos.converter","filename":"converter.py","lineno":390}
{"timestamp":"2026-06-29T06:58:53.127475Z","level":"info","event":"Filling up the DagBag from /tmp/airflow/dag_bundles/my-git-repo/tracking_repo/airflow-dags/cheapshark/DAG_cheapshark.py","logger":"airflow.models.dagbag.DagBag","filename":"dagbag.py","lineno":593}
{"timestamp":"2026-06-29T06:58:53.691930Z","level":"info","event":"::group::Cosmos DAG parsing logs","logger":"cosmos.converter","filename":"converter.py","lineno":293}
{"timestamp":"2026-06-29T06:58:53.692404Z","level":"info","event":"Trying to parse the dbt project using dbt ls cache cosmos_cache__get_cheapshark_deals__dbt_transform...","logger":"cosmos.dbt.graph","filename":"graph.py","lineno":781}
{"timestamp":"2026-06-29T06:58:53.711418Z","level":"info","event":"Cosmos performance: time to calculate cache identifier cosmos_cache__get_cheapshark_deals__dbt_transform for current version: 0.000663416001771111","logger":"cosmos.cache","filename":"cache.py","lineno":333}
{"timestamp":"2026-06-29T06:58:53.711497Z","level":"info","event":"Cosmos performance [d2f09bca74c9|5001]: The cache size for cosmos_cache__get_cheapshark_deals__dbt_transform is 1726","logger":"cosmos.dbt.graph","filename":"graph.py","lineno":798}
{"timestamp":"2026-06-29T06:58:53.711644Z","level":"info","event":"Cosmos performance: Cache hit for cosmos_cache__get_cheapshark_deals__dbt_transform - 5d5dc19a4d21d68d9e2dd97b4b147311,35c51d063f0c828f4111bbac634f6471","logger":"cosmos.dbt.graph","filename":"graph.py","lineno":806}
{"timestamp":"2026-06-29T06:58:53.712016Z","level":"info","event":"Total nodes: 2","logger":"cosmos.dbt.graph","filename":"graph.py","lineno":711}
{"timestamp":"2026-06-29T06:58:53.712053Z","level":"info","event":"Total filtered nodes: 2","logger":"cosmos.dbt.graph","filename":"graph.py","lineno":712}
{"timestamp":"2026-06-29T06:58:53.712097Z","level":"info","event":"Cosmos performance (get_cheapshark_deals__dbt_transform) -  [d2f09bca74c9|5001]: It took 0.0197s to parse the dbt project for DAG using LoadMode.DBT_LS_CACHE","logger":"cosmos.converter","filename":"converter.py","lineno":340}
{"timestamp":"2026-06-29T06:58:53.712378Z","level":"info","event":"Project /tmp/airflow/dag_bundles/my-git-repo/tracking_repo/dbt_project does not have {'dependencies.yml', 'packages.yml'}","logger":"cosmos.dbt.project","filename":"project.py","lineno":40}
{"timestamp":"2026-06-29T06:58:53.712875Z","level":"info","event":"Project /tmp/airflow/dag_bundles/my-git-repo/tracking_repo/dbt_project does not have {'dependencies.yml', 'packages.yml'}","logger":"cosmos.dbt.project","filename":"project.py","lineno":40}
{"timestamp":"2026-06-29T06:58:53.713160Z","level":"info","event":"Cosmos performance (get_cheapshark_deals__dbt_transform) - [d2f09bca74c9|5001]: It took 0.00106s to build the Airflow DAG.","logger":"cosmos.converter","filename":"converter.py","lineno":387}
{"timestamp":"2026-06-29T06:58:53.713203Z","level":"info","event":"::endgroup::Cosmos DAG parsing logs","logger":"cosmos.converter","filename":"converter.py","lineno":390}
{"timestamp":"2026-06-29T06:59:24.705894Z","level":"info","event":"Filling up the DagBag from /tmp/airflow/dag_bundles/my-git-repo/tracking_repo/airflow-dags/cheapshark/DAG_cheapshark.py","logger":"airflow.models.dagbag.DagBag","filename":"dagbag.py","lineno":593}
{"timestamp":"2026-06-29T06:59:25.167058Z","level":"info","event":"::group::Cosmos DAG parsing logs","logger":"cosmos.converter","filename":"converter.py","lineno":293}
{"timestamp":"2026-06-29T06:59:25.167477Z","level":"info","event":"Trying to parse the dbt project using dbt ls cache cosmos_cache__get_cheapshark_deals__dbt_transform...","logger":"cosmos.dbt.graph","filename":"graph.py","lineno":781}
{"timestamp":"2026-06-29T06:59:25.176039Z","level":"info","event":"Cosmos performance: time to calculate cache identifier cosmos_cache__get_cheapshark_deals__dbt_transform for current version: 0.0004781659954460338","logger":"cosmos.cache","filename":"cache.py","lineno":333}
{"timestamp":"2026-06-29T06:59:25.176099Z","level":"info","event":"Cosmos performance [d2f09bca74c9|5028]: The cache size for cosmos_cache__get_cheapshark_deals__dbt_transform is 1726","logger":"cosmos.dbt.graph","filename":"graph.py","lineno":798}
{"timestamp":"2026-06-29T06:59:25.176223Z","level":"info","event":"Cosmos performance: Cache hit for cosmos_cache__get_cheapshark_deals__dbt_transform - 5d5dc19a4d21d68d9e2dd97b4b147311,35c51d063f0c828f4111bbac634f6471","logger":"cosmos.dbt.graph","filename":"graph.py","lineno":806}
{"timestamp":"2026-06-29T06:59:25.176493Z","level":"info","event":"Total nodes: 2","logger":"cosmos.dbt.graph","filename":"graph.py","lineno":711}
{"timestamp":"2026-06-29T06:59:25.176535Z","level":"info","event":"Total filtered nodes: 2","logger":"cosmos.dbt.graph","filename":"graph.py","lineno":712}
{"timestamp":"2026-06-29T06:59:25.176580Z","level":"info","event":"Cosmos performance (get_cheapshark_deals__dbt_transform) -  [d2f09bca74c9|5028]: It took 0.00913s to parse the dbt project for DAG using LoadMode.DBT_LS_CACHE","logger":"cosmos.converter","filename":"converter.py","lineno":340}
{"timestamp":"2026-06-29T06:59:25.176798Z","level":"info","event":"Project /tmp/airflow/dag_bundles/my-git-repo/tracking_repo/dbt_project does not have {'dependencies.yml', 'packages.yml'}","logger":"cosmos.dbt.project","filename":"project.py","lineno":40}
{"timestamp":"2026-06-29T06:59:25.177258Z","level":"info","event":"Project /tmp/airflow/dag_bundles/my-git-repo/tracking_repo/dbt_project does not have {'dependencies.yml', 'packages.yml'}","logger":"cosmos.dbt.project","filename":"project.py","lineno":40}
{"timestamp":"2026-06-29T06:59:25.177549Z","level":"info","event":"Cosmos performance (get_cheapshark_deals__dbt_transform) - [d2f09bca74c9|5028]: It took 0.000962s to build the Airflow DAG.","logger":"cosmos.converter","filename":"converter.py","lineno":387}
{"timestamp":"2026-06-29T06:59:25.177587Z","level":"info","event":"::endgroup::Cosmos DAG parsing logs","logger":"cosmos.converter","filename":"converter.py","lineno":390}
{"timestamp":"2026-06-29T06:59:55.733290Z","level":"info","event":"Filling up the DagBag from /tmp/airflow/dag_bundles/my-git-repo/tracking_repo/airflow-dags/cheapshark/DAG_cheapshark.py","logger":"airflow.models.dagbag.DagBag","filename":"dagbag.py","lineno":593}
{"timestamp":"2026-06-29T06:59:56.250339Z","level":"info","event":"::group::Cosmos DAG parsing logs","logger":"cosmos.converter","filename":"converter.py","lineno":293}
{"timestamp":"2026-06-29T06:59:56.250757Z","level":"info","event":"Trying to parse the dbt project using dbt ls cache cosmos_cache__get_cheapshark_deals__dbt_transform...","logger":"cosmos.dbt.graph","filename":"graph.py","lineno":781}
{"timestamp":"2026-06-29T06:59:56.260466Z","level":"info","event":"Cosmos performance: time to calculate cache identifier cosmos_cache__get_cheapshark_deals__dbt_transform for current version: 0.0005508749964064918","logger":"cosmos.cache","filename":"cache.py","lineno":333}
{"timestamp":"2026-06-29T06:59:56.260518Z","level":"info","event":"Cosmos performance [d2f09bca74c9|5071]: The cache size for cosmos_cache__get_cheapshark_deals__dbt_transform is 1726","logger":"cosmos.dbt.graph","filename":"graph.py","lineno":798}
{"timestamp":"2026-06-29T06:59:56.260671Z","level":"info","event":"Cosmos performance: Cache hit for cosmos_cache__get_cheapshark_deals__dbt_transform - 5d5dc19a4d21d68d9e2dd97b4b147311,35c51d063f0c828f4111bbac634f6471","logger":"cosmos.dbt.graph","filename":"graph.py","lineno":806}
{"timestamp":"2026-06-29T06:59:56.260945Z","level":"info","event":"Total nodes: 2","logger":"cosmos.dbt.graph","filename":"graph.py","lineno":711}
{"timestamp":"2026-06-29T06:59:56.260990Z","level":"info","event":"Total filtered nodes: 2","logger":"cosmos.dbt.graph","filename":"graph.py","lineno":712}
{"timestamp":"2026-06-29T06:59:56.261027Z","level":"info","event":"Cosmos performance (get_cheapshark_deals__dbt_transform) -  [d2f09bca74c9|5071]: It took 0.0103s to parse the dbt project for DAG using LoadMode.DBT_LS_CACHE","logger":"cosmos.converter","filename":"converter.py","lineno":340}
{"timestamp":"2026-06-29T06:59:56.261237Z","level":"info","event":"Project /tmp/airflow/dag_bundles/my-git-repo/tracking_repo/dbt_project does not have {'dependencies.yml', 'packages.yml'}","logger":"cosmos.dbt.project","filename":"project.py","lineno":40}
{"timestamp":"2026-06-29T06:59:56.261690Z","level":"info","event":"Project /tmp/airflow/dag_bundles/my-git-repo/tracking_repo/dbt_project does not have {'dependencies.yml', 'packages.yml'}","logger":"cosmos.dbt.project","filename":"project.py","lineno":40}
{"timestamp":"2026-06-29T06:59:56.261944Z","level":"info","event":"Cosmos performance (get_cheapshark_deals__dbt_transform) - [d2f09bca74c9|5071]: It took 0.000913s to build the Airflow DAG.","logger":"cosmos.converter","filename":"converter.py","lineno":387}
{"timestamp":"2026-06-29T06:59:56.261982Z","level":"info","event":"::endgroup::Cosmos DAG parsing logs","logger":"cosmos.converter","filename":"converter.py","lineno":390}
{"timestamp":"2026-06-29T07:00:27.151686Z","level":"info","event":"Filling up the DagBag from /tmp/airflow/dag_bundles/my-git-repo/tracking_repo/airflow-dags/cheapshark/DAG_cheapshark.py","logger":"airflow.models.dagbag.DagBag","filename":"dagbag.py","lineno":593}
{"timestamp":"2026-06-29T07:00:27.636319Z","level":"info","event":"::group::Cosmos DAG parsing logs","logger":"cosmos.converter","filename":"converter.py","lineno":293}
{"timestamp":"2026-06-29T07:00:27.636723Z","level":"info","event":"Trying to parse the dbt project using dbt ls cache cosmos_cache__get_cheapshark_deals__dbt_transform...","logger":"cosmos.dbt.graph","filename":"graph.py","lineno":781}
{"timestamp":"2026-06-29T07:00:27.644884Z","level":"info","event":"Cosmos performance: time to calculate cache identifier cosmos_cache__get_cheapshark_deals__dbt_transform for current version: 0.0005560830031754449","logger":"cosmos.cache","filename":"cache.py","lineno":333}
{"timestamp":"2026-06-29T07:00:27.644947Z","level":"info","event":"Cosmos performance [d2f09bca74c9|5099]: The cache size for cosmos_cache__get_cheapshark_deals__dbt_transform is 1726","logger":"cosmos.dbt.graph","filename":"graph.py","lineno":798}
{"timestamp":"2026-06-29T07:00:27.645056Z","level":"info","event":"Cosmos performance: Cache hit for cosmos_cache__get_cheapshark_deals__dbt_transform - 5d5dc19a4d21d68d9e2dd97b4b147311,35c51d063f0c828f4111bbac634f6471","logger":"cosmos.dbt.graph","filename":"graph.py","lineno":806}
{"timestamp":"2026-06-29T07:00:27.646656Z","level":"info","event":"Total nodes: 2","logger":"cosmos.dbt.graph","filename":"graph.py","lineno":711}
{"timestamp":"2026-06-29T07:00:27.646700Z","level":"info","event":"Total filtered nodes: 2","logger":"cosmos.dbt.graph","filename":"graph.py","lineno":712}
{"timestamp":"2026-06-29T07:00:27.646767Z","level":"info","event":"Cosmos performance (get_cheapshark_deals__dbt_transform) -  [d2f09bca74c9|5099]: It took 0.0101s to parse the dbt project for DAG using LoadMode.DBT_LS_CACHE","logger":"cosmos.converter","filename":"converter.py","lineno":340}
{"timestamp":"2026-06-29T07:00:27.647002Z","level":"info","event":"Project /tmp/airflow/dag_bundles/my-git-repo/tracking_repo/dbt_project does not have {'dependencies.yml', 'packages.yml'}","logger":"cosmos.dbt.project","filename":"project.py","lineno":40}
{"timestamp":"2026-06-29T07:00:27.647453Z","level":"info","event":"Project /tmp/airflow/dag_bundles/my-git-repo/tracking_repo/dbt_project does not have {'dependencies.yml', 'packages.yml'}","logger":"cosmos.dbt.project","filename":"project.py","lineno":40}
{"timestamp":"2026-06-29T07:00:27.647706Z","level":"info","event":"Cosmos performance (get_cheapshark_deals__dbt_transform) - [d2f09bca74c9|5099]: It took 0.000944s to build the Airflow DAG.","logger":"cosmos.converter","filename":"converter.py","lineno":387}
{"timestamp":"2026-06-29T07:00:27.647758Z","level":"info","event":"::endgroup::Cosmos DAG parsing logs","logger":"cosmos.converter","filename":"converter.py","lineno":390}
{"timestamp":"2026-06-29T07:00:57.729618Z","level":"info","event":"Filling up the DagBag from /tmp/airflow/dag_bundles/my-git-repo/tracking_repo/airflow-dags/cheapshark/DAG_cheapshark.py","logger":"airflow.models.dagbag.DagBag","filename":"dagbag.py","lineno":593}
{"timestamp":"2026-06-29T07:00:58.174995Z","level":"info","event":"::group::Cosmos DAG parsing logs","logger":"cosmos.converter","filename":"converter.py","lineno":293}
{"timestamp":"2026-06-29T07:00:58.175280Z","level":"info","event":"Trying to parse the dbt project using dbt ls cache cosmos_cache__get_cheapshark_deals__dbt_transform...","logger":"cosmos.dbt.graph","filename":"graph.py","lineno":781}
{"timestamp":"2026-06-29T07:00:58.183296Z","level":"info","event":"Cosmos performance: time to calculate cache identifier cosmos_cache__get_cheapshark_deals__dbt_transform for current version: 0.0004098329955013469","logger":"cosmos.cache","filename":"cache.py","lineno":333}
{"timestamp":"2026-06-29T07:00:58.183369Z","level":"info","event":"Cosmos performance [d2f09bca74c9|5127]: The cache size for cosmos_cache__get_cheapshark_deals__dbt_transform is 1726","logger":"cosmos.dbt.graph","filename":"graph.py","lineno":798}
{"timestamp":"2026-06-29T07:00:58.183475Z","level":"info","event":"Cosmos performance: Cache hit for cosmos_cache__get_cheapshark_deals__dbt_transform - 5d5dc19a4d21d68d9e2dd97b4b147311,35c51d063f0c828f4111bbac634f6471","logger":"cosmos.dbt.graph","filename":"graph.py","lineno":806}
{"timestamp":"2026-06-29T07:00:58.183729Z","level":"info","event":"Total nodes: 2","logger":"cosmos.dbt.graph","filename":"graph.py","lineno":711}
{"timestamp":"2026-06-29T07:00:58.183766Z","level":"info","event":"Total filtered nodes: 2","logger":"cosmos.dbt.graph","filename":"graph.py","lineno":712}
{"timestamp":"2026-06-29T07:00:58.183811Z","level":"info","event":"Cosmos performance (get_cheapshark_deals__dbt_transform) -  [d2f09bca74c9|5127]: It took 0.00855s to parse the dbt project for DAG using LoadMode.DBT_LS_CACHE","logger":"cosmos.converter","filename":"converter.py","lineno":340}
{"timestamp":"2026-06-29T07:00:58.184025Z","level":"info","event":"Project /tmp/airflow/dag_bundles/my-git-repo/tracking_repo/dbt_project does not have {'dependencies.yml', 'packages.yml'}","logger":"cosmos.dbt.project","filename":"project.py","lineno":40}
{"timestamp":"2026-06-29T07:00:58.184459Z","level":"info","event":"Project /tmp/airflow/dag_bundles/my-git-repo/tracking_repo/dbt_project does not have {'dependencies.yml', 'packages.yml'}","logger":"cosmos.dbt.project","filename":"project.py","lineno":40}
{"timestamp":"2026-06-29T07:00:58.184702Z","level":"info","event":"Cosmos performance (get_cheapshark_deals__dbt_transform) - [d2f09bca74c9|5127]: It took 0.000893s to build the Airflow DAG.","logger":"cosmos.converter","filename":"converter.py","lineno":387}
{"timestamp":"2026-06-29T07:00:58.184740Z","level":"info","event":"::endgroup::Cosmos DAG parsing logs","logger":"cosmos.converter","filename":"converter.py","lineno":390}
{"timestamp":"2026-06-29T07:01:28.964507Z","level":"info","event":"Filling up the DagBag from /tmp/airflow/dag_bundles/my-git-repo/tracking_repo/airflow-dags/cheapshark/DAG_cheapshark.py","logger":"airflow.models.dagbag.DagBag","filename":"dagbag.py","lineno":593}
{"timestamp":"2026-06-29T07:01:29.390111Z","level":"info","event":"::group::Cosmos DAG parsing logs","logger":"cosmos.converter","filename":"converter.py","lineno":293}
{"timestamp":"2026-06-29T07:01:29.390469Z","level":"info","event":"Trying to parse the dbt project using dbt ls cache cosmos_cache__get_cheapshark_deals__dbt_transform...","logger":"cosmos.dbt.graph","filename":"graph.py","lineno":781}
{"timestamp":"2026-06-29T07:01:29.397853Z","level":"info","event":"Cosmos performance: time to calculate cache identifier cosmos_cache__get_cheapshark_deals__dbt_transform for current version: 0.0004943750027450733","logger":"cosmos.cache","filename":"cache.py","lineno":333}
{"timestamp":"2026-06-29T07:01:29.397909Z","level":"info","event":"Cosmos performance [d2f09bca74c9|5155]: The cache size for cosmos_cache__get_cheapshark_deals__dbt_transform is 1726","logger":"cosmos.dbt.graph","filename":"graph.py","lineno":798}
{"timestamp":"2026-06-29T07:01:29.398013Z","level":"info","event":"Cosmos performance: Cache hit for cosmos_cache__get_cheapshark_deals__dbt_transform - 5d5dc19a4d21d68d9e2dd97b4b147311,35c51d063f0c828f4111bbac634f6471","logger":"cosmos.dbt.graph","filename":"graph.py","lineno":806}
{"timestamp":"2026-06-29T07:01:29.399183Z","level":"info","event":"Total nodes: 2","logger":"cosmos.dbt.graph","filename":"graph.py","lineno":711}
{"timestamp":"2026-06-29T07:01:29.399226Z","level":"info","event":"Total filtered nodes: 2","logger":"cosmos.dbt.graph","filename":"graph.py","lineno":712}
{"timestamp":"2026-06-29T07:01:29.399271Z","level":"info","event":"Cosmos performance (get_cheapshark_deals__dbt_transform) -  [d2f09bca74c9|5155]: It took 0.00882s to parse the dbt project for DAG using LoadMode.DBT_LS_CACHE","logger":"cosmos.converter","filename":"converter.py","lineno":340}
{"timestamp":"2026-06-29T07:01:29.399498Z","level":"info","event":"Project /tmp/airflow/dag_bundles/my-git-repo/tracking_repo/dbt_project does not have {'dependencies.yml', 'packages.yml'}","logger":"cosmos.dbt.project","filename":"project.py","lineno":40}
{"timestamp":"2026-06-29T07:01:29.399923Z","level":"info","event":"Project /tmp/airflow/dag_bundles/my-git-repo/tracking_repo/dbt_project does not have {'dependencies.yml', 'packages.yml'}","logger":"cosmos.dbt.project","filename":"project.py","lineno":40}
{"timestamp":"2026-06-29T07:01:29.400164Z","level":"info","event":"Cosmos performance (get_cheapshark_deals__dbt_transform) - [d2f09bca74c9|5155]: It took 0.000898s to build the Airflow DAG.","logger":"cosmos.converter","filename":"converter.py","lineno":387}
{"timestamp":"2026-06-29T07:01:29.400201Z","level":"info","event":"::endgroup::Cosmos DAG parsing logs","logger":"cosmos.converter","filename":"converter.py","lineno":390}
{"timestamp":"2026-06-29T07:01:59.835230Z","level":"info","event":"Filling up the DagBag from /tmp/airflow/dag_bundles/my-git-repo/tracking_repo/airflow-dags/cheapshark/DAG_cheapshark.py","logger":"airflow.models.dagbag.DagBag","filename":"dagbag.py","lineno":593}
{"timestamp":"2026-06-29T07:02:00.316627Z","level":"info","event":"::group::Cosmos DAG parsing logs","logger":"cosmos.converter","filename":"converter.py","lineno":293}
{"timestamp":"2026-06-29T07:02:00.317230Z","level":"info","event":"Trying to parse the dbt project using dbt ls cache cosmos_cache__get_cheapshark_deals__dbt_transform...","logger":"cosmos.dbt.graph","filename":"graph.py","lineno":781}
{"timestamp":"2026-06-29T07:02:00.326733Z","level":"info","event":"Cosmos performance: time to calculate cache identifier cosmos_cache__get_cheapshark_deals__dbt_transform for current version: 0.0006386249951901846","logger":"cosmos.cache","filename":"cache.py","lineno":333}
{"timestamp":"2026-06-29T07:02:00.326813Z","level":"info","event":"Cosmos performance [d2f09bca74c9|5198]: The cache size for cosmos_cache__get_cheapshark_deals__dbt_transform is 1726","logger":"cosmos.dbt.graph","filename":"graph.py","lineno":798}
{"timestamp":"2026-06-29T07:02:00.326936Z","level":"info","event":"Cosmos performance: Cache hit for cosmos_cache__get_cheapshark_deals__dbt_transform - 5d5dc19a4d21d68d9e2dd97b4b147311,35c51d063f0c828f4111bbac634f6471","logger":"cosmos.dbt.graph","filename":"graph.py","lineno":806}
{"timestamp":"2026-06-29T07:02:00.327187Z","level":"info","event":"Total nodes: 2","logger":"cosmos.dbt.graph","filename":"graph.py","lineno":711}
{"timestamp":"2026-06-29T07:02:00.327221Z","level":"info","event":"Total filtered nodes: 2","logger":"cosmos.dbt.graph","filename":"graph.py","lineno":712}
{"timestamp":"2026-06-29T07:02:00.327263Z","level":"info","event":"Cosmos performance (get_cheapshark_deals__dbt_transform) -  [d2f09bca74c9|5198]: It took 0.0101s to parse the dbt project for DAG using LoadMode.DBT_LS_CACHE","logger":"cosmos.converter","filename":"converter.py","lineno":340}
{"timestamp":"2026-06-29T07:02:00.327532Z","level":"info","event":"Project /tmp/airflow/dag_bundles/my-git-repo/tracking_repo/dbt_project does not have {'dependencies.yml', 'packages.yml'}","logger":"cosmos.dbt.project","filename":"project.py","lineno":40}
{"timestamp":"2026-06-29T07:02:00.328024Z","level":"info","event":"Project /tmp/airflow/dag_bundles/my-git-repo/tracking_repo/dbt_project does not have {'dependencies.yml', 'packages.yml'}","logger":"cosmos.dbt.project","filename":"project.py","lineno":40}
{"timestamp":"2026-06-29T07:02:00.328292Z","level":"info","event":"Cosmos performance (get_cheapshark_deals__dbt_transform) - [d2f09bca74c9|5198]: It took 0.00103s to build the Airflow DAG.","logger":"cosmos.converter","filename":"converter.py","lineno":387}
{"timestamp":"2026-06-29T07:02:00.328328Z","level":"info","event":"::endgroup::Cosmos DAG parsing logs","logger":"cosmos.converter","filename":"converter.py","lineno":390}
{"timestamp":"2026-06-29T07:02:31.129517Z","level":"info","event":"Filling up the DagBag from /tmp/airflow/dag_bundles/my-git-repo/tracking_repo/airflow-dags/cheapshark/DAG_cheapshark.py","logger":"airflow.models.dagbag.DagBag","filename":"dagbag.py","lineno":593}
{"timestamp":"2026-06-29T07:02:31.643908Z","level":"info","event":"::group::Cosmos DAG parsing logs","logger":"cosmos.converter","filename":"converter.py","lineno":293}
{"timestamp":"2026-06-29T07:02:31.644350Z","level":"info","event":"Trying to parse the dbt project using dbt ls cache cosmos_cache__get_cheapshark_deals__dbt_transform...","logger":"cosmos.dbt.graph","filename":"graph.py","lineno":781}
{"timestamp":"2026-06-29T07:02:31.653978Z","level":"info","event":"Cosmos performance: time to calculate cache identifier cosmos_cache__get_cheapshark_deals__dbt_transform for current version: 0.0006749169988324866","logger":"cosmos.cache","filename":"cache.py","lineno":333}
{"timestamp":"2026-06-29T07:02:31.654047Z","level":"info","event":"Cosmos performance [d2f09bca74c9|5226]: The cache size for cosmos_cache__get_cheapshark_deals__dbt_transform is 1726","logger":"cosmos.dbt.graph","filename":"graph.py","lineno":798}
{"timestamp":"2026-06-29T07:02:31.654161Z","level":"info","event":"Cosmos performance: Cache hit for cosmos_cache__get_cheapshark_deals__dbt_transform - 5d5dc19a4d21d68d9e2dd97b4b147311,35c51d063f0c828f4111bbac634f6471","logger":"cosmos.dbt.graph","filename":"graph.py","lineno":806}
{"timestamp":"2026-06-29T07:02:31.654434Z","level":"info","event":"Total nodes: 2","logger":"cosmos.dbt.graph","filename":"graph.py","lineno":711}
{"timestamp":"2026-06-29T07:02:31.654465Z","level":"info","event":"Total filtered nodes: 2","logger":"cosmos.dbt.graph","filename":"graph.py","lineno":712}
{"timestamp":"2026-06-29T07:02:31.654501Z","level":"info","event":"Cosmos performance (get_cheapshark_deals__dbt_transform) -  [d2f09bca74c9|5226]: It took 0.0102s to parse the dbt project for DAG using LoadMode.DBT_LS_CACHE","logger":"cosmos.converter","filename":"converter.py","lineno":340}
{"timestamp":"2026-06-29T07:02:31.654752Z","level":"info","event":"Project /tmp/airflow/dag_bundles/my-git-repo/tracking_repo/dbt_project does not have {'dependencies.yml', 'packages.yml'}","logger":"cosmos.dbt.project","filename":"project.py","lineno":40}
{"timestamp":"2026-06-29T07:02:31.655225Z","level":"info","event":"Project /tmp/airflow/dag_bundles/my-git-repo/tracking_repo/dbt_project does not have {'dependencies.yml', 'packages.yml'}","logger":"cosmos.dbt.project","filename":"project.py","lineno":40}
{"timestamp":"2026-06-29T07:02:31.655499Z","level":"info","event":"Cosmos performance (get_cheapshark_deals__dbt_transform) - [d2f09bca74c9|5226]: It took 0.000994s to build the Airflow DAG.","logger":"cosmos.converter","filename":"converter.py","lineno":387}
{"timestamp":"2026-06-29T07:02:31.655538Z","level":"info","event":"::endgroup::Cosmos DAG parsing logs","logger":"cosmos.converter","filename":"converter.py","lineno":390}
{"timestamp":"2026-06-29T07:03:02.535799Z","level":"info","event":"Filling up the DagBag from /tmp/airflow/dag_bundles/my-git-repo/tracking_repo/airflow-dags/cheapshark/DAG_cheapshark.py","logger":"airflow.models.dagbag.DagBag","filename":"dagbag.py","lineno":593}
{"timestamp":"2026-06-29T07:03:02.957519Z","level":"info","event":"::group::Cosmos DAG parsing logs","logger":"cosmos.converter","filename":"converter.py","lineno":293}
{"timestamp":"2026-06-29T07:03:02.957868Z","level":"info","event":"Trying to parse the dbt project using dbt ls cache cosmos_cache__get_cheapshark_deals__dbt_transform...","logger":"cosmos.dbt.graph","filename":"graph.py","lineno":781}
{"timestamp":"2026-06-29T07:03:02.966405Z","level":"info","event":"Cosmos performance: time to calculate cache identifier cosmos_cache__get_cheapshark_deals__dbt_transform for current version: 0.0004264169983798638","logger":"cosmos.cache","filename":"cache.py","lineno":333}
{"timestamp":"2026-06-29T07:03:02.966469Z","level":"info","event":"Cosmos performance [d2f09bca74c9|5254]: The cache size for cosmos_cache__get_cheapshark_deals__dbt_transform is 1726","logger":"cosmos.dbt.graph","filename":"graph.py","lineno":798}
{"timestamp":"2026-06-29T07:03:02.966566Z","level":"info","event":"Cosmos performance: Cache hit for cosmos_cache__get_cheapshark_deals__dbt_transform - 5d5dc19a4d21d68d9e2dd97b4b147311,35c51d063f0c828f4111bbac634f6471","logger":"cosmos.dbt.graph","filename":"graph.py","lineno":806}
{"timestamp":"2026-06-29T07:03:02.966835Z","level":"info","event":"Total nodes: 2","logger":"cosmos.dbt.graph","filename":"graph.py","lineno":711}
{"timestamp":"2026-06-29T07:03:02.966866Z","level":"info","event":"Total filtered nodes: 2","logger":"cosmos.dbt.graph","filename":"graph.py","lineno":712}
{"timestamp":"2026-06-29T07:03:02.966906Z","level":"info","event":"Cosmos performance (get_cheapshark_deals__dbt_transform) -  [d2f09bca74c9|5254]: It took 0.00906s to parse the dbt project for DAG using LoadMode.DBT_LS_CACHE","logger":"cosmos.converter","filename":"converter.py","lineno":340}
{"timestamp":"2026-06-29T07:03:02.967115Z","level":"info","event":"Project /tmp/airflow/dag_bundles/my-git-repo/tracking_repo/dbt_project does not have {'dependencies.yml', 'packages.yml'}","logger":"cosmos.dbt.project","filename":"project.py","lineno":40}
{"timestamp":"2026-06-29T07:03:02.967582Z","level":"info","event":"Project /tmp/airflow/dag_bundles/my-git-repo/tracking_repo/dbt_project does not have {'dependencies.yml', 'packages.yml'}","logger":"cosmos.dbt.project","filename":"project.py","lineno":40}
{"timestamp":"2026-06-29T07:03:02.967866Z","level":"info","event":"Cosmos performance (get_cheapshark_deals__dbt_transform) - [d2f09bca74c9|5254]: It took 0.000957s to build the Airflow DAG.","logger":"cosmos.converter","filename":"converter.py","lineno":387}
{"timestamp":"2026-06-29T07:03:02.967900Z","level":"info","event":"::endgroup::Cosmos DAG parsing logs","logger":"cosmos.converter","filename":"converter.py","lineno":390}
{"timestamp":"2026-06-29T07:03:33.766219Z","level":"info","event":"Filling up the DagBag from /tmp/airflow/dag_bundles/my-git-repo/tracking_repo/airflow-dags/cheapshark/DAG_cheapshark.py","logger":"airflow.models.dagbag.DagBag","filename":"dagbag.py","lineno":593}
{"timestamp":"2026-06-29T07:03:34.279479Z","level":"info","event":"::group::Cosmos DAG parsing logs","logger":"cosmos.converter","filename":"converter.py","lineno":293}
{"timestamp":"2026-06-29T07:03:34.279922Z","level":"info","event":"Trying to parse the dbt project using dbt ls cache cosmos_cache__get_cheapshark_deals__dbt_transform...","logger":"cosmos.dbt.graph","filename":"graph.py","lineno":781}
{"timestamp":"2026-06-29T07:03:34.290905Z","level":"info","event":"Cosmos performance: time to calculate cache identifier cosmos_cache__get_cheapshark_deals__dbt_transform for current version: 0.001295458001550287","logger":"cosmos.cache","filename":"cache.py","lineno":333}
{"timestamp":"2026-06-29T07:03:34.290959Z","level":"info","event":"Cosmos performance [d2f09bca74c9|5282]: The cache size for cosmos_cache__get_cheapshark_deals__dbt_transform is 1726","logger":"cosmos.dbt.graph","filename":"graph.py","lineno":798}
{"timestamp":"2026-06-29T07:03:34.291075Z","level":"info","event":"Cosmos performance: Cache hit for cosmos_cache__get_cheapshark_deals__dbt_transform - 5d5dc19a4d21d68d9e2dd97b4b147311,35c51d063f0c828f4111bbac634f6471","logger":"cosmos.dbt.graph","filename":"graph.py","lineno":806}
{"timestamp":"2026-06-29T07:03:34.291319Z","level":"info","event":"Total nodes: 2","logger":"cosmos.dbt.graph","filename":"graph.py","lineno":711}
{"timestamp":"2026-06-29T07:03:34.291363Z","level":"info","event":"Total filtered nodes: 2","logger":"cosmos.dbt.graph","filename":"graph.py","lineno":712}
{"timestamp":"2026-06-29T07:03:34.291406Z","level":"info","event":"Cosmos performance (get_cheapshark_deals__dbt_transform) -  [d2f09bca74c9|5282]: It took 0.0115s to parse the dbt project for DAG using LoadMode.DBT_LS_CACHE","logger":"cosmos.converter","filename":"converter.py","lineno":340}
{"timestamp":"2026-06-29T07:03:34.291734Z","level":"info","event":"Project /tmp/airflow/dag_bundles/my-git-repo/tracking_repo/dbt_project does not have {'dependencies.yml', 'packages.yml'}","logger":"cosmos.dbt.project","filename":"project.py","lineno":40}
{"timestamp":"2026-06-29T07:03:34.292237Z","level":"info","event":"Project /tmp/airflow/dag_bundles/my-git-repo/tracking_repo/dbt_project does not have {'dependencies.yml', 'packages.yml'}","logger":"cosmos.dbt.project","filename":"project.py","lineno":40}
{"timestamp":"2026-06-29T07:03:34.292516Z","level":"info","event":"Cosmos performance (get_cheapshark_deals__dbt_transform) - [d2f09bca74c9|5282]: It took 0.0011s to build the Airflow DAG.","logger":"cosmos.converter","filename":"converter.py","lineno":387}
{"timestamp":"2026-06-29T07:03:34.292572Z","level":"info","event":"::endgroup::Cosmos DAG parsing logs","logger":"cosmos.converter","filename":"converter.py","lineno":390}
{"timestamp":"2026-06-29T07:04:04.712292Z","level":"info","event":"Filling up the DagBag from /tmp/airflow/dag_bundles/my-git-repo/tracking_repo/airflow-dags/cheapshark/DAG_cheapshark.py","logger":"airflow.models.dagbag.DagBag","filename":"dagbag.py","lineno":593}
{"timestamp":"2026-06-29T07:04:05.187722Z","level":"info","event":"::group::Cosmos DAG parsing logs","logger":"cosmos.converter","filename":"converter.py","lineno":293}
{"timestamp":"2026-06-29T07:04:05.188165Z","level":"info","event":"Trying to parse the dbt project using dbt ls cache cosmos_cache__get_cheapshark_deals__dbt_transform...","logger":"cosmos.dbt.graph","filename":"graph.py","lineno":781}
{"timestamp":"2026-06-29T07:04:05.197317Z","level":"info","event":"Cosmos performance: time to calculate cache identifier cosmos_cache__get_cheapshark_deals__dbt_transform for current version: 0.0005942909992882051","logger":"cosmos.cache","filename":"cache.py","lineno":333}
{"timestamp":"2026-06-29T07:04:05.197372Z","level":"info","event":"Cosmos performance [d2f09bca74c9|5325]: The cache size for cosmos_cache__get_cheapshark_deals__dbt_transform is 1726","logger":"cosmos.dbt.graph","filename":"graph.py","lineno":798}
{"timestamp":"2026-06-29T07:04:05.197484Z","level":"info","event":"Cosmos performance: Cache hit for cosmos_cache__get_cheapshark_deals__dbt_transform - 5d5dc19a4d21d68d9e2dd97b4b147311,35c51d063f0c828f4111bbac634f6471","logger":"cosmos.dbt.graph","filename":"graph.py","lineno":806}
{"timestamp":"2026-06-29T07:04:05.199345Z","level":"info","event":"Total nodes: 2","logger":"cosmos.dbt.graph","filename":"graph.py","lineno":711}
{"timestamp":"2026-06-29T07:04:05.199403Z","level":"info","event":"Total filtered nodes: 2","logger":"cosmos.dbt.graph","filename":"graph.py","lineno":712}
{"timestamp":"2026-06-29T07:04:05.199458Z","level":"info","event":"Cosmos performance (get_cheapshark_deals__dbt_transform) -  [d2f09bca74c9|5325]: It took 0.0113s to parse the dbt project for DAG using LoadMode.DBT_LS_CACHE","logger":"cosmos.converter","filename":"converter.py","lineno":340}
{"timestamp":"2026-06-29T07:04:05.199720Z","level":"info","event":"Project /tmp/airflow/dag_bundles/my-git-repo/tracking_repo/dbt_project does not have {'dependencies.yml', 'packages.yml'}","logger":"cosmos.dbt.project","filename":"project.py","lineno":40}
{"timestamp":"2026-06-29T07:04:05.200183Z","level":"info","event":"Project /tmp/airflow/dag_bundles/my-git-repo/tracking_repo/dbt_project does not have {'dependencies.yml', 'packages.yml'}","logger":"cosmos.dbt.project","filename":"project.py","lineno":40}
{"timestamp":"2026-06-29T07:04:05.200451Z","level":"info","event":"Cosmos performance (get_cheapshark_deals__dbt_transform) - [d2f09bca74c9|5325]: It took 0.001s to build the Airflow DAG.","logger":"cosmos.converter","filename":"converter.py","lineno":387}
{"timestamp":"2026-06-29T07:04:05.200492Z","level":"info","event":"::endgroup::Cosmos DAG parsing logs","logger":"cosmos.converter","filename":"converter.py","lineno":390}
{"timestamp":"2026-06-29T07:04:36.063985Z","level":"info","event":"Filling up the DagBag from /tmp/airflow/dag_bundles/my-git-repo/tracking_repo/airflow-dags/cheapshark/DAG_cheapshark.py","logger":"airflow.models.dagbag.DagBag","filename":"dagbag.py","lineno":593}
{"timestamp":"2026-06-29T07:04:36.507829Z","level":"info","event":"::group::Cosmos DAG parsing logs","logger":"cosmos.converter","filename":"converter.py","lineno":293}
{"timestamp":"2026-06-29T07:04:36.508213Z","level":"info","event":"Trying to parse the dbt project using dbt ls cache cosmos_cache__get_cheapshark_deals__dbt_transform...","logger":"cosmos.dbt.graph","filename":"graph.py","lineno":781}
{"timestamp":"2026-06-29T07:04:36.515880Z","level":"info","event":"Cosmos performance: time to calculate cache identifier cosmos_cache__get_cheapshark_deals__dbt_transform for current version: 0.0005147920019226149","logger":"cosmos.cache","filename":"cache.py","lineno":333}
{"timestamp":"2026-06-29T07:04:36.515936Z","level":"info","event":"Cosmos performance [d2f09bca74c9|5353]: The cache size for cosmos_cache__get_cheapshark_deals__dbt_transform is 1726","logger":"cosmos.dbt.graph","filename":"graph.py","lineno":798}
{"timestamp":"2026-06-29T07:04:36.516033Z","level":"info","event":"Cosmos performance: Cache hit for cosmos_cache__get_cheapshark_deals__dbt_transform - 5d5dc19a4d21d68d9e2dd97b4b147311,35c51d063f0c828f4111bbac634f6471","logger":"cosmos.dbt.graph","filename":"graph.py","lineno":806}
{"timestamp":"2026-06-29T07:04:36.516292Z","level":"info","event":"Total nodes: 2","logger":"cosmos.dbt.graph","filename":"graph.py","lineno":711}
{"timestamp":"2026-06-29T07:04:36.516322Z","level":"info","event":"Total filtered nodes: 2","logger":"cosmos.dbt.graph","filename":"graph.py","lineno":712}
{"timestamp":"2026-06-29T07:04:36.516368Z","level":"info","event":"Cosmos performance (get_cheapshark_deals__dbt_transform) -  [d2f09bca74c9|5353]: It took 0.00818s to parse the dbt project for DAG using LoadMode.DBT_LS_CACHE","logger":"cosmos.converter","filename":"converter.py","lineno":340}
{"timestamp":"2026-06-29T07:04:36.516596Z","level":"info","event":"Project /tmp/airflow/dag_bundles/my-git-repo/tracking_repo/dbt_project does not have {'dependencies.yml', 'packages.yml'}","logger":"cosmos.dbt.project","filename":"project.py","lineno":40}
{"timestamp":"2026-06-29T07:04:36.517019Z","level":"info","event":"Project /tmp/airflow/dag_bundles/my-git-repo/tracking_repo/dbt_project does not have {'dependencies.yml', 'packages.yml'}","logger":"cosmos.dbt.project","filename":"project.py","lineno":40}
{"timestamp":"2026-06-29T07:04:36.517262Z","level":"info","event":"Cosmos performance (get_cheapshark_deals__dbt_transform) - [d2f09bca74c9|5353]: It took 0.0009s to build the Airflow DAG.","logger":"cosmos.converter","filename":"converter.py","lineno":387}
{"timestamp":"2026-06-29T07:04:36.517298Z","level":"info","event":"::endgroup::Cosmos DAG parsing logs","logger":"cosmos.converter","filename":"converter.py","lineno":390}
{"timestamp":"2026-06-29T07:05:07.459179Z","level":"info","event":"Filling up the DagBag from /tmp/airflow/dag_bundles/my-git-repo/tracking_repo/airflow-dags/cheapshark/DAG_cheapshark.py","logger":"airflow.models.dagbag.DagBag","filename":"dagbag.py","lineno":593}
{"timestamp":"2026-06-29T07:05:08.009795Z","level":"info","event":"::group::Cosmos DAG parsing logs","logger":"cosmos.converter","filename":"converter.py","lineno":293}
{"timestamp":"2026-06-29T07:05:08.010253Z","level":"info","event":"Trying to parse the dbt project using dbt ls cache cosmos_cache__get_cheapshark_deals__dbt_transform...","logger":"cosmos.dbt.graph","filename":"graph.py","lineno":781}
{"timestamp":"2026-06-29T07:05:08.024435Z","level":"info","event":"Cosmos performance: time to calculate cache identifier cosmos_cache__get_cheapshark_deals__dbt_transform for current version: 0.0006205829995451495","logger":"cosmos.cache","filename":"cache.py","lineno":333}
{"timestamp":"2026-06-29T07:05:08.024519Z","level":"info","event":"Cosmos performance [d2f09bca74c9|5381]: The cache size for cosmos_cache__get_cheapshark_deals__dbt_transform is 1726","logger":"cosmos.dbt.graph","filename":"graph.py","lineno":798}
{"timestamp":"2026-06-29T07:05:08.024667Z","level":"info","event":"Cosmos performance: Cache hit for cosmos_cache__get_cheapshark_deals__dbt_transform - 5d5dc19a4d21d68d9e2dd97b4b147311,35c51d063f0c828f4111bbac634f6471","logger":"cosmos.dbt.graph","filename":"graph.py","lineno":806}
{"timestamp":"2026-06-29T07:05:08.025021Z","level":"info","event":"Total nodes: 2","logger":"cosmos.dbt.graph","filename":"graph.py","lineno":711}
{"timestamp":"2026-06-29T07:05:08.025066Z","level":"info","event":"Total filtered nodes: 2","logger":"cosmos.dbt.graph","filename":"graph.py","lineno":712}
{"timestamp":"2026-06-29T07:05:08.025107Z","level":"info","event":"Cosmos performance (get_cheapshark_deals__dbt_transform) -  [d2f09bca74c9|5381]: It took 0.0149s to parse the dbt project for DAG using LoadMode.DBT_LS_CACHE","logger":"cosmos.converter","filename":"converter.py","lineno":340}
{"timestamp":"2026-06-29T07:05:08.025344Z","level":"info","event":"Project /tmp/airflow/dag_bundles/my-git-repo/tracking_repo/dbt_project does not have {'dependencies.yml', 'packages.yml'}","logger":"cosmos.dbt.project","filename":"project.py","lineno":40}
{"timestamp":"2026-06-29T07:05:08.025792Z","level":"info","event":"Project /tmp/airflow/dag_bundles/my-git-repo/tracking_repo/dbt_project does not have {'dependencies.yml', 'packages.yml'}","logger":"cosmos.dbt.project","filename":"project.py","lineno":40}
{"timestamp":"2026-06-29T07:05:08.026066Z","level":"info","event":"Cosmos performance (get_cheapshark_deals__dbt_transform) - [d2f09bca74c9|5381]: It took 0.000958s to build the Airflow DAG.","logger":"cosmos.converter","filename":"converter.py","lineno":387}
{"timestamp":"2026-06-29T07:05:08.026099Z","level":"info","event":"::endgroup::Cosmos DAG parsing logs","logger":"cosmos.converter","filename":"converter.py","lineno":390}
{"timestamp":"2026-06-29T07:05:38.916620Z","level":"info","event":"Filling up the DagBag from /tmp/airflow/dag_bundles/my-git-repo/tracking_repo/airflow-dags/cheapshark/DAG_cheapshark.py","logger":"airflow.models.dagbag.DagBag","filename":"dagbag.py","lineno":593}
{"timestamp":"2026-06-29T07:05:39.451815Z","level":"info","event":"::group::Cosmos DAG parsing logs","logger":"cosmos.converter","filename":"converter.py","lineno":293}
{"timestamp":"2026-06-29T07:05:39.452482Z","level":"info","event":"Trying to parse the dbt project using dbt ls cache cosmos_cache__get_cheapshark_deals__dbt_transform...","logger":"cosmos.dbt.graph","filename":"graph.py","lineno":781}
{"timestamp":"2026-06-29T07:05:39.464917Z","level":"info","event":"Cosmos performance: time to calculate cache identifier cosmos_cache__get_cheapshark_deals__dbt_transform for current version: 0.0007717499975115061","logger":"cosmos.cache","filename":"cache.py","lineno":333}
{"timestamp":"2026-06-29T07:05:39.465012Z","level":"info","event":"Cosmos performance [d2f09bca74c9|5409]: The cache size for cosmos_cache__get_cheapshark_deals__dbt_transform is 1726","logger":"cosmos.dbt.graph","filename":"graph.py","lineno":798}
{"timestamp":"2026-06-29T07:05:39.465167Z","level":"info","event":"Cosmos performance: Cache hit for cosmos_cache__get_cheapshark_deals__dbt_transform - 5d5dc19a4d21d68d9e2dd97b4b147311,35c51d063f0c828f4111bbac634f6471","logger":"cosmos.dbt.graph","filename":"graph.py","lineno":806}
{"timestamp":"2026-06-29T07:05:39.465666Z","level":"info","event":"Total nodes: 2","logger":"cosmos.dbt.graph","filename":"graph.py","lineno":711}
{"timestamp":"2026-06-29T07:05:39.465729Z","level":"info","event":"Total filtered nodes: 2","logger":"cosmos.dbt.graph","filename":"graph.py","lineno":712}
{"timestamp":"2026-06-29T07:05:39.465776Z","level":"info","event":"Cosmos performance (get_cheapshark_deals__dbt_transform) -  [d2f09bca74c9|5409]: It took 0.0133s to parse the dbt project for DAG using LoadMode.DBT_LS_CACHE","logger":"cosmos.converter","filename":"converter.py","lineno":340}
{"timestamp":"2026-06-29T07:05:39.466065Z","level":"info","event":"Project /tmp/airflow/dag_bundles/my-git-repo/tracking_repo/dbt_project does not have {'dependencies.yml', 'packages.yml'}","logger":"cosmos.dbt.project","filename":"project.py","lineno":40}
{"timestamp":"2026-06-29T07:05:39.466627Z","level":"info","event":"Project /tmp/airflow/dag_bundles/my-git-repo/tracking_repo/dbt_project does not have {'dependencies.yml', 'packages.yml'}","logger":"cosmos.dbt.project","filename":"project.py","lineno":40}
{"timestamp":"2026-06-29T07:05:39.466961Z","level":"info","event":"Cosmos performance (get_cheapshark_deals__dbt_transform) - [d2f09bca74c9|5409]: It took 0.00119s to build the Airflow DAG.","logger":"cosmos.converter","filename":"converter.py","lineno":387}
{"timestamp":"2026-06-29T07:05:39.466995Z","level":"info","event":"::endgroup::Cosmos DAG parsing logs","logger":"cosmos.converter","filename":"converter.py","lineno":390}
{"timestamp":"2026-06-29T07:06:09.967210Z","level":"info","event":"Filling up the DagBag from /tmp/airflow/dag_bundles/my-git-repo/tracking_repo/airflow-dags/cheapshark/DAG_cheapshark.py","logger":"airflow.models.dagbag.DagBag","filename":"dagbag.py","lineno":593}
{"timestamp":"2026-06-29T07:06:10.407465Z","level":"info","event":"::group::Cosmos DAG parsing logs","logger":"cosmos.converter","filename":"converter.py","lineno":293}
{"timestamp":"2026-06-29T07:06:10.407805Z","level":"info","event":"Trying to parse the dbt project using dbt ls cache cosmos_cache__get_cheapshark_deals__dbt_transform...","logger":"cosmos.dbt.graph","filename":"graph.py","lineno":781}
{"timestamp":"2026-06-29T07:06:10.414872Z","level":"info","event":"Cosmos performance: time to calculate cache identifier cosmos_cache__get_cheapshark_deals__dbt_transform for current version: 0.00040995800372911617","logger":"cosmos.cache","filename":"cache.py","lineno":333}
{"timestamp":"2026-06-29T07:06:10.414929Z","level":"info","event":"Cosmos performance [d2f09bca74c9|5451]: The cache size for cosmos_cache__get_cheapshark_deals__dbt_transform is 1726","logger":"cosmos.dbt.graph","filename":"graph.py","lineno":798}
{"timestamp":"2026-06-29T07:06:10.415019Z","level":"info","event":"Cosmos performance: Cache hit for cosmos_cache__get_cheapshark_deals__dbt_transform - 5d5dc19a4d21d68d9e2dd97b4b147311,35c51d063f0c828f4111bbac634f6471","logger":"cosmos.dbt.graph","filename":"graph.py","lineno":806}
{"timestamp":"2026-06-29T07:06:10.415245Z","level":"info","event":"Total nodes: 2","logger":"cosmos.dbt.graph","filename":"graph.py","lineno":711}
{"timestamp":"2026-06-29T07:06:10.415280Z","level":"info","event":"Total filtered nodes: 2","logger":"cosmos.dbt.graph","filename":"graph.py","lineno":712}
{"timestamp":"2026-06-29T07:06:10.415322Z","level":"info","event":"Cosmos performance (get_cheapshark_deals__dbt_transform) -  [d2f09bca74c9|5451]: It took 0.00754s to parse the dbt project for DAG using LoadMode.DBT_LS_CACHE","logger":"cosmos.converter","filename":"converter.py","lineno":340}
{"timestamp":"2026-06-29T07:06:10.415538Z","level":"info","event":"Project /tmp/airflow/dag_bundles/my-git-repo/tracking_repo/dbt_project does not have {'dependencies.yml', 'packages.yml'}","logger":"cosmos.dbt.project","filename":"project.py","lineno":40}
{"timestamp":"2026-06-29T07:06:10.415969Z","level":"info","event":"Project /tmp/airflow/dag_bundles/my-git-repo/tracking_repo/dbt_project does not have {'dependencies.yml', 'packages.yml'}","logger":"cosmos.dbt.project","filename":"project.py","lineno":40}
{"timestamp":"2026-06-29T07:06:10.416194Z","level":"info","event":"Cosmos performance (get_cheapshark_deals__dbt_transform) - [d2f09bca74c9|5451]: It took 0.000868s to build the Airflow DAG.","logger":"cosmos.converter","filename":"converter.py","lineno":387}
{"timestamp":"2026-06-29T07:06:10.416224Z","level":"info","event":"::endgroup::Cosmos DAG parsing logs","logger":"cosmos.converter","filename":"converter.py","lineno":390}
{"timestamp":"2026-06-29T07:06:41.244829Z","level":"info","event":"Filling up the DagBag from /tmp/airflow/dag_bundles/my-git-repo/tracking_repo/airflow-dags/cheapshark/DAG_cheapshark.py","logger":"airflow.models.dagbag.DagBag","filename":"dagbag.py","lineno":593}
{"timestamp":"2026-06-29T07:06:41.947879Z","level":"info","event":"::group::Cosmos DAG parsing logs","logger":"cosmos.converter","filename":"converter.py","lineno":293}
{"timestamp":"2026-06-29T07:06:41.948415Z","level":"info","event":"Trying to parse the dbt project using dbt ls cache cosmos_cache__get_cheapshark_deals__dbt_transform...","logger":"cosmos.dbt.graph","filename":"graph.py","lineno":781}
{"timestamp":"2026-06-29T07:06:41.958621Z","level":"info","event":"Cosmos performance: time to calculate cache identifier cosmos_cache__get_cheapshark_deals__dbt_transform for current version: 0.0005239580059424043","logger":"cosmos.cache","filename":"cache.py","lineno":333}
{"timestamp":"2026-06-29T07:06:41.958685Z","level":"info","event":"Cosmos performance [d2f09bca74c9|5479]: The cache size for cosmos_cache__get_cheapshark_deals__dbt_transform is 1726","logger":"cosmos.dbt.graph","filename":"graph.py","lineno":798}
{"timestamp":"2026-06-29T07:06:41.958823Z","level":"info","event":"Cosmos performance: Cache hit for cosmos_cache__get_cheapshark_deals__dbt_transform - 5d5dc19a4d21d68d9e2dd97b4b147311,35c51d063f0c828f4111bbac634f6471","logger":"cosmos.dbt.graph","filename":"graph.py","lineno":806}
{"timestamp":"2026-06-29T07:06:41.959139Z","level":"info","event":"Total nodes: 2","logger":"cosmos.dbt.graph","filename":"graph.py","lineno":711}
{"timestamp":"2026-06-29T07:06:41.959171Z","level":"info","event":"Total filtered nodes: 2","logger":"cosmos.dbt.graph","filename":"graph.py","lineno":712}
{"timestamp":"2026-06-29T07:06:41.959217Z","level":"info","event":"Cosmos performance (get_cheapshark_deals__dbt_transform) -  [d2f09bca74c9|5479]: It took 0.0109s to parse the dbt project for DAG using LoadMode.DBT_LS_CACHE","logger":"cosmos.converter","filename":"converter.py","lineno":340}
{"timestamp":"2026-06-29T07:06:41.959475Z","level":"info","event":"Project /tmp/airflow/dag_bundles/my-git-repo/tracking_repo/dbt_project does not have {'dependencies.yml', 'packages.yml'}","logger":"cosmos.dbt.project","filename":"project.py","lineno":40}
{"timestamp":"2026-06-29T07:06:41.959918Z","level":"info","event":"Project /tmp/airflow/dag_bundles/my-git-repo/tracking_repo/dbt_project does not have {'dependencies.yml', 'packages.yml'}","logger":"cosmos.dbt.project","filename":"project.py","lineno":40}
{"timestamp":"2026-06-29T07:06:41.960215Z","level":"info","event":"Cosmos performance (get_cheapshark_deals__dbt_transform) - [d2f09bca74c9|5479]: It took 0.001s to build the Airflow DAG.","logger":"cosmos.converter","filename":"converter.py","lineno":387}
{"timestamp":"2026-06-29T07:06:41.960252Z","level":"info","event":"::endgroup::Cosmos DAG parsing logs","logger":"cosmos.converter","filename":"converter.py","lineno":390}
{"timestamp":"2026-06-29T07:07:12.743044Z","level":"info","event":"Filling up the DagBag from /tmp/airflow/dag_bundles/my-git-repo/tracking_repo/airflow-dags/cheapshark/DAG_cheapshark.py","logger":"airflow.models.dagbag.DagBag","filename":"dagbag.py","lineno":593}
{"timestamp":"2026-06-29T07:07:13.269524Z","level":"info","event":"::group::Cosmos DAG parsing logs","logger":"cosmos.converter","filename":"converter.py","lineno":293}
{"timestamp":"2026-06-29T07:07:13.270011Z","level":"info","event":"Trying to parse the dbt project using dbt ls cache cosmos_cache__get_cheapshark_deals__dbt_transform...","logger":"cosmos.dbt.graph","filename":"graph.py","lineno":781}
{"timestamp":"2026-06-29T07:07:13.281020Z","level":"info","event":"Cosmos performance: time to calculate cache identifier cosmos_cache__get_cheapshark_deals__dbt_transform for current version: 0.0006139999968581833","logger":"cosmos.cache","filename":"cache.py","lineno":333}
{"timestamp":"2026-06-29T07:07:13.281077Z","level":"info","event":"Cosmos performance [d2f09bca74c9|5507]: The cache size for cosmos_cache__get_cheapshark_deals__dbt_transform is 1726","logger":"cosmos.dbt.graph","filename":"graph.py","lineno":798}
{"timestamp":"2026-06-29T07:07:13.281191Z","level":"info","event":"Cosmos performance: Cache hit for cosmos_cache__get_cheapshark_deals__dbt_transform - 5d5dc19a4d21d68d9e2dd97b4b147311,35c51d063f0c828f4111bbac634f6471","logger":"cosmos.dbt.graph","filename":"graph.py","lineno":806}
{"timestamp":"2026-06-29T07:07:13.281443Z","level":"info","event":"Total nodes: 2","logger":"cosmos.dbt.graph","filename":"graph.py","lineno":711}
{"timestamp":"2026-06-29T07:07:13.281483Z","level":"info","event":"Total filtered nodes: 2","logger":"cosmos.dbt.graph","filename":"graph.py","lineno":712}
{"timestamp":"2026-06-29T07:07:13.281535Z","level":"info","event":"Cosmos performance (get_cheapshark_deals__dbt_transform) -  [d2f09bca74c9|5507]: It took 0.0116s to parse the dbt project for DAG using LoadMode.DBT_LS_CACHE","logger":"cosmos.converter","filename":"converter.py","lineno":340}
{"timestamp":"2026-06-29T07:07:13.281757Z","level":"info","event":"Project /tmp/airflow/dag_bundles/my-git-repo/tracking_repo/dbt_project does not have {'dependencies.yml', 'packages.yml'}","logger":"cosmos.dbt.project","filename":"project.py","lineno":40}
{"timestamp":"2026-06-29T07:07:13.282176Z","level":"info","event":"Project /tmp/airflow/dag_bundles/my-git-repo/tracking_repo/dbt_project does not have {'dependencies.yml', 'packages.yml'}","logger":"cosmos.dbt.project","filename":"project.py","lineno":40}
{"timestamp":"2026-06-29T07:07:13.282455Z","level":"info","event":"Cosmos performance (get_cheapshark_deals__dbt_transform) - [d2f09bca74c9|5507]: It took 0.000928s to build the Airflow DAG.","logger":"cosmos.converter","filename":"converter.py","lineno":387}
{"timestamp":"2026-06-29T07:07:13.282494Z","level":"info","event":"::endgroup::Cosmos DAG parsing logs","logger":"cosmos.converter","filename":"converter.py","lineno":390}
{"timestamp":"2026-06-29T07:07:44.066648Z","level":"info","event":"Filling up the DagBag from /tmp/airflow/dag_bundles/my-git-repo/tracking_repo/airflow-dags/cheapshark/DAG_cheapshark.py","logger":"airflow.models.dagbag.DagBag","filename":"dagbag.py","lineno":593}
{"timestamp":"2026-06-29T07:07:44.491394Z","level":"info","event":"::group::Cosmos DAG parsing logs","logger":"cosmos.converter","filename":"converter.py","lineno":293}
{"timestamp":"2026-06-29T07:07:44.491761Z","level":"info","event":"Trying to parse the dbt project using dbt ls cache cosmos_cache__get_cheapshark_deals__dbt_transform...","logger":"cosmos.dbt.graph","filename":"graph.py","lineno":781}
{"timestamp":"2026-06-29T07:07:44.499860Z","level":"info","event":"Cosmos performance: time to calculate cache identifier cosmos_cache__get_cheapshark_deals__dbt_transform for current version: 0.00046958299935795367","logger":"cosmos.cache","filename":"cache.py","lineno":333}
{"timestamp":"2026-06-29T07:07:44.499923Z","level":"info","event":"Cosmos performance [d2f09bca74c9|5534]: The cache size for cosmos_cache__get_cheapshark_deals__dbt_transform is 1726","logger":"cosmos.dbt.graph","filename":"graph.py","lineno":798}
{"timestamp":"2026-06-29T07:07:44.500029Z","level":"info","event":"Cosmos performance: Cache hit for cosmos_cache__get_cheapshark_deals__dbt_transform - 5d5dc19a4d21d68d9e2dd97b4b147311,35c51d063f0c828f4111bbac634f6471","logger":"cosmos.dbt.graph","filename":"graph.py","lineno":806}
{"timestamp":"2026-06-29T07:07:44.500282Z","level":"info","event":"Total nodes: 2","logger":"cosmos.dbt.graph","filename":"graph.py","lineno":711}
{"timestamp":"2026-06-29T07:07:44.500314Z","level":"info","event":"Total filtered nodes: 2","logger":"cosmos.dbt.graph","filename":"graph.py","lineno":712}
{"timestamp":"2026-06-29T07:07:44.500352Z","level":"info","event":"Cosmos performance (get_cheapshark_deals__dbt_transform) -  [d2f09bca74c9|5534]: It took 0.00863s to parse the dbt project for DAG using LoadMode.DBT_LS_CACHE","logger":"cosmos.converter","filename":"converter.py","lineno":340}
{"timestamp":"2026-06-29T07:07:44.500562Z","level":"info","event":"Project /tmp/airflow/dag_bundles/my-git-repo/tracking_repo/dbt_project does not have {'dependencies.yml', 'packages.yml'}","logger":"cosmos.dbt.project","filename":"project.py","lineno":40}
{"timestamp":"2026-06-29T07:07:44.501005Z","level":"info","event":"Project /tmp/airflow/dag_bundles/my-git-repo/tracking_repo/dbt_project does not have {'dependencies.yml', 'packages.yml'}","logger":"cosmos.dbt.project","filename":"project.py","lineno":40}
{"timestamp":"2026-06-29T07:07:44.501247Z","level":"info","event":"Cosmos performance (get_cheapshark_deals__dbt_transform) - [d2f09bca74c9|5534]: It took 0.000897s to build the Airflow DAG.","logger":"cosmos.converter","filename":"converter.py","lineno":387}
{"timestamp":"2026-06-29T07:07:44.501283Z","level":"info","event":"::endgroup::Cosmos DAG parsing logs","logger":"cosmos.converter","filename":"converter.py","lineno":390}
{"timestamp":"2026-06-29T07:08:14.924964Z","level":"info","event":"Filling up the DagBag from /tmp/airflow/dag_bundles/my-git-repo/tracking_repo/airflow-dags/cheapshark/DAG_cheapshark.py","logger":"airflow.models.dagbag.DagBag","filename":"dagbag.py","lineno":593}
{"timestamp":"2026-06-29T07:08:15.480396Z","level":"info","event":"::group::Cosmos DAG parsing logs","logger":"cosmos.converter","filename":"converter.py","lineno":293}
{"timestamp":"2026-06-29T07:08:15.481125Z","level":"info","event":"Trying to parse the dbt project using dbt ls cache cosmos_cache__get_cheapshark_deals__dbt_transform...","logger":"cosmos.dbt.graph","filename":"graph.py","lineno":781}
{"timestamp":"2026-06-29T07:08:15.493904Z","level":"info","event":"Cosmos performance: time to calculate cache identifier cosmos_cache__get_cheapshark_deals__dbt_transform for current version: 0.0007343750039581209","logger":"cosmos.cache","filename":"cache.py","lineno":333}
{"timestamp":"2026-06-29T07:08:15.493995Z","level":"info","event":"Cosmos performance [d2f09bca74c9|5577]: The cache size for cosmos_cache__get_cheapshark_deals__dbt_transform is 1726","logger":"cosmos.dbt.graph","filename":"graph.py","lineno":798}
{"timestamp":"2026-06-29T07:08:15.494134Z","level":"info","event":"Cosmos performance: Cache hit for cosmos_cache__get_cheapshark_deals__dbt_transform - 5d5dc19a4d21d68d9e2dd97b4b147311,35c51d063f0c828f4111bbac634f6471","logger":"cosmos.dbt.graph","filename":"graph.py","lineno":806}
{"timestamp":"2026-06-29T07:08:15.494504Z","level":"info","event":"Total nodes: 2","logger":"cosmos.dbt.graph","filename":"graph.py","lineno":711}
{"timestamp":"2026-06-29T07:08:15.494544Z","level":"info","event":"Total filtered nodes: 2","logger":"cosmos.dbt.graph","filename":"graph.py","lineno":712}
{"timestamp":"2026-06-29T07:08:15.494598Z","level":"info","event":"Cosmos performance (get_cheapshark_deals__dbt_transform) -  [d2f09bca74c9|5577]: It took 0.0135s to parse the dbt project for DAG using LoadMode.DBT_LS_CACHE","logger":"cosmos.converter","filename":"converter.py","lineno":340}
{"timestamp":"2026-06-29T07:08:15.494888Z","level":"info","event":"Project /tmp/airflow/dag_bundles/my-git-repo/tracking_repo/dbt_project does not have {'dependencies.yml', 'packages.yml'}","logger":"cosmos.dbt.project","filename":"project.py","lineno":40}
{"timestamp":"2026-06-29T07:08:15.495335Z","level":"info","event":"Project /tmp/airflow/dag_bundles/my-git-repo/tracking_repo/dbt_project does not have {'dependencies.yml', 'packages.yml'}","logger":"cosmos.dbt.project","filename":"project.py","lineno":40}
{"timestamp":"2026-06-29T07:08:15.495588Z","level":"info","event":"Cosmos performance (get_cheapshark_deals__dbt_transform) - [d2f09bca74c9|5577]: It took 0.00101s to build the Airflow DAG.","logger":"cosmos.converter","filename":"converter.py","lineno":387}
{"timestamp":"2026-06-29T07:08:15.495619Z","level":"info","event":"::endgroup::Cosmos DAG parsing logs","logger":"cosmos.converter","filename":"converter.py","lineno":390}
{"timestamp":"2026-06-29T07:08:46.325577Z","level":"info","event":"Filling up the DagBag from /tmp/airflow/dag_bundles/my-git-repo/tracking_repo/airflow-dags/cheapshark/DAG_cheapshark.py","logger":"airflow.models.dagbag.DagBag","filename":"dagbag.py","lineno":593}
{"timestamp":"2026-06-29T07:08:46.778050Z","level":"info","event":"::group::Cosmos DAG parsing logs","logger":"cosmos.converter","filename":"converter.py","lineno":293}
{"timestamp":"2026-06-29T07:08:46.778427Z","level":"info","event":"Trying to parse the dbt project using dbt ls cache cosmos_cache__get_cheapshark_deals__dbt_transform...","logger":"cosmos.dbt.graph","filename":"graph.py","lineno":781}
{"timestamp":"2026-06-29T07:08:46.788203Z","level":"info","event":"Cosmos performance: time to calculate cache identifier cosmos_cache__get_cheapshark_deals__dbt_transform for current version: 0.0004583330010063946","logger":"cosmos.cache","filename":"cache.py","lineno":333}
{"timestamp":"2026-06-29T07:08:46.788285Z","level":"info","event":"Cosmos performance [d2f09bca74c9|5605]: The cache size for cosmos_cache__get_cheapshark_deals__dbt_transform is 1726","logger":"cosmos.dbt.graph","filename":"graph.py","lineno":798}
{"timestamp":"2026-06-29T07:08:46.788405Z","level":"info","event":"Cosmos performance: Cache hit for cosmos_cache__get_cheapshark_deals__dbt_transform - 5d5dc19a4d21d68d9e2dd97b4b147311,35c51d063f0c828f4111bbac634f6471","logger":"cosmos.dbt.graph","filename":"graph.py","lineno":806}
{"timestamp":"2026-06-29T07:08:46.790107Z","level":"info","event":"Total nodes: 2","logger":"cosmos.dbt.graph","filename":"graph.py","lineno":711}
{"timestamp":"2026-06-29T07:08:46.790154Z","level":"info","event":"Total filtered nodes: 2","logger":"cosmos.dbt.graph","filename":"graph.py","lineno":712}
{"timestamp":"2026-06-29T07:08:46.790212Z","level":"info","event":"Cosmos performance (get_cheapshark_deals__dbt_transform) -  [d2f09bca74c9|5605]: It took 0.0118s to parse the dbt project for DAG using LoadMode.DBT_LS_CACHE","logger":"cosmos.converter","filename":"converter.py","lineno":340}
{"timestamp":"2026-06-29T07:08:46.790432Z","level":"info","event":"Project /tmp/airflow/dag_bundles/my-git-repo/tracking_repo/dbt_project does not have {'dependencies.yml', 'packages.yml'}","logger":"cosmos.dbt.project","filename":"project.py","lineno":40}
{"timestamp":"2026-06-29T07:08:46.790850Z","level":"info","event":"Project /tmp/airflow/dag_bundles/my-git-repo/tracking_repo/dbt_project does not have {'dependencies.yml', 'packages.yml'}","logger":"cosmos.dbt.project","filename":"project.py","lineno":40}
{"timestamp":"2026-06-29T07:08:46.791102Z","level":"info","event":"Cosmos performance (get_cheapshark_deals__dbt_transform) - [d2f09bca74c9|5605]: It took 0.000908s to build the Airflow DAG.","logger":"cosmos.converter","filename":"converter.py","lineno":387}
{"timestamp":"2026-06-29T07:08:46.791133Z","level":"info","event":"::endgroup::Cosmos DAG parsing logs","logger":"cosmos.converter","filename":"converter.py","lineno":390}
{"timestamp":"2026-06-29T07:09:16.891974Z","level":"info","event":"Filling up the DagBag from /tmp/airflow/dag_bundles/my-git-repo/tracking_repo/airflow-dags/cheapshark/DAG_cheapshark.py","logger":"airflow.models.dagbag.DagBag","filename":"dagbag.py","lineno":593}
{"timestamp":"2026-06-29T07:09:17.536800Z","level":"info","event":"::group::Cosmos DAG parsing logs","logger":"cosmos.converter","filename":"converter.py","lineno":293}
{"timestamp":"2026-06-29T07:09:17.537416Z","level":"info","event":"Trying to parse the dbt project using dbt ls cache cosmos_cache__get_cheapshark_deals__dbt_transform...","logger":"cosmos.dbt.graph","filename":"graph.py","lineno":781}
{"timestamp":"2026-06-29T07:09:17.552007Z","level":"info","event":"Cosmos performance: time to calculate cache identifier cosmos_cache__get_cheapshark_deals__dbt_transform for current version: 0.0007274169984157197","logger":"cosmos.cache","filename":"cache.py","lineno":333}
{"timestamp":"2026-06-29T07:09:17.552087Z","level":"info","event":"Cosmos performance [d2f09bca74c9|5631]: The cache size for cosmos_cache__get_cheapshark_deals__dbt_transform is 1726","logger":"cosmos.dbt.graph","filename":"graph.py","lineno":798}
{"timestamp":"2026-06-29T07:09:17.552212Z","level":"info","event":"Cosmos performance: Cache hit for cosmos_cache__get_cheapshark_deals__dbt_transform - 5d5dc19a4d21d68d9e2dd97b4b147311,35c51d063f0c828f4111bbac634f6471","logger":"cosmos.dbt.graph","filename":"graph.py","lineno":806}
{"timestamp":"2026-06-29T07:09:17.552557Z","level":"info","event":"Total nodes: 2","logger":"cosmos.dbt.graph","filename":"graph.py","lineno":711}
{"timestamp":"2026-06-29T07:09:17.552597Z","level":"info","event":"Total filtered nodes: 2","logger":"cosmos.dbt.graph","filename":"graph.py","lineno":712}
{"timestamp":"2026-06-29T07:09:17.552649Z","level":"info","event":"Cosmos performance (get_cheapshark_deals__dbt_transform) -  [d2f09bca74c9|5631]: It took 0.0153s to parse the dbt project for DAG using LoadMode.DBT_LS_CACHE","logger":"cosmos.converter","filename":"converter.py","lineno":340}
{"timestamp":"2026-06-29T07:09:17.552880Z","level":"info","event":"Project /tmp/airflow/dag_bundles/my-git-repo/tracking_repo/dbt_project does not have {'dependencies.yml', 'packages.yml'}","logger":"cosmos.dbt.project","filename":"project.py","lineno":40}
{"timestamp":"2026-06-29T07:09:17.553309Z","level":"info","event":"Project /tmp/airflow/dag_bundles/my-git-repo/tracking_repo/dbt_project does not have {'dependencies.yml', 'packages.yml'}","logger":"cosmos.dbt.project","filename":"project.py","lineno":40}
{"timestamp":"2026-06-29T07:09:17.553585Z","level":"info","event":"Cosmos performance (get_cheapshark_deals__dbt_transform) - [d2f09bca74c9|5631]: It took 0.00095s to build the Airflow DAG.","logger":"cosmos.converter","filename":"converter.py","lineno":387}
{"timestamp":"2026-06-29T07:09:17.553618Z","level":"info","event":"::endgroup::Cosmos DAG parsing logs","logger":"cosmos.converter","filename":"converter.py","lineno":390}
{"timestamp":"2026-06-29T07:09:48.373276Z","level":"info","event":"Filling up the DagBag from /tmp/airflow/dag_bundles/my-git-repo/tracking_repo/airflow-dags/cheapshark/DAG_cheapshark.py","logger":"airflow.models.dagbag.DagBag","filename":"dagbag.py","lineno":593}
{"timestamp":"2026-06-29T07:09:48.977381Z","level":"info","event":"::group::Cosmos DAG parsing logs","logger":"cosmos.converter","filename":"converter.py","lineno":293}
{"timestamp":"2026-06-29T07:09:48.977781Z","level":"info","event":"Trying to parse the dbt project using dbt ls cache cosmos_cache__get_cheapshark_deals__dbt_transform...","logger":"cosmos.dbt.graph","filename":"graph.py","lineno":781}
{"timestamp":"2026-06-29T07:09:48.989112Z","level":"info","event":"Cosmos performance: time to calculate cache identifier cosmos_cache__get_cheapshark_deals__dbt_transform for current version: 0.000716041999112349","logger":"cosmos.cache","filename":"cache.py","lineno":333}
{"timestamp":"2026-06-29T07:09:48.989175Z","level":"info","event":"Cosmos performance [d2f09bca74c9|5659]: The cache size for cosmos_cache__get_cheapshark_deals__dbt_transform is 1726","logger":"cosmos.dbt.graph","filename":"graph.py","lineno":798}
{"timestamp":"2026-06-29T07:09:48.989291Z","level":"info","event":"Cosmos performance: Cache hit for cosmos_cache__get_cheapshark_deals__dbt_transform - 5d5dc19a4d21d68d9e2dd97b4b147311,35c51d063f0c828f4111bbac634f6471","logger":"cosmos.dbt.graph","filename":"graph.py","lineno":806}
{"timestamp":"2026-06-29T07:09:48.990733Z","level":"info","event":"Total nodes: 2","logger":"cosmos.dbt.graph","filename":"graph.py","lineno":711}
{"timestamp":"2026-06-29T07:09:48.990788Z","level":"info","event":"Total filtered nodes: 2","logger":"cosmos.dbt.graph","filename":"graph.py","lineno":712}
{"timestamp":"2026-06-29T07:09:48.990845Z","level":"info","event":"Cosmos performance (get_cheapshark_deals__dbt_transform) -  [d2f09bca74c9|5659]: It took 0.0131s to parse the dbt project for DAG using LoadMode.DBT_LS_CACHE","logger":"cosmos.converter","filename":"converter.py","lineno":340}
{"timestamp":"2026-06-29T07:09:48.991081Z","level":"info","event":"Project /tmp/airflow/dag_bundles/my-git-repo/tracking_repo/dbt_project does not have {'dependencies.yml', 'packages.yml'}","logger":"cosmos.dbt.project","filename":"project.py","lineno":40}
{"timestamp":"2026-06-29T07:09:48.991507Z","level":"info","event":"Project /tmp/airflow/dag_bundles/my-git-repo/tracking_repo/dbt_project does not have {'dependencies.yml', 'packages.yml'}","logger":"cosmos.dbt.project","filename":"project.py","lineno":40}
{"timestamp":"2026-06-29T07:09:48.991752Z","level":"info","event":"Cosmos performance (get_cheapshark_deals__dbt_transform) - [d2f09bca74c9|5659]: It took 0.000922s to build the Airflow DAG.","logger":"cosmos.converter","filename":"converter.py","lineno":387}
{"timestamp":"2026-06-29T07:09:48.991789Z","level":"info","event":"::endgroup::Cosmos DAG parsing logs","logger":"cosmos.converter","filename":"converter.py","lineno":390}
{"timestamp":"2026-06-29T07:17:37.795054Z","level":"info","event":"Filling up the DagBag from /tmp/airflow/dag_bundles/my-git-repo/tracking_repo/airflow-dags/cheapshark/DAG_cheapshark.py","logger":"airflow.models.dagbag.DagBag","filename":"dagbag.py","lineno":593}
{"timestamp":"2026-06-29T07:17:38.876246Z","level":"info","event":"::group::Cosmos DAG parsing logs","logger":"cosmos.converter","filename":"converter.py","lineno":293}
{"timestamp":"2026-06-29T07:17:38.876938Z","level":"info","event":"Trying to parse the dbt project using dbt ls cache cosmos_cache__get_cheapshark_deals__dbt_transform...","logger":"cosmos.dbt.graph","filename":"graph.py","lineno":781}
{"timestamp":"2026-06-29T07:17:39.975001Z","level":"info","event":"Cosmos performance: Cache miss for cosmos_cache__get_cheapshark_deals__dbt_transform","logger":"cosmos.dbt.graph","filename":"graph.py","lineno":787}
{"timestamp":"2026-06-29T07:17:39.975298Z","level":"info","event":"Trying to parse the dbt project in `/tmp/airflow/dag_bundles/my-git-repo/tracking_repo/dbt_project` using dbt ls...","logger":"cosmos.dbt.graph","filename":"graph.py","lineno":891}
{"timestamp":"2026-06-29T07:17:39.982502Z","level":"info","event":"Profile caching is enable.","logger":"cosmos.config","filename":"config.py","lineno":382}
{"timestamp":"2026-06-29T07:17:39.982992Z","level":"info","event":"Using mock values for profile lakehouse_profile","logger":"cosmos.profiles.base","filename":"base.py","lineno":256}
{"timestamp":"2026-06-29T07:17:39.983841Z","level":"info","event":"Profile not found in cache storing and using profile: /tmp/cosmos/profile/93877f049984e53a9994c78b3b2e12a4447cdf668babf8ea0b6b0f54fc02468d/profiles.yml.","logger":"cosmos.config","filename":"config.py","lineno":369}
{"timestamp":"2026-06-29T07:17:39.984044Z","level":"info","event":"Project /tmp/airflow/dag_bundles/my-git-repo/tracking_repo/dbt_project does not have {'dependencies.yml', 'packages.yml'}","logger":"cosmos.dbt.project","filename":"project.py","lineno":40}
{"timestamp":"2026-06-29T07:17:40.994293Z","level":"info","event":"Running command with dbt Runner: `/home/airflow/.local/bin/dbt ls --output json --output-keys name unique_id resource_type depends_on original_file_path tags config freshness fqn --project-dir /tmp/tmpubj_h20d --profiles-dir /tmp/cosmos/profile/93877f049984e53a9994c78b3b2e12a4447cdf668babf8ea0b6b0f54fc02468d --profile lakehouse_profile --target dev --select +stg_cheapshark_api__game_deals`","logger":"cosmos.dbt.graph","filename":"graph.py","lineno":296}
{"timestamp":"2026-06-29T07:17:40.994565Z","level":"info","event":"Trying to run dbtRunner with:\n ['ls', '--output', 'json', '--output-keys', 'name', 'unique_id', 'resource_type', 'depends_on', 'original_file_path', 'tags', 'config', 'freshness', 'fqn', '--project-dir', '/tmp/tmpubj_h20d', '--profiles-dir', '/tmp/cosmos/profile/93877f049984e53a9994c78b3b2e12a4447cdf668babf8ea0b6b0f54fc02468d', '--profile', 'lakehouse_profile', '--target', 'dev', '--select', '+stg_cheapshark_api__game_deals']\n in /tmp/tmpubj_h20d","logger":"cosmos.dbt.runner","filename":"runner.py","lineno":98}
{"timestamp":"2026-06-29T07:17:41.054876Z","level":"info","event":"\u001b[0m07:17:41  Running with dbt=1.11.2","logger":"task.stdout"}
{"timestamp":"2026-06-29T07:17:41.076604Z","level":"info","event":"keyring module not found. OAuth2 token will not be stored in keyring.","logger":"trino.auth","filename":"auth.py","lineno":361}
{"timestamp":"2026-06-29T07:17:41.079494Z","level":"info","event":"keyring module not found. OAuth2 token will not be stored in keyring.","logger":"trino.auth","filename":"auth.py","lineno":361}
{"timestamp":"2026-06-29T07:17:41.241359Z","level":"info","event":"\u001b[0m07:17:41  Registered adapter: trino=1.10.1","logger":"task.stdout"}
{"timestamp":"2026-06-29T07:17:41.420707Z","level":"info","event":"\u001b[0m07:17:41  Unable to do partial parsing because saved manifest not found. Starting full parse.","logger":"task.stdout"}
{"timestamp":"2026-06-29T07:17:42.231045Z","level":"info","event":"\u001b[0m07:17:42  Found 8 models, 2 sources, 485 macros","logger":"task.stdout"}
{"timestamp":"2026-06-29T07:17:42.231106Z","level":"info","event":"{\"name\": \"stg_cheapshark_api__game_deals\", \"unique_id\": \"model.dbt_project.stg_cheapshark_api__game_deals\", \"resource_type\": \"model\", \"depends_on\": {\"macros\": [], \"nodes\": [\"source.dbt_project.cheapshark.cheapshark_data\"]}, \"original_file_path\": \"models/staging/cheapshark_api/stg_cheapshark_api__game_deals.sql\", \"tags\": [], \"config\": {\"enabled\": true, \"alias\": null, \"schema\": \"staging\", \"database\": null, \"tags\": [], \"meta\": {}, \"group\": null, \"materialized\": \"view\", \"incremental_strategy\": null, \"batch_size\": null, \"lookback\": 1, \"begin\": null, \"persist_docs\": {}, \"post-hook\": [], \"pre-hook\": [], \"quoting\": {}, \"column_types\": {}, \"full_refresh\": null, \"unique_key\": null, \"on_schema_change\": \"ignore\", \"on_configuration_change\": \"apply\", \"grants\": {}, \"packages\": [], \"docs\": {\"show\": true, \"node_color\": null}, \"contract\": {\"enforced\": false, \"alias_types\": true}, \"event_time\": null, \"concurrent_batches\": null, \"access\": \"protected\", \"freshness\": null}, \"fqn\": [\"dbt_project\", \"staging\", \"cheapshark_api\", \"stg_cheapshark_api__game_deals\"]}","logger":"task.stdout"}
{"timestamp":"2026-06-29T07:17:42.231176Z","level":"info","event":"{\"name\": \"cheapshark_data\", \"unique_id\": \"source.dbt_project.cheapshark.cheapshark_data\", \"resource_type\": \"source\", \"original_file_path\": \"models/staging/cheapshark_api/_cheapshark_api__sources.yml\", \"tags\": [], \"config\": {\"enabled\": true, \"event_time\": null, \"freshness\": {\"warn_after\": {\"count\": null, \"period\": null}, \"error_after\": {\"count\": null, \"period\": null}, \"filter\": null}, \"loaded_at_field\": null, \"loaded_at_query\": null, \"meta\": {}, \"tags\": []}, \"freshness\": {\"warn_after\": {\"count\": null, \"period\": null}, \"error_after\": {\"count\": null, \"period\": null}, \"filter\": null}, \"fqn\": [\"dbt_project\", \"staging\", \"cheapshark_api\", \"cheapshark\", \"cheapshark_data\"]}","logger":"task.stdout"}
{"timestamp":"2026-06-29T07:17:43.285107Z","level":"info","event":"Cosmos performance: time to calculate cache identifier cosmos_cache__get_cheapshark_deals__dbt_transform for current version: 0.0006210409992490895","logger":"cosmos.cache","filename":"cache.py","lineno":333}
{"timestamp":"2026-06-29T07:17:43.327682Z","level":"info","event":"Total nodes: 2","logger":"cosmos.dbt.graph","filename":"graph.py","lineno":711}
{"timestamp":"2026-06-29T07:17:43.327755Z","level":"info","event":"Total filtered nodes: 2","logger":"cosmos.dbt.graph","filename":"graph.py","lineno":712}
{"timestamp":"2026-06-29T07:17:43.327803Z","level":"info","event":"Cosmos performance (get_cheapshark_deals__dbt_transform) -  [0603b9c2bb92|79]: It took 4.45s to parse the dbt project for DAG using LoadMode.DBT_LS","logger":"cosmos.converter","filename":"converter.py","lineno":340}
{"timestamp":"2026-06-29T07:17:43.328042Z","level":"info","event":"Project /tmp/airflow/dag_bundles/my-git-repo/tracking_repo/dbt_project does not have {'dependencies.yml', 'packages.yml'}","logger":"cosmos.dbt.project","filename":"project.py","lineno":40}
{"timestamp":"2026-06-29T07:17:43.328487Z","level":"info","event":"Project /tmp/airflow/dag_bundles/my-git-repo/tracking_repo/dbt_project does not have {'dependencies.yml', 'packages.yml'}","logger":"cosmos.dbt.project","filename":"project.py","lineno":40}
{"timestamp":"2026-06-29T07:17:43.328817Z","level":"info","event":"Cosmos performance (get_cheapshark_deals__dbt_transform) - [0603b9c2bb92|79]: It took 0.00102s to build the Airflow DAG.","logger":"cosmos.converter","filename":"converter.py","lineno":387}
{"timestamp":"2026-06-29T07:17:43.328851Z","level":"info","event":"::endgroup::Cosmos DAG parsing logs","logger":"cosmos.converter","filename":"converter.py","lineno":390}
{"timestamp":"2026-06-29T07:18:13.727022Z","level":"info","event":"Filling up the DagBag from /tmp/airflow/dag_bundles/my-git-repo/tracking_repo/airflow-dags/cheapshark/DAG_cheapshark.py","logger":"airflow.models.dagbag.DagBag","filename":"dagbag.py","lineno":593}
{"timestamp":"2026-06-29T07:18:14.277959Z","level":"info","event":"::group::Cosmos DAG parsing logs","logger":"cosmos.converter","filename":"converter.py","lineno":293}
{"timestamp":"2026-06-29T07:18:14.278361Z","level":"info","event":"Trying to parse the dbt project using dbt ls cache cosmos_cache__get_cheapshark_deals__dbt_transform...","logger":"cosmos.dbt.graph","filename":"graph.py","lineno":781}
{"timestamp":"2026-06-29T07:18:14.291590Z","level":"info","event":"Cosmos performance: time to calculate cache identifier cosmos_cache__get_cheapshark_deals__dbt_transform for current version: 0.0005064579963800497","logger":"cosmos.cache","filename":"cache.py","lineno":333}
{"timestamp":"2026-06-29T07:18:14.291652Z","level":"info","event":"Cosmos performance [0603b9c2bb92|137]: The cache size for cosmos_cache__get_cheapshark_deals__dbt_transform is 1726","logger":"cosmos.dbt.graph","filename":"graph.py","lineno":798}
{"timestamp":"2026-06-29T07:18:14.291776Z","level":"info","event":"Cosmos performance: Cache hit for cosmos_cache__get_cheapshark_deals__dbt_transform - 5d5dc19a4d21d68d9e2dd97b4b147311,35c51d063f0c828f4111bbac634f6471","logger":"cosmos.dbt.graph","filename":"graph.py","lineno":806}
{"timestamp":"2026-06-29T07:18:14.292083Z","level":"info","event":"Total nodes: 2","logger":"cosmos.dbt.graph","filename":"graph.py","lineno":711}
{"timestamp":"2026-06-29T07:18:14.292130Z","level":"info","event":"Total filtered nodes: 2","logger":"cosmos.dbt.graph","filename":"graph.py","lineno":712}
{"timestamp":"2026-06-29T07:18:14.292175Z","level":"info","event":"Cosmos performance (get_cheapshark_deals__dbt_transform) -  [0603b9c2bb92|137]: It took 0.0138s to parse the dbt project for DAG using LoadMode.DBT_LS_CACHE","logger":"cosmos.converter","filename":"converter.py","lineno":340}
{"timestamp":"2026-06-29T07:18:14.292399Z","level":"info","event":"Project /tmp/airflow/dag_bundles/my-git-repo/tracking_repo/dbt_project does not have {'dependencies.yml', 'packages.yml'}","logger":"cosmos.dbt.project","filename":"project.py","lineno":40}
{"timestamp":"2026-06-29T07:18:14.292947Z","level":"info","event":"Project /tmp/airflow/dag_bundles/my-git-repo/tracking_repo/dbt_project does not have {'dependencies.yml', 'packages.yml'}","logger":"cosmos.dbt.project","filename":"project.py","lineno":40}
{"timestamp":"2026-06-29T07:18:14.293238Z","level":"info","event":"Cosmos performance (get_cheapshark_deals__dbt_transform) - [0603b9c2bb92|137]: It took 0.00106s to build the Airflow DAG.","logger":"cosmos.converter","filename":"converter.py","lineno":387}
{"timestamp":"2026-06-29T07:18:14.293270Z","level":"info","event":"::endgroup::Cosmos DAG parsing logs","logger":"cosmos.converter","filename":"converter.py","lineno":390}
{"timestamp":"2026-06-29T07:18:44.768161Z","level":"info","event":"Filling up the DagBag from /tmp/airflow/dag_bundles/my-git-repo/tracking_repo/airflow-dags/cheapshark/DAG_cheapshark.py","logger":"airflow.models.dagbag.DagBag","filename":"dagbag.py","lineno":593}
{"timestamp":"2026-06-29T07:18:45.717836Z","level":"info","event":"::group::Cosmos DAG parsing logs","logger":"cosmos.converter","filename":"converter.py","lineno":293}
{"timestamp":"2026-06-29T07:18:45.718301Z","level":"info","event":"Trying to parse the dbt project using dbt ls cache cosmos_cache__get_cheapshark_deals__dbt_transform...","logger":"cosmos.dbt.graph","filename":"graph.py","lineno":781}
{"timestamp":"2026-06-29T07:18:45.736314Z","level":"info","event":"Cosmos performance: time to calculate cache identifier cosmos_cache__get_cheapshark_deals__dbt_transform for current version: 0.0008038749947445467","logger":"cosmos.cache","filename":"cache.py","lineno":333}
{"timestamp":"2026-06-29T07:18:45.736393Z","level":"info","event":"Cosmos performance [0603b9c2bb92|165]: The cache size for cosmos_cache__get_cheapshark_deals__dbt_transform is 1726","logger":"cosmos.dbt.graph","filename":"graph.py","lineno":798}
{"timestamp":"2026-06-29T07:18:45.736509Z","level":"info","event":"Cosmos performance: Cache hit for cosmos_cache__get_cheapshark_deals__dbt_transform - 5d5dc19a4d21d68d9e2dd97b4b147311,35c51d063f0c828f4111bbac634f6471","logger":"cosmos.dbt.graph","filename":"graph.py","lineno":806}
{"timestamp":"2026-06-29T07:18:45.736873Z","level":"info","event":"Total nodes: 2","logger":"cosmos.dbt.graph","filename":"graph.py","lineno":711}
{"timestamp":"2026-06-29T07:18:45.736914Z","level":"info","event":"Total filtered nodes: 2","logger":"cosmos.dbt.graph","filename":"graph.py","lineno":712}
{"timestamp":"2026-06-29T07:18:45.736956Z","level":"info","event":"Cosmos performance (get_cheapshark_deals__dbt_transform) -  [0603b9c2bb92|165]: It took 0.0187s to parse the dbt project for DAG using LoadMode.DBT_LS_CACHE","logger":"cosmos.converter","filename":"converter.py","lineno":340}
{"timestamp":"2026-06-29T07:18:45.737200Z","level":"info","event":"Project /tmp/airflow/dag_bundles/my-git-repo/tracking_repo/dbt_project does not have {'dependencies.yml', 'packages.yml'}","logger":"cosmos.dbt.project","filename":"project.py","lineno":40}
{"timestamp":"2026-06-29T07:18:45.737724Z","level":"info","event":"Project /tmp/airflow/dag_bundles/my-git-repo/tracking_repo/dbt_project does not have {'dependencies.yml', 'packages.yml'}","logger":"cosmos.dbt.project","filename":"project.py","lineno":40}
{"timestamp":"2026-06-29T07:18:45.737990Z","level":"info","event":"Cosmos performance (get_cheapshark_deals__dbt_transform) - [0603b9c2bb92|165]: It took 0.00104s to build the Airflow DAG.","logger":"cosmos.converter","filename":"converter.py","lineno":387}
{"timestamp":"2026-06-29T07:18:45.738021Z","level":"info","event":"::endgroup::Cosmos DAG parsing logs","logger":"cosmos.converter","filename":"converter.py","lineno":390}
{"timestamp":"2026-06-29T07:19:16.123588Z","level":"info","event":"Filling up the DagBag from /tmp/airflow/dag_bundles/my-git-repo/tracking_repo/airflow-dags/cheapshark/DAG_cheapshark.py","logger":"airflow.models.dagbag.DagBag","filename":"dagbag.py","lineno":593}
{"timestamp":"2026-06-29T07:19:16.835020Z","level":"info","event":"::group::Cosmos DAG parsing logs","logger":"cosmos.converter","filename":"converter.py","lineno":293}
{"timestamp":"2026-06-29T07:19:16.835790Z","level":"info","event":"Trying to parse the dbt project using dbt ls cache cosmos_cache__get_cheapshark_deals__dbt_transform...","logger":"cosmos.dbt.graph","filename":"graph.py","lineno":781}
{"timestamp":"2026-06-29T07:19:16.853940Z","level":"info","event":"Cosmos performance: time to calculate cache identifier cosmos_cache__get_cheapshark_deals__dbt_transform for current version: 0.0007415000000037253","logger":"cosmos.cache","filename":"cache.py","lineno":333}
{"timestamp":"2026-06-29T07:19:16.854011Z","level":"info","event":"Cosmos performance [0603b9c2bb92|192]: The cache size for cosmos_cache__get_cheapshark_deals__dbt_transform is 1726","logger":"cosmos.dbt.graph","filename":"graph.py","lineno":798}
{"timestamp":"2026-06-29T07:19:16.854133Z","level":"info","event":"Cosmos performance: Cache hit for cosmos_cache__get_cheapshark_deals__dbt_transform - 5d5dc19a4d21d68d9e2dd97b4b147311,35c51d063f0c828f4111bbac634f6471","logger":"cosmos.dbt.graph","filename":"graph.py","lineno":806}
{"timestamp":"2026-06-29T07:19:16.854449Z","level":"info","event":"Total nodes: 2","logger":"cosmos.dbt.graph","filename":"graph.py","lineno":711}
{"timestamp":"2026-06-29T07:19:16.854484Z","level":"info","event":"Total filtered nodes: 2","logger":"cosmos.dbt.graph","filename":"graph.py","lineno":712}
{"timestamp":"2026-06-29T07:19:16.854522Z","level":"info","event":"Cosmos performance (get_cheapshark_deals__dbt_transform) -  [0603b9c2bb92|192]: It took 0.0189s to parse the dbt project for DAG using LoadMode.DBT_LS_CACHE","logger":"cosmos.converter","filename":"converter.py","lineno":340}
{"timestamp":"2026-06-29T07:19:16.854734Z","level":"info","event":"Project /tmp/airflow/dag_bundles/my-git-repo/tracking_repo/dbt_project does not have {'dependencies.yml', 'packages.yml'}","logger":"cosmos.dbt.project","filename":"project.py","lineno":40}
{"timestamp":"2026-06-29T07:19:16.855158Z","level":"info","event":"Project /tmp/airflow/dag_bundles/my-git-repo/tracking_repo/dbt_project does not have {'dependencies.yml', 'packages.yml'}","logger":"cosmos.dbt.project","filename":"project.py","lineno":40}
{"timestamp":"2026-06-29T07:19:16.855423Z","level":"info","event":"Cosmos performance (get_cheapshark_deals__dbt_transform) - [0603b9c2bb92|192]: It took 0.000892s to build the Airflow DAG.","logger":"cosmos.converter","filename":"converter.py","lineno":387}
{"timestamp":"2026-06-29T07:19:16.855467Z","level":"info","event":"::endgroup::Cosmos DAG parsing logs","logger":"cosmos.converter","filename":"converter.py","lineno":390}
{"timestamp":"2026-06-29T07:19:47.271272Z","level":"info","event":"Filling up the DagBag from /tmp/airflow/dag_bundles/my-git-repo/tracking_repo/airflow-dags/cheapshark/DAG_cheapshark.py","logger":"airflow.models.dagbag.DagBag","filename":"dagbag.py","lineno":593}
{"timestamp":"2026-06-29T07:19:47.745799Z","level":"info","event":"::group::Cosmos DAG parsing logs","logger":"cosmos.converter","filename":"converter.py","lineno":293}
{"timestamp":"2026-06-29T07:19:47.746131Z","level":"info","event":"Trying to parse the dbt project using dbt ls cache cosmos_cache__get_cheapshark_deals__dbt_transform...","logger":"cosmos.dbt.graph","filename":"graph.py","lineno":781}
{"timestamp":"2026-06-29T07:19:47.759450Z","level":"info","event":"Cosmos performance: time to calculate cache identifier cosmos_cache__get_cheapshark_deals__dbt_transform for current version: 0.0003880419972119853","logger":"cosmos.cache","filename":"cache.py","lineno":333}
{"timestamp":"2026-06-29T07:19:47.759521Z","level":"info","event":"Cosmos performance [0603b9c2bb92|228]: The cache size for cosmos_cache__get_cheapshark_deals__dbt_transform is 1726","logger":"cosmos.dbt.graph","filename":"graph.py","lineno":798}
{"timestamp":"2026-06-29T07:19:47.759635Z","level":"info","event":"Cosmos performance: Cache hit for cosmos_cache__get_cheapshark_deals__dbt_transform - 5d5dc19a4d21d68d9e2dd97b4b147311,35c51d063f0c828f4111bbac634f6471","logger":"cosmos.dbt.graph","filename":"graph.py","lineno":806}
{"timestamp":"2026-06-29T07:19:47.759942Z","level":"info","event":"Total nodes: 2","logger":"cosmos.dbt.graph","filename":"graph.py","lineno":711}
{"timestamp":"2026-06-29T07:19:47.759976Z","level":"info","event":"Total filtered nodes: 2","logger":"cosmos.dbt.graph","filename":"graph.py","lineno":712}
{"timestamp":"2026-06-29T07:19:47.760016Z","level":"info","event":"Cosmos performance (get_cheapshark_deals__dbt_transform) -  [0603b9c2bb92|228]: It took 0.0139s to parse the dbt project for DAG using LoadMode.DBT_LS_CACHE","logger":"cosmos.converter","filename":"converter.py","lineno":340}
{"timestamp":"2026-06-29T07:19:47.760229Z","level":"info","event":"Project /tmp/airflow/dag_bundles/my-git-repo/tracking_repo/dbt_project does not have {'dependencies.yml', 'packages.yml'}","logger":"cosmos.dbt.project","filename":"project.py","lineno":40}
{"timestamp":"2026-06-29T07:19:47.760700Z","level":"info","event":"Project /tmp/airflow/dag_bundles/my-git-repo/tracking_repo/dbt_project does not have {'dependencies.yml', 'packages.yml'}","logger":"cosmos.dbt.project","filename":"project.py","lineno":40}
{"timestamp":"2026-06-29T07:19:47.760964Z","level":"info","event":"Cosmos performance (get_cheapshark_deals__dbt_transform) - [0603b9c2bb92|228]: It took 0.000949s to build the Airflow DAG.","logger":"cosmos.converter","filename":"converter.py","lineno":387}
{"timestamp":"2026-06-29T07:19:47.760997Z","level":"info","event":"::endgroup::Cosmos DAG parsing logs","logger":"cosmos.converter","filename":"converter.py","lineno":390}
{"timestamp":"2026-06-29T07:20:18.108120Z","level":"info","event":"Filling up the DagBag from /tmp/airflow/dag_bundles/my-git-repo/tracking_repo/airflow-dags/cheapshark/DAG_cheapshark.py","logger":"airflow.models.dagbag.DagBag","filename":"dagbag.py","lineno":593}
{"timestamp":"2026-06-29T07:20:18.669762Z","level":"info","event":"::group::Cosmos DAG parsing logs","logger":"cosmos.converter","filename":"converter.py","lineno":293}
{"timestamp":"2026-06-29T07:20:18.670080Z","level":"info","event":"Trying to parse the dbt project using dbt ls cache cosmos_cache__get_cheapshark_deals__dbt_transform...","logger":"cosmos.dbt.graph","filename":"graph.py","lineno":781}
{"timestamp":"2026-06-29T07:20:18.679560Z","level":"info","event":"Cosmos performance: time to calculate cache identifier cosmos_cache__get_cheapshark_deals__dbt_transform for current version: 0.0004380839964142069","logger":"cosmos.cache","filename":"cache.py","lineno":333}
{"timestamp":"2026-06-29T07:20:18.679624Z","level":"info","event":"Cosmos performance [0603b9c2bb92|256]: The cache size for cosmos_cache__get_cheapshark_deals__dbt_transform is 1726","logger":"cosmos.dbt.graph","filename":"graph.py","lineno":798}
{"timestamp":"2026-06-29T07:20:18.679740Z","level":"info","event":"Cosmos performance: Cache hit for cosmos_cache__get_cheapshark_deals__dbt_transform - 5d5dc19a4d21d68d9e2dd97b4b147311,35c51d063f0c828f4111bbac634f6471","logger":"cosmos.dbt.graph","filename":"graph.py","lineno":806}
{"timestamp":"2026-06-29T07:20:18.680030Z","level":"info","event":"Total nodes: 2","logger":"cosmos.dbt.graph","filename":"graph.py","lineno":711}
{"timestamp":"2026-06-29T07:20:18.680064Z","level":"info","event":"Total filtered nodes: 2","logger":"cosmos.dbt.graph","filename":"graph.py","lineno":712}
{"timestamp":"2026-06-29T07:20:18.680118Z","level":"info","event":"Cosmos performance (get_cheapshark_deals__dbt_transform) -  [0603b9c2bb92|256]: It took 0.0101s to parse the dbt project for DAG using LoadMode.DBT_LS_CACHE","logger":"cosmos.converter","filename":"converter.py","lineno":340}
{"timestamp":"2026-06-29T07:20:18.680319Z","level":"info","event":"Project /tmp/airflow/dag_bundles/my-git-repo/tracking_repo/dbt_project does not have {'dependencies.yml', 'packages.yml'}","logger":"cosmos.dbt.project","filename":"project.py","lineno":40}
{"timestamp":"2026-06-29T07:20:18.680703Z","level":"info","event":"Project /tmp/airflow/dag_bundles/my-git-repo/tracking_repo/dbt_project does not have {'dependencies.yml', 'packages.yml'}","logger":"cosmos.dbt.project","filename":"project.py","lineno":40}
{"timestamp":"2026-06-29T07:20:18.680940Z","level":"info","event":"Cosmos performance (get_cheapshark_deals__dbt_transform) - [0603b9c2bb92|256]: It took 0.000836s to build the Airflow DAG.","logger":"cosmos.converter","filename":"converter.py","lineno":387}
{"timestamp":"2026-06-29T07:20:18.680972Z","level":"info","event":"::endgroup::Cosmos DAG parsing logs","logger":"cosmos.converter","filename":"converter.py","lineno":390}
{"timestamp":"2026-06-29T07:20:48.994341Z","level":"info","event":"Filling up the DagBag from /tmp/airflow/dag_bundles/my-git-repo/tracking_repo/airflow-dags/cheapshark/DAG_cheapshark.py","logger":"airflow.models.dagbag.DagBag","filename":"dagbag.py","lineno":593}
{"timestamp":"2026-06-29T07:20:49.940800Z","level":"info","event":"::group::Cosmos DAG parsing logs","logger":"cosmos.converter","filename":"converter.py","lineno":293}
{"timestamp":"2026-06-29T07:20:49.941201Z","level":"info","event":"Trying to parse the dbt project using dbt ls cache cosmos_cache__get_cheapshark_deals__dbt_transform...","logger":"cosmos.dbt.graph","filename":"graph.py","lineno":781}
{"timestamp":"2026-06-29T07:20:49.952378Z","level":"info","event":"Cosmos performance: time to calculate cache identifier cosmos_cache__get_cheapshark_deals__dbt_transform for current version: 0.0006283749971771613","logger":"cosmos.cache","filename":"cache.py","lineno":333}
{"timestamp":"2026-06-29T07:20:49.952492Z","level":"info","event":"Cosmos performance [0603b9c2bb92|284]: The cache size for cosmos_cache__get_cheapshark_deals__dbt_transform is 1726","logger":"cosmos.dbt.graph","filename":"graph.py","lineno":798}
{"timestamp":"2026-06-29T07:20:49.952639Z","level":"info","event":"Cosmos performance: Cache hit for cosmos_cache__get_cheapshark_deals__dbt_transform - 5d5dc19a4d21d68d9e2dd97b4b147311,35c51d063f0c828f4111bbac634f6471","logger":"cosmos.dbt.graph","filename":"graph.py","lineno":806}
{"timestamp":"2026-06-29T07:20:49.952979Z","level":"info","event":"Total nodes: 2","logger":"cosmos.dbt.graph","filename":"graph.py","lineno":711}
{"timestamp":"2026-06-29T07:20:49.953025Z","level":"info","event":"Total filtered nodes: 2","logger":"cosmos.dbt.graph","filename":"graph.py","lineno":712}
{"timestamp":"2026-06-29T07:20:49.953069Z","level":"info","event":"Cosmos performance (get_cheapshark_deals__dbt_transform) -  [0603b9c2bb92|284]: It took 0.0119s to parse the dbt project for DAG using LoadMode.DBT_LS_CACHE","logger":"cosmos.converter","filename":"converter.py","lineno":340}
{"timestamp":"2026-06-29T07:20:49.953344Z","level":"info","event":"Project /tmp/airflow/dag_bundles/my-git-repo/tracking_repo/dbt_project does not have {'dependencies.yml', 'packages.yml'}","logger":"cosmos.dbt.project","filename":"project.py","lineno":40}
{"timestamp":"2026-06-29T07:20:49.953851Z","level":"info","event":"Project /tmp/airflow/dag_bundles/my-git-repo/tracking_repo/dbt_project does not have {'dependencies.yml', 'packages.yml'}","logger":"cosmos.dbt.project","filename":"project.py","lineno":40}
{"timestamp":"2026-06-29T07:20:49.954146Z","level":"info","event":"Cosmos performance (get_cheapshark_deals__dbt_transform) - [0603b9c2bb92|284]: It took 0.00108s to build the Airflow DAG.","logger":"cosmos.converter","filename":"converter.py","lineno":387}
{"timestamp":"2026-06-29T07:20:49.954212Z","level":"info","event":"::endgroup::Cosmos DAG parsing logs","logger":"cosmos.converter","filename":"converter.py","lineno":390}
{"timestamp":"2026-06-29T07:21:20.266079Z","level":"info","event":"Filling up the DagBag from /tmp/airflow/dag_bundles/my-git-repo/tracking_repo/airflow-dags/cheapshark/DAG_cheapshark.py","logger":"airflow.models.dagbag.DagBag","filename":"dagbag.py","lineno":593}
{"timestamp":"2026-06-29T07:21:20.868149Z","level":"info","event":"::group::Cosmos DAG parsing logs","logger":"cosmos.converter","filename":"converter.py","lineno":293}
{"timestamp":"2026-06-29T07:21:20.868664Z","level":"info","event":"Trying to parse the dbt project using dbt ls cache cosmos_cache__get_cheapshark_deals__dbt_transform...","logger":"cosmos.dbt.graph","filename":"graph.py","lineno":781}
{"timestamp":"2026-06-29T07:21:20.883449Z","level":"info","event":"Cosmos performance: time to calculate cache identifier cosmos_cache__get_cheapshark_deals__dbt_transform for current version: 0.000781249997089617","logger":"cosmos.cache","filename":"cache.py","lineno":333}
{"timestamp":"2026-06-29T07:21:20.883531Z","level":"info","event":"Cosmos performance [0603b9c2bb92|312]: The cache size for cosmos_cache__get_cheapshark_deals__dbt_transform is 1726","logger":"cosmos.dbt.graph","filename":"graph.py","lineno":798}
{"timestamp":"2026-06-29T07:21:20.883645Z","level":"info","event":"Cosmos performance: Cache hit for cosmos_cache__get_cheapshark_deals__dbt_transform - 5d5dc19a4d21d68d9e2dd97b4b147311,35c51d063f0c828f4111bbac634f6471","logger":"cosmos.dbt.graph","filename":"graph.py","lineno":806}
{"timestamp":"2026-06-29T07:21:20.885115Z","level":"info","event":"Total nodes: 2","logger":"cosmos.dbt.graph","filename":"graph.py","lineno":711}
{"timestamp":"2026-06-29T07:21:20.885160Z","level":"info","event":"Total filtered nodes: 2","logger":"cosmos.dbt.graph","filename":"graph.py","lineno":712}
{"timestamp":"2026-06-29T07:21:20.885208Z","level":"info","event":"Cosmos performance (get_cheapshark_deals__dbt_transform) -  [0603b9c2bb92|312]: It took 0.0166s to parse the dbt project for DAG using LoadMode.DBT_LS_CACHE","logger":"cosmos.converter","filename":"converter.py","lineno":340}
{"timestamp":"2026-06-29T07:21:20.885424Z","level":"info","event":"Project /tmp/airflow/dag_bundles/my-git-repo/tracking_repo/dbt_project does not have {'dependencies.yml', 'packages.yml'}","logger":"cosmos.dbt.project","filename":"project.py","lineno":40}
{"timestamp":"2026-06-29T07:21:20.885867Z","level":"info","event":"Project /tmp/airflow/dag_bundles/my-git-repo/tracking_repo/dbt_project does not have {'dependencies.yml', 'packages.yml'}","logger":"cosmos.dbt.project","filename":"project.py","lineno":40}
{"timestamp":"2026-06-29T07:21:20.886179Z","level":"info","event":"Cosmos performance (get_cheapshark_deals__dbt_transform) - [0603b9c2bb92|312]: It took 0.000961s to build the Airflow DAG.","logger":"cosmos.converter","filename":"converter.py","lineno":387}
{"timestamp":"2026-06-29T07:21:20.886226Z","level":"info","event":"::endgroup::Cosmos DAG parsing logs","logger":"cosmos.converter","filename":"converter.py","lineno":390}
{"timestamp":"2026-06-29T07:21:51.198396Z","level":"info","event":"Filling up the DagBag from /tmp/airflow/dag_bundles/my-git-repo/tracking_repo/airflow-dags/cheapshark/DAG_cheapshark.py","logger":"airflow.models.dagbag.DagBag","filename":"dagbag.py","lineno":593}
{"timestamp":"2026-06-29T07:21:51.870149Z","level":"info","event":"::group::Cosmos DAG parsing logs","logger":"cosmos.converter","filename":"converter.py","lineno":293}
{"timestamp":"2026-06-29T07:21:51.870672Z","level":"info","event":"Trying to parse the dbt project using dbt ls cache cosmos_cache__get_cheapshark_deals__dbt_transform...","logger":"cosmos.dbt.graph","filename":"graph.py","lineno":781}
{"timestamp":"2026-06-29T07:21:51.898167Z","level":"info","event":"Cosmos performance: time to calculate cache identifier cosmos_cache__get_cheapshark_deals__dbt_transform for current version: 0.000934750001761131","logger":"cosmos.cache","filename":"cache.py","lineno":333}
{"timestamp":"2026-06-29T07:21:51.898273Z","level":"info","event":"Cosmos performance [0603b9c2bb92|355]: The cache size for cosmos_cache__get_cheapshark_deals__dbt_transform is 1726","logger":"cosmos.dbt.graph","filename":"graph.py","lineno":798}
{"timestamp":"2026-06-29T07:21:51.898435Z","level":"info","event":"Cosmos performance: Cache hit for cosmos_cache__get_cheapshark_deals__dbt_transform - 5d5dc19a4d21d68d9e2dd97b4b147311,35c51d063f0c828f4111bbac634f6471","logger":"cosmos.dbt.graph","filename":"graph.py","lineno":806}
{"timestamp":"2026-06-29T07:21:51.898854Z","level":"info","event":"Total nodes: 2","logger":"cosmos.dbt.graph","filename":"graph.py","lineno":711}
{"timestamp":"2026-06-29T07:21:51.898913Z","level":"info","event":"Total filtered nodes: 2","logger":"cosmos.dbt.graph","filename":"graph.py","lineno":712}
{"timestamp":"2026-06-29T07:21:51.898973Z","level":"info","event":"Cosmos performance (get_cheapshark_deals__dbt_transform) -  [0603b9c2bb92|355]: It took 0.0283s to parse the dbt project for DAG using LoadMode.DBT_LS_CACHE","logger":"cosmos.converter","filename":"converter.py","lineno":340}
{"timestamp":"2026-06-29T07:21:51.899222Z","level":"info","event":"Project /tmp/airflow/dag_bundles/my-git-repo/tracking_repo/dbt_project does not have {'dependencies.yml', 'packages.yml'}","logger":"cosmos.dbt.project","filename":"project.py","lineno":40}
{"timestamp":"2026-06-29T07:21:51.899792Z","level":"info","event":"Project /tmp/airflow/dag_bundles/my-git-repo/tracking_repo/dbt_project does not have {'dependencies.yml', 'packages.yml'}","logger":"cosmos.dbt.project","filename":"project.py","lineno":40}
{"timestamp":"2026-06-29T07:21:51.900102Z","level":"info","event":"Cosmos performance (get_cheapshark_deals__dbt_transform) - [0603b9c2bb92|355]: It took 0.00114s to build the Airflow DAG.","logger":"cosmos.converter","filename":"converter.py","lineno":387}
{"timestamp":"2026-06-29T07:21:51.900136Z","level":"info","event":"::endgroup::Cosmos DAG parsing logs","logger":"cosmos.converter","filename":"converter.py","lineno":390}
{"timestamp":"2026-06-29T07:22:22.306021Z","level":"info","event":"Filling up the DagBag from /tmp/airflow/dag_bundles/my-git-repo/tracking_repo/airflow-dags/cheapshark/DAG_cheapshark.py","logger":"airflow.models.dagbag.DagBag","filename":"dagbag.py","lineno":593}
{"timestamp":"2026-06-29T07:22:22.895473Z","level":"info","event":"::group::Cosmos DAG parsing logs","logger":"cosmos.converter","filename":"converter.py","lineno":293}
{"timestamp":"2026-06-29T07:22:22.896345Z","level":"info","event":"Trying to parse the dbt project using dbt ls cache cosmos_cache__get_cheapshark_deals__dbt_transform...","logger":"cosmos.dbt.graph","filename":"graph.py","lineno":781}
{"timestamp":"2026-06-29T07:22:22.912842Z","level":"info","event":"Cosmos performance: time to calculate cache identifier cosmos_cache__get_cheapshark_deals__dbt_transform for current version: 0.0008382079977309331","logger":"cosmos.cache","filename":"cache.py","lineno":333}
{"timestamp":"2026-06-29T07:22:22.912924Z","level":"info","event":"Cosmos performance [0603b9c2bb92|383]: The cache size for cosmos_cache__get_cheapshark_deals__dbt_transform is 1726","logger":"cosmos.dbt.graph","filename":"graph.py","lineno":798}
{"timestamp":"2026-06-29T07:22:22.913061Z","level":"info","event":"Cosmos performance: Cache hit for cosmos_cache__get_cheapshark_deals__dbt_transform - 5d5dc19a4d21d68d9e2dd97b4b147311,35c51d063f0c828f4111bbac634f6471","logger":"cosmos.dbt.graph","filename":"graph.py","lineno":806}
{"timestamp":"2026-06-29T07:22:22.913425Z","level":"info","event":"Total nodes: 2","logger":"cosmos.dbt.graph","filename":"graph.py","lineno":711}
{"timestamp":"2026-06-29T07:22:22.913465Z","level":"info","event":"Total filtered nodes: 2","logger":"cosmos.dbt.graph","filename":"graph.py","lineno":712}
{"timestamp":"2026-06-29T07:22:22.913525Z","level":"info","event":"Cosmos performance (get_cheapshark_deals__dbt_transform) -  [0603b9c2bb92|383]: It took 0.0172s to parse the dbt project for DAG using LoadMode.DBT_LS_CACHE","logger":"cosmos.converter","filename":"converter.py","lineno":340}
{"timestamp":"2026-06-29T07:22:22.913765Z","level":"info","event":"Project /tmp/airflow/dag_bundles/my-git-repo/tracking_repo/dbt_project does not have {'dependencies.yml', 'packages.yml'}","logger":"cosmos.dbt.project","filename":"project.py","lineno":40}
{"timestamp":"2026-06-29T07:22:22.914202Z","level":"info","event":"Project /tmp/airflow/dag_bundles/my-git-repo/tracking_repo/dbt_project does not have {'dependencies.yml', 'packages.yml'}","logger":"cosmos.dbt.project","filename":"project.py","lineno":40}
{"timestamp":"2026-06-29T07:22:22.914477Z","level":"info","event":"Cosmos performance (get_cheapshark_deals__dbt_transform) - [0603b9c2bb92|383]: It took 0.000959s to build the Airflow DAG.","logger":"cosmos.converter","filename":"converter.py","lineno":387}
{"timestamp":"2026-06-29T07:22:22.914510Z","level":"info","event":"::endgroup::Cosmos DAG parsing logs","logger":"cosmos.converter","filename":"converter.py","lineno":390}
{"timestamp":"2026-06-29T07:22:53.274405Z","level":"info","event":"Filling up the DagBag from /tmp/airflow/dag_bundles/my-git-repo/tracking_repo/airflow-dags/cheapshark/DAG_cheapshark.py","logger":"airflow.models.dagbag.DagBag","filename":"dagbag.py","lineno":593}
{"timestamp":"2026-06-29T07:22:54.213691Z","level":"info","event":"::group::Cosmos DAG parsing logs","logger":"cosmos.converter","filename":"converter.py","lineno":293}
{"timestamp":"2026-06-29T07:22:54.214598Z","level":"info","event":"Trying to parse the dbt project using dbt ls cache cosmos_cache__get_cheapshark_deals__dbt_transform...","logger":"cosmos.dbt.graph","filename":"graph.py","lineno":781}
{"timestamp":"2026-06-29T07:22:54.248749Z","level":"info","event":"Cosmos performance: time to calculate cache identifier cosmos_cache__get_cheapshark_deals__dbt_transform for current version: 0.0010508330014999956","logger":"cosmos.cache","filename":"cache.py","lineno":333}
{"timestamp":"2026-06-29T07:22:54.248862Z","level":"info","event":"Cosmos performance [0603b9c2bb92|411]: The cache size for cosmos_cache__get_cheapshark_deals__dbt_transform is 1726","logger":"cosmos.dbt.graph","filename":"graph.py","lineno":798}
{"timestamp":"2026-06-29T07:22:54.249009Z","level":"info","event":"Cosmos performance: Cache hit for cosmos_cache__get_cheapshark_deals__dbt_transform - 5d5dc19a4d21d68d9e2dd97b4b147311,35c51d063f0c828f4111bbac634f6471","logger":"cosmos.dbt.graph","filename":"graph.py","lineno":806}
{"timestamp":"2026-06-29T07:22:54.249571Z","level":"info","event":"Total nodes: 2","logger":"cosmos.dbt.graph","filename":"graph.py","lineno":711}
{"timestamp":"2026-06-29T07:22:54.249762Z","level":"info","event":"Total filtered nodes: 2","logger":"cosmos.dbt.graph","filename":"graph.py","lineno":712}
{"timestamp":"2026-06-29T07:22:54.249842Z","level":"info","event":"Cosmos performance (get_cheapshark_deals__dbt_transform) -  [0603b9c2bb92|411]: It took 0.0353s to parse the dbt project for DAG using LoadMode.DBT_LS_CACHE","logger":"cosmos.converter","filename":"converter.py","lineno":340}
{"timestamp":"2026-06-29T07:22:54.250089Z","level":"info","event":"Project /tmp/airflow/dag_bundles/my-git-repo/tracking_repo/dbt_project does not have {'dependencies.yml', 'packages.yml'}","logger":"cosmos.dbt.project","filename":"project.py","lineno":40}
{"timestamp":"2026-06-29T07:22:54.250641Z","level":"info","event":"Project /tmp/airflow/dag_bundles/my-git-repo/tracking_repo/dbt_project does not have {'dependencies.yml', 'packages.yml'}","logger":"cosmos.dbt.project","filename":"project.py","lineno":40}
{"timestamp":"2026-06-29T07:22:54.250955Z","level":"info","event":"Cosmos performance (get_cheapshark_deals__dbt_transform) - [0603b9c2bb92|411]: It took 0.00112s to build the Airflow DAG.","logger":"cosmos.converter","filename":"converter.py","lineno":387}
{"timestamp":"2026-06-29T07:22:54.250993Z","level":"info","event":"::endgroup::Cosmos DAG parsing logs","logger":"cosmos.converter","filename":"converter.py","lineno":390}
{"timestamp":"2026-06-29T07:23:24.651806Z","level":"info","event":"Filling up the DagBag from /tmp/airflow/dag_bundles/my-git-repo/tracking_repo/airflow-dags/cheapshark/DAG_cheapshark.py","logger":"airflow.models.dagbag.DagBag","filename":"dagbag.py","lineno":593}
{"timestamp":"2026-06-29T07:23:25.212777Z","level":"info","event":"::group::Cosmos DAG parsing logs","logger":"cosmos.converter","filename":"converter.py","lineno":293}
{"timestamp":"2026-06-29T07:23:25.213224Z","level":"info","event":"Trying to parse the dbt project using dbt ls cache cosmos_cache__get_cheapshark_deals__dbt_transform...","logger":"cosmos.dbt.graph","filename":"graph.py","lineno":781}
{"timestamp":"2026-06-29T07:23:25.226147Z","level":"info","event":"Cosmos performance: time to calculate cache identifier cosmos_cache__get_cheapshark_deals__dbt_transform for current version: 0.0008401660015806556","logger":"cosmos.cache","filename":"cache.py","lineno":333}
{"timestamp":"2026-06-29T07:23:25.226203Z","level":"info","event":"Cosmos performance [0603b9c2bb92|439]: The cache size for cosmos_cache__get_cheapshark_deals__dbt_transform is 1726","logger":"cosmos.dbt.graph","filename":"graph.py","lineno":798}
{"timestamp":"2026-06-29T07:23:25.226307Z","level":"info","event":"Cosmos performance: Cache hit for cosmos_cache__get_cheapshark_deals__dbt_transform - 5d5dc19a4d21d68d9e2dd97b4b147311,35c51d063f0c828f4111bbac634f6471","logger":"cosmos.dbt.graph","filename":"graph.py","lineno":806}
{"timestamp":"2026-06-29T07:23:25.226575Z","level":"info","event":"Total nodes: 2","logger":"cosmos.dbt.graph","filename":"graph.py","lineno":711}
{"timestamp":"2026-06-29T07:23:25.226609Z","level":"info","event":"Total filtered nodes: 2","logger":"cosmos.dbt.graph","filename":"graph.py","lineno":712}
{"timestamp":"2026-06-29T07:23:25.226644Z","level":"info","event":"Cosmos performance (get_cheapshark_deals__dbt_transform) -  [0603b9c2bb92|439]: It took 0.0135s to parse the dbt project for DAG using LoadMode.DBT_LS_CACHE","logger":"cosmos.converter","filename":"converter.py","lineno":340}
{"timestamp":"2026-06-29T07:23:25.226857Z","level":"info","event":"Project /tmp/airflow/dag_bundles/my-git-repo/tracking_repo/dbt_project does not have {'dependencies.yml', 'packages.yml'}","logger":"cosmos.dbt.project","filename":"project.py","lineno":40}
{"timestamp":"2026-06-29T07:23:25.227328Z","level":"info","event":"Project /tmp/airflow/dag_bundles/my-git-repo/tracking_repo/dbt_project does not have {'dependencies.yml', 'packages.yml'}","logger":"cosmos.dbt.project","filename":"project.py","lineno":40}
{"timestamp":"2026-06-29T07:23:25.227617Z","level":"info","event":"Cosmos performance (get_cheapshark_deals__dbt_transform) - [0603b9c2bb92|439]: It took 0.000967s to build the Airflow DAG.","logger":"cosmos.converter","filename":"converter.py","lineno":387}
{"timestamp":"2026-06-29T07:23:25.227656Z","level":"info","event":"::endgroup::Cosmos DAG parsing logs","logger":"cosmos.converter","filename":"converter.py","lineno":390}
{"timestamp":"2026-06-29T07:23:55.299923Z","level":"info","event":"Filling up the DagBag from /tmp/airflow/dag_bundles/my-git-repo/tracking_repo/airflow-dags/cheapshark/DAG_cheapshark.py","logger":"airflow.models.dagbag.DagBag","filename":"dagbag.py","lineno":593}
{"timestamp":"2026-06-29T07:23:55.768304Z","level":"info","event":"::group::Cosmos DAG parsing logs","logger":"cosmos.converter","filename":"converter.py","lineno":293}
{"timestamp":"2026-06-29T07:23:55.768658Z","level":"info","event":"Trying to parse the dbt project using dbt ls cache cosmos_cache__get_cheapshark_deals__dbt_transform...","logger":"cosmos.dbt.graph","filename":"graph.py","lineno":781}
{"timestamp":"2026-06-29T07:23:55.777036Z","level":"info","event":"Cosmos performance: time to calculate cache identifier cosmos_cache__get_cheapshark_deals__dbt_transform for current version: 0.0003940839960705489","logger":"cosmos.cache","filename":"cache.py","lineno":333}
{"timestamp":"2026-06-29T07:23:55.777103Z","level":"info","event":"Cosmos performance [0603b9c2bb92|482]: The cache size for cosmos_cache__get_cheapshark_deals__dbt_transform is 1726","logger":"cosmos.dbt.graph","filename":"graph.py","lineno":798}
{"timestamp":"2026-06-29T07:23:55.777210Z","level":"info","event":"Cosmos performance: Cache hit for cosmos_cache__get_cheapshark_deals__dbt_transform - 5d5dc19a4d21d68d9e2dd97b4b147311,35c51d063f0c828f4111bbac634f6471","logger":"cosmos.dbt.graph","filename":"graph.py","lineno":806}
{"timestamp":"2026-06-29T07:23:55.777505Z","level":"info","event":"Total nodes: 2","logger":"cosmos.dbt.graph","filename":"graph.py","lineno":711}
{"timestamp":"2026-06-29T07:23:55.777541Z","level":"info","event":"Total filtered nodes: 2","logger":"cosmos.dbt.graph","filename":"graph.py","lineno":712}
{"timestamp":"2026-06-29T07:23:55.777579Z","level":"info","event":"Cosmos performance (get_cheapshark_deals__dbt_transform) -  [0603b9c2bb92|482]: It took 0.00895s to parse the dbt project for DAG using LoadMode.DBT_LS_CACHE","logger":"cosmos.converter","filename":"converter.py","lineno":340}
{"timestamp":"2026-06-29T07:23:55.777801Z","level":"info","event":"Project /tmp/airflow/dag_bundles/my-git-repo/tracking_repo/dbt_project does not have {'dependencies.yml', 'packages.yml'}","logger":"cosmos.dbt.project","filename":"project.py","lineno":40}
{"timestamp":"2026-06-29T07:23:55.778232Z","level":"info","event":"Project /tmp/airflow/dag_bundles/my-git-repo/tracking_repo/dbt_project does not have {'dependencies.yml', 'packages.yml'}","logger":"cosmos.dbt.project","filename":"project.py","lineno":40}
{"timestamp":"2026-06-29T07:23:55.778480Z","level":"info","event":"Cosmos performance (get_cheapshark_deals__dbt_transform) - [0603b9c2bb92|482]: It took 0.000897s to build the Airflow DAG.","logger":"cosmos.converter","filename":"converter.py","lineno":387}
{"timestamp":"2026-06-29T07:23:55.778521Z","level":"info","event":"::endgroup::Cosmos DAG parsing logs","logger":"cosmos.converter","filename":"converter.py","lineno":390}
{"timestamp":"2026-06-29T07:24:26.186370Z","level":"info","event":"Filling up the DagBag from /tmp/airflow/dag_bundles/my-git-repo/tracking_repo/airflow-dags/cheapshark/DAG_cheapshark.py","logger":"airflow.models.dagbag.DagBag","filename":"dagbag.py","lineno":593}
{"timestamp":"2026-06-29T07:24:26.729294Z","level":"info","event":"::group::Cosmos DAG parsing logs","logger":"cosmos.converter","filename":"converter.py","lineno":293}
{"timestamp":"2026-06-29T07:24:26.729906Z","level":"info","event":"Trying to parse the dbt project using dbt ls cache cosmos_cache__get_cheapshark_deals__dbt_transform...","logger":"cosmos.dbt.graph","filename":"graph.py","lineno":781}
{"timestamp":"2026-06-29T07:24:26.736792Z","level":"info","event":"Cosmos performance: time to calculate cache identifier cosmos_cache__get_cheapshark_deals__dbt_transform for current version: 0.00039808300061849877","logger":"cosmos.cache","filename":"cache.py","lineno":333}
{"timestamp":"2026-06-29T07:24:26.736871Z","level":"info","event":"Cosmos performance [0603b9c2bb92|510]: The cache size for cosmos_cache__get_cheapshark_deals__dbt_transform is 1726","logger":"cosmos.dbt.graph","filename":"graph.py","lineno":798}
{"timestamp":"2026-06-29T07:24:26.736998Z","level":"info","event":"Cosmos performance: Cache hit for cosmos_cache__get_cheapshark_deals__dbt_transform - 5d5dc19a4d21d68d9e2dd97b4b147311,35c51d063f0c828f4111bbac634f6471","logger":"cosmos.dbt.graph","filename":"graph.py","lineno":806}
{"timestamp":"2026-06-29T07:24:26.737363Z","level":"info","event":"Total nodes: 2","logger":"cosmos.dbt.graph","filename":"graph.py","lineno":711}
{"timestamp":"2026-06-29T07:24:26.737396Z","level":"info","event":"Total filtered nodes: 2","logger":"cosmos.dbt.graph","filename":"graph.py","lineno":712}
{"timestamp":"2026-06-29T07:24:26.737447Z","level":"info","event":"Cosmos performance (get_cheapshark_deals__dbt_transform) -  [0603b9c2bb92|510]: It took 0.00757s to parse the dbt project for DAG using LoadMode.DBT_LS_CACHE","logger":"cosmos.converter","filename":"converter.py","lineno":340}
{"timestamp":"2026-06-29T07:24:26.737669Z","level":"info","event":"Project /tmp/airflow/dag_bundles/my-git-repo/tracking_repo/dbt_project does not have {'dependencies.yml', 'packages.yml'}","logger":"cosmos.dbt.project","filename":"project.py","lineno":40}
{"timestamp":"2026-06-29T07:24:26.738092Z","level":"info","event":"Project /tmp/airflow/dag_bundles/my-git-repo/tracking_repo/dbt_project does not have {'dependencies.yml', 'packages.yml'}","logger":"cosmos.dbt.project","filename":"project.py","lineno":40}
{"timestamp":"2026-06-29T07:24:26.738349Z","level":"info","event":"Cosmos performance (get_cheapshark_deals__dbt_transform) - [0603b9c2bb92|510]: It took 0.000902s to build the Airflow DAG.","logger":"cosmos.converter","filename":"converter.py","lineno":387}
{"timestamp":"2026-06-29T07:24:26.738382Z","level":"info","event":"::endgroup::Cosmos DAG parsing logs","logger":"cosmos.converter","filename":"converter.py","lineno":390}
{"timestamp":"2026-06-29T07:24:57.109814Z","level":"info","event":"Filling up the DagBag from /tmp/airflow/dag_bundles/my-git-repo/tracking_repo/airflow-dags/cheapshark/DAG_cheapshark.py","logger":"airflow.models.dagbag.DagBag","filename":"dagbag.py","lineno":593}
{"timestamp":"2026-06-29T07:24:57.677143Z","level":"info","event":"::group::Cosmos DAG parsing logs","logger":"cosmos.converter","filename":"converter.py","lineno":293}
{"timestamp":"2026-06-29T07:24:57.677657Z","level":"info","event":"Trying to parse the dbt project using dbt ls cache cosmos_cache__get_cheapshark_deals__dbt_transform...","logger":"cosmos.dbt.graph","filename":"graph.py","lineno":781}
{"timestamp":"2026-06-29T07:24:57.690119Z","level":"info","event":"Cosmos performance: time to calculate cache identifier cosmos_cache__get_cheapshark_deals__dbt_transform for current version: 0.002625166001962498","logger":"cosmos.cache","filename":"cache.py","lineno":333}
{"timestamp":"2026-06-29T07:24:57.690205Z","level":"info","event":"Cosmos performance [0603b9c2bb92|538]: The cache size for cosmos_cache__get_cheapshark_deals__dbt_transform is 1726","logger":"cosmos.dbt.graph","filename":"graph.py","lineno":798}
{"timestamp":"2026-06-29T07:24:57.690337Z","level":"info","event":"Cosmos performance: Cache hit for cosmos_cache__get_cheapshark_deals__dbt_transform - 5d5dc19a4d21d68d9e2dd97b4b147311,35c51d063f0c828f4111bbac634f6471","logger":"cosmos.dbt.graph","filename":"graph.py","lineno":806}
{"timestamp":"2026-06-29T07:24:57.691934Z","level":"info","event":"Total nodes: 2","logger":"cosmos.dbt.graph","filename":"graph.py","lineno":711}
{"timestamp":"2026-06-29T07:24:57.691998Z","level":"info","event":"Total filtered nodes: 2","logger":"cosmos.dbt.graph","filename":"graph.py","lineno":712}
{"timestamp":"2026-06-29T07:24:57.692058Z","level":"info","event":"Cosmos performance (get_cheapshark_deals__dbt_transform) -  [0603b9c2bb92|538]: It took 0.0144s to parse the dbt project for DAG using LoadMode.DBT_LS_CACHE","logger":"cosmos.converter","filename":"converter.py","lineno":340}
{"timestamp":"2026-06-29T07:24:57.692325Z","level":"info","event":"Project /tmp/airflow/dag_bundles/my-git-repo/tracking_repo/dbt_project does not have {'dependencies.yml', 'packages.yml'}","logger":"cosmos.dbt.project","filename":"project.py","lineno":40}
{"timestamp":"2026-06-29T07:24:57.692851Z","level":"info","event":"Project /tmp/airflow/dag_bundles/my-git-repo/tracking_repo/dbt_project does not have {'dependencies.yml', 'packages.yml'}","logger":"cosmos.dbt.project","filename":"project.py","lineno":40}
{"timestamp":"2026-06-29T07:24:57.693173Z","level":"info","event":"Cosmos performance (get_cheapshark_deals__dbt_transform) - [0603b9c2bb92|538]: It took 0.00113s to build the Airflow DAG.","logger":"cosmos.converter","filename":"converter.py","lineno":387}
{"timestamp":"2026-06-29T07:24:57.693223Z","level":"info","event":"::endgroup::Cosmos DAG parsing logs","logger":"cosmos.converter","filename":"converter.py","lineno":390}
{"timestamp":"2026-06-29T07:25:28.063717Z","level":"info","event":"Filling up the DagBag from /tmp/airflow/dag_bundles/my-git-repo/tracking_repo/airflow-dags/cheapshark/DAG_cheapshark.py","logger":"airflow.models.dagbag.DagBag","filename":"dagbag.py","lineno":593}
{"timestamp":"2026-06-29T07:25:28.582330Z","level":"info","event":"::group::Cosmos DAG parsing logs","logger":"cosmos.converter","filename":"converter.py","lineno":293}
{"timestamp":"2026-06-29T07:25:28.582654Z","level":"info","event":"Trying to parse the dbt project using dbt ls cache cosmos_cache__get_cheapshark_deals__dbt_transform...","logger":"cosmos.dbt.graph","filename":"graph.py","lineno":781}
{"timestamp":"2026-06-29T07:25:28.590404Z","level":"info","event":"Cosmos performance: time to calculate cache identifier cosmos_cache__get_cheapshark_deals__dbt_transform for current version: 0.0003582499994081445","logger":"cosmos.cache","filename":"cache.py","lineno":333}
{"timestamp":"2026-06-29T07:25:28.590460Z","level":"info","event":"Cosmos performance [0603b9c2bb92|566]: The cache size for cosmos_cache__get_cheapshark_deals__dbt_transform is 1726","logger":"cosmos.dbt.graph","filename":"graph.py","lineno":798}
{"timestamp":"2026-06-29T07:25:28.590558Z","level":"info","event":"Cosmos performance: Cache hit for cosmos_cache__get_cheapshark_deals__dbt_transform - 5d5dc19a4d21d68d9e2dd97b4b147311,35c51d063f0c828f4111bbac634f6471","logger":"cosmos.dbt.graph","filename":"graph.py","lineno":806}
{"timestamp":"2026-06-29T07:25:28.590809Z","level":"info","event":"Total nodes: 2","logger":"cosmos.dbt.graph","filename":"graph.py","lineno":711}
{"timestamp":"2026-06-29T07:25:28.590846Z","level":"info","event":"Total filtered nodes: 2","logger":"cosmos.dbt.graph","filename":"graph.py","lineno":712}
{"timestamp":"2026-06-29T07:25:28.590888Z","level":"info","event":"Cosmos performance (get_cheapshark_deals__dbt_transform) -  [0603b9c2bb92|566]: It took 0.00827s to parse the dbt project for DAG using LoadMode.DBT_LS_CACHE","logger":"cosmos.converter","filename":"converter.py","lineno":340}
{"timestamp":"2026-06-29T07:25:28.591096Z","level":"info","event":"Project /tmp/airflow/dag_bundles/my-git-repo/tracking_repo/dbt_project does not have {'dependencies.yml', 'packages.yml'}","logger":"cosmos.dbt.project","filename":"project.py","lineno":40}
{"timestamp":"2026-06-29T07:25:28.591512Z","level":"info","event":"Project /tmp/airflow/dag_bundles/my-git-repo/tracking_repo/dbt_project does not have {'dependencies.yml', 'packages.yml'}","logger":"cosmos.dbt.project","filename":"project.py","lineno":40}
{"timestamp":"2026-06-29T07:25:28.591886Z","level":"info","event":"Cosmos performance (get_cheapshark_deals__dbt_transform) - [0603b9c2bb92|566]: It took 0.000926s to build the Airflow DAG.","logger":"cosmos.converter","filename":"converter.py","lineno":387}
{"timestamp":"2026-06-29T07:25:28.591939Z","level":"info","event":"::endgroup::Cosmos DAG parsing logs","logger":"cosmos.converter","filename":"converter.py","lineno":390}
{"timestamp":"2026-06-29T07:25:58.915967Z","level":"info","event":"Filling up the DagBag from /tmp/airflow/dag_bundles/my-git-repo/tracking_repo/airflow-dags/cheapshark/DAG_cheapshark.py","logger":"airflow.models.dagbag.DagBag","filename":"dagbag.py","lineno":593}
{"timestamp":"2026-06-29T07:25:59.468184Z","level":"info","event":"::group::Cosmos DAG parsing logs","logger":"cosmos.converter","filename":"converter.py","lineno":293}
{"timestamp":"2026-06-29T07:25:59.468564Z","level":"info","event":"Trying to parse the dbt project using dbt ls cache cosmos_cache__get_cheapshark_deals__dbt_transform...","logger":"cosmos.dbt.graph","filename":"graph.py","lineno":781}
{"timestamp":"2026-06-29T07:25:59.474854Z","level":"info","event":"Cosmos performance: time to calculate cache identifier cosmos_cache__get_cheapshark_deals__dbt_transform for current version: 0.0005875829956494272","logger":"cosmos.cache","filename":"cache.py","lineno":333}
{"timestamp":"2026-06-29T07:25:59.474934Z","level":"info","event":"Cosmos performance [0603b9c2bb92|609]: The cache size for cosmos_cache__get_cheapshark_deals__dbt_transform is 1726","logger":"cosmos.dbt.graph","filename":"graph.py","lineno":798}
{"timestamp":"2026-06-29T07:25:59.475164Z","level":"info","event":"Cosmos performance: Cache hit for cosmos_cache__get_cheapshark_deals__dbt_transform - 5d5dc19a4d21d68d9e2dd97b4b147311,35c51d063f0c828f4111bbac634f6471","logger":"cosmos.dbt.graph","filename":"graph.py","lineno":806}
{"timestamp":"2026-06-29T07:25:59.475619Z","level":"info","event":"Total nodes: 2","logger":"cosmos.dbt.graph","filename":"graph.py","lineno":711}
{"timestamp":"2026-06-29T07:25:59.475657Z","level":"info","event":"Total filtered nodes: 2","logger":"cosmos.dbt.graph","filename":"graph.py","lineno":712}
{"timestamp":"2026-06-29T07:25:59.475702Z","level":"info","event":"Cosmos performance (get_cheapshark_deals__dbt_transform) -  [0603b9c2bb92|609]: It took 0.00717s to parse the dbt project for DAG using LoadMode.DBT_LS_CACHE","logger":"cosmos.converter","filename":"converter.py","lineno":340}
{"timestamp":"2026-06-29T07:25:59.475954Z","level":"info","event":"Project /tmp/airflow/dag_bundles/my-git-repo/tracking_repo/dbt_project does not have {'dependencies.yml', 'packages.yml'}","logger":"cosmos.dbt.project","filename":"project.py","lineno":40}
{"timestamp":"2026-06-29T07:25:59.476427Z","level":"info","event":"Project /tmp/airflow/dag_bundles/my-git-repo/tracking_repo/dbt_project does not have {'dependencies.yml', 'packages.yml'}","logger":"cosmos.dbt.project","filename":"project.py","lineno":40}
{"timestamp":"2026-06-29T07:25:59.476731Z","level":"info","event":"Cosmos performance (get_cheapshark_deals__dbt_transform) - [0603b9c2bb92|609]: It took 0.00103s to build the Airflow DAG.","logger":"cosmos.converter","filename":"converter.py","lineno":387}
{"timestamp":"2026-06-29T07:25:59.476773Z","level":"info","event":"::endgroup::Cosmos DAG parsing logs","logger":"cosmos.converter","filename":"converter.py","lineno":390}
{"timestamp":"2026-06-29T07:26:29.815851Z","level":"info","event":"Filling up the DagBag from /tmp/airflow/dag_bundles/my-git-repo/tracking_repo/airflow-dags/cheapshark/DAG_cheapshark.py","logger":"airflow.models.dagbag.DagBag","filename":"dagbag.py","lineno":593}
{"timestamp":"2026-06-29T07:26:30.321331Z","level":"info","event":"::group::Cosmos DAG parsing logs","logger":"cosmos.converter","filename":"converter.py","lineno":293}
{"timestamp":"2026-06-29T07:26:30.321636Z","level":"info","event":"Trying to parse the dbt project using dbt ls cache cosmos_cache__get_cheapshark_deals__dbt_transform...","logger":"cosmos.dbt.graph","filename":"graph.py","lineno":781}
{"timestamp":"2026-06-29T07:26:30.338672Z","level":"info","event":"Cosmos performance: time to calculate cache identifier cosmos_cache__get_cheapshark_deals__dbt_transform for current version: 0.00040616700425744057","logger":"cosmos.cache","filename":"cache.py","lineno":333}
{"timestamp":"2026-06-29T07:26:30.338730Z","level":"info","event":"Cosmos performance [0603b9c2bb92|637]: The cache size for cosmos_cache__get_cheapshark_deals__dbt_transform is 1726","logger":"cosmos.dbt.graph","filename":"graph.py","lineno":798}
{"timestamp":"2026-06-29T07:26:30.338824Z","level":"info","event":"Cosmos performance: Cache hit for cosmos_cache__get_cheapshark_deals__dbt_transform - 5d5dc19a4d21d68d9e2dd97b4b147311,35c51d063f0c828f4111bbac634f6471","logger":"cosmos.dbt.graph","filename":"graph.py","lineno":806}
{"timestamp":"2026-06-29T07:26:30.339119Z","level":"info","event":"Total nodes: 2","logger":"cosmos.dbt.graph","filename":"graph.py","lineno":711}
{"timestamp":"2026-06-29T07:26:30.339157Z","level":"info","event":"Total filtered nodes: 2","logger":"cosmos.dbt.graph","filename":"graph.py","lineno":712}
{"timestamp":"2026-06-29T07:26:30.339202Z","level":"info","event":"Cosmos performance (get_cheapshark_deals__dbt_transform) -  [0603b9c2bb92|637]: It took 0.0176s to parse the dbt project for DAG using LoadMode.DBT_LS_CACHE","logger":"cosmos.converter","filename":"converter.py","lineno":340}
{"timestamp":"2026-06-29T07:26:30.339411Z","level":"info","event":"Project /tmp/airflow/dag_bundles/my-git-repo/tracking_repo/dbt_project does not have {'dependencies.yml', 'packages.yml'}","logger":"cosmos.dbt.project","filename":"project.py","lineno":40}
{"timestamp":"2026-06-29T07:26:30.339829Z","level":"info","event":"Project /tmp/airflow/dag_bundles/my-git-repo/tracking_repo/dbt_project does not have {'dependencies.yml', 'packages.yml'}","logger":"cosmos.dbt.project","filename":"project.py","lineno":40}
{"timestamp":"2026-06-29T07:26:30.340079Z","level":"info","event":"Cosmos performance (get_cheapshark_deals__dbt_transform) - [0603b9c2bb92|637]: It took 0.00088s to build the Airflow DAG.","logger":"cosmos.converter","filename":"converter.py","lineno":387}
{"timestamp":"2026-06-29T07:26:30.340118Z","level":"info","event":"::endgroup::Cosmos DAG parsing logs","logger":"cosmos.converter","filename":"converter.py","lineno":390}
{"timestamp":"2026-06-29T07:27:02.177120Z","level":"info","event":"Filling up the DagBag from /tmp/airflow/dag_bundles/my-git-repo/tracking_repo/airflow-dags/cheapshark/DAG_cheapshark.py","logger":"airflow.models.dagbag.DagBag","filename":"dagbag.py","lineno":593}
{"timestamp":"2026-06-29T07:27:02.716515Z","level":"info","event":"::group::Cosmos DAG parsing logs","logger":"cosmos.converter","filename":"converter.py","lineno":293}
{"timestamp":"2026-06-29T07:27:02.716824Z","level":"info","event":"Trying to parse the dbt project using dbt ls cache cosmos_cache__get_cheapshark_deals__dbt_transform...","logger":"cosmos.dbt.graph","filename":"graph.py","lineno":781}
{"timestamp":"2026-06-29T07:27:02.724912Z","level":"info","event":"Cosmos performance: time to calculate cache identifier cosmos_cache__get_cheapshark_deals__dbt_transform for current version: 0.0004956659977324307","logger":"cosmos.cache","filename":"cache.py","lineno":333}
{"timestamp":"2026-06-29T07:27:02.724987Z","level":"info","event":"Cosmos performance [0603b9c2bb92|674]: The cache size for cosmos_cache__get_cheapshark_deals__dbt_transform is 1726","logger":"cosmos.dbt.graph","filename":"graph.py","lineno":798}
{"timestamp":"2026-06-29T07:27:02.725119Z","level":"info","event":"Cosmos performance: Cache hit for cosmos_cache__get_cheapshark_deals__dbt_transform - 5d5dc19a4d21d68d9e2dd97b4b147311,35c51d063f0c828f4111bbac634f6471","logger":"cosmos.dbt.graph","filename":"graph.py","lineno":806}
{"timestamp":"2026-06-29T07:27:02.725424Z","level":"info","event":"Total nodes: 2","logger":"cosmos.dbt.graph","filename":"graph.py","lineno":711}
{"timestamp":"2026-06-29T07:27:02.725470Z","level":"info","event":"Total filtered nodes: 2","logger":"cosmos.dbt.graph","filename":"graph.py","lineno":712}
{"timestamp":"2026-06-29T07:27:02.725538Z","level":"info","event":"Cosmos performance (get_cheapshark_deals__dbt_transform) -  [0603b9c2bb92|674]: It took 0.00872s to parse the dbt project for DAG using LoadMode.DBT_LS_CACHE","logger":"cosmos.converter","filename":"converter.py","lineno":340}
{"timestamp":"2026-06-29T07:27:02.725788Z","level":"info","event":"Project /tmp/airflow/dag_bundles/my-git-repo/tracking_repo/dbt_project does not have {'dependencies.yml', 'packages.yml'}","logger":"cosmos.dbt.project","filename":"project.py","lineno":40}
{"timestamp":"2026-06-29T07:27:02.726247Z","level":"info","event":"Project /tmp/airflow/dag_bundles/my-git-repo/tracking_repo/dbt_project does not have {'dependencies.yml', 'packages.yml'}","logger":"cosmos.dbt.project","filename":"project.py","lineno":40}
{"timestamp":"2026-06-29T07:27:02.726529Z","level":"info","event":"Cosmos performance (get_cheapshark_deals__dbt_transform) - [0603b9c2bb92|674]: It took 0.001s to build the Airflow DAG.","logger":"cosmos.converter","filename":"converter.py","lineno":387}
{"timestamp":"2026-06-29T07:27:02.726564Z","level":"info","event":"::endgroup::Cosmos DAG parsing logs","logger":"cosmos.converter","filename":"converter.py","lineno":390}
{"timestamp":"2026-06-29T07:27:33.677588Z","level":"info","event":"Filling up the DagBag from /tmp/airflow/dag_bundles/my-git-repo/tracking_repo/airflow-dags/cheapshark/DAG_cheapshark.py","logger":"airflow.models.dagbag.DagBag","filename":"dagbag.py","lineno":593}
{"timestamp":"2026-06-29T07:27:34.123627Z","level":"info","event":"::group::Cosmos DAG parsing logs","logger":"cosmos.converter","filename":"converter.py","lineno":293}
{"timestamp":"2026-06-29T07:27:34.123958Z","level":"info","event":"Trying to parse the dbt project using dbt ls cache cosmos_cache__get_cheapshark_deals__dbt_transform...","logger":"cosmos.dbt.graph","filename":"graph.py","lineno":781}
{"timestamp":"2026-06-29T07:27:34.132779Z","level":"info","event":"Cosmos performance: time to calculate cache identifier cosmos_cache__get_cheapshark_deals__dbt_transform for current version: 0.00043437499698484316","logger":"cosmos.cache","filename":"cache.py","lineno":333}
{"timestamp":"2026-06-29T07:27:34.132857Z","level":"info","event":"Cosmos performance [0603b9c2bb92|702]: The cache size for cosmos_cache__get_cheapshark_deals__dbt_transform is 1726","logger":"cosmos.dbt.graph","filename":"graph.py","lineno":798}
{"timestamp":"2026-06-29T07:27:34.132973Z","level":"info","event":"Cosmos performance: Cache hit for cosmos_cache__get_cheapshark_deals__dbt_transform - 5d5dc19a4d21d68d9e2dd97b4b147311,35c51d063f0c828f4111bbac634f6471","logger":"cosmos.dbt.graph","filename":"graph.py","lineno":806}
{"timestamp":"2026-06-29T07:27:34.133317Z","level":"info","event":"Total nodes: 2","logger":"cosmos.dbt.graph","filename":"graph.py","lineno":711}
{"timestamp":"2026-06-29T07:27:34.133354Z","level":"info","event":"Total filtered nodes: 2","logger":"cosmos.dbt.graph","filename":"graph.py","lineno":712}
{"timestamp":"2026-06-29T07:27:34.133393Z","level":"info","event":"Cosmos performance (get_cheapshark_deals__dbt_transform) -  [0603b9c2bb92|702]: It took 0.00946s to parse the dbt project for DAG using LoadMode.DBT_LS_CACHE","logger":"cosmos.converter","filename":"converter.py","lineno":340}
{"timestamp":"2026-06-29T07:27:34.133634Z","level":"info","event":"Project /tmp/airflow/dag_bundles/my-git-repo/tracking_repo/dbt_project does not have {'dependencies.yml', 'packages.yml'}","logger":"cosmos.dbt.project","filename":"project.py","lineno":40}
{"timestamp":"2026-06-29T07:27:34.134059Z","level":"info","event":"Project /tmp/airflow/dag_bundles/my-git-repo/tracking_repo/dbt_project does not have {'dependencies.yml', 'packages.yml'}","logger":"cosmos.dbt.project","filename":"project.py","lineno":40}
{"timestamp":"2026-06-29T07:27:34.134316Z","level":"info","event":"Cosmos performance (get_cheapshark_deals__dbt_transform) - [0603b9c2bb92|702]: It took 0.000924s to build the Airflow DAG.","logger":"cosmos.converter","filename":"converter.py","lineno":387}
{"timestamp":"2026-06-29T07:27:34.134349Z","level":"info","event":"::endgroup::Cosmos DAG parsing logs","logger":"cosmos.converter","filename":"converter.py","lineno":390}
{"timestamp":"2026-06-29T07:28:04.631226Z","level":"info","event":"Filling up the DagBag from /tmp/airflow/dag_bundles/my-git-repo/tracking_repo/airflow-dags/cheapshark/DAG_cheapshark.py","logger":"airflow.models.dagbag.DagBag","filename":"dagbag.py","lineno":593}
{"timestamp":"2026-06-29T07:28:05.056069Z","level":"info","event":"::group::Cosmos DAG parsing logs","logger":"cosmos.converter","filename":"converter.py","lineno":293}
{"timestamp":"2026-06-29T07:28:05.056413Z","level":"info","event":"Trying to parse the dbt project using dbt ls cache cosmos_cache__get_cheapshark_deals__dbt_transform...","logger":"cosmos.dbt.graph","filename":"graph.py","lineno":781}
{"timestamp":"2026-06-29T07:28:05.064615Z","level":"info","event":"Cosmos performance: time to calculate cache identifier cosmos_cache__get_cheapshark_deals__dbt_transform for current version: 0.00042454200593056157","logger":"cosmos.cache","filename":"cache.py","lineno":333}
{"timestamp":"2026-06-29T07:28:05.064679Z","level":"info","event":"Cosmos performance [0603b9c2bb92|745]: The cache size for cosmos_cache__get_cheapshark_deals__dbt_transform is 1726","logger":"cosmos.dbt.graph","filename":"graph.py","lineno":798}
{"timestamp":"2026-06-29T07:28:05.064781Z","level":"info","event":"Cosmos performance: Cache hit for cosmos_cache__get_cheapshark_deals__dbt_transform - 5d5dc19a4d21d68d9e2dd97b4b147311,35c51d063f0c828f4111bbac634f6471","logger":"cosmos.dbt.graph","filename":"graph.py","lineno":806}
{"timestamp":"2026-06-29T07:28:05.065004Z","level":"info","event":"Total nodes: 2","logger":"cosmos.dbt.graph","filename":"graph.py","lineno":711}
{"timestamp":"2026-06-29T07:28:05.065045Z","level":"info","event":"Total filtered nodes: 2","logger":"cosmos.dbt.graph","filename":"graph.py","lineno":712}
{"timestamp":"2026-06-29T07:28:05.065084Z","level":"info","event":"Cosmos performance (get_cheapshark_deals__dbt_transform) -  [0603b9c2bb92|745]: It took 0.0087s to parse the dbt project for DAG using LoadMode.DBT_LS_CACHE","logger":"cosmos.converter","filename":"converter.py","lineno":340}
{"timestamp":"2026-06-29T07:28:05.065327Z","level":"info","event":"Project /tmp/airflow/dag_bundles/my-git-repo/tracking_repo/dbt_project does not have {'dependencies.yml', 'packages.yml'}","logger":"cosmos.dbt.project","filename":"project.py","lineno":40}
{"timestamp":"2026-06-29T07:28:05.065758Z","level":"info","event":"Project /tmp/airflow/dag_bundles/my-git-repo/tracking_repo/dbt_project does not have {'dependencies.yml', 'packages.yml'}","logger":"cosmos.dbt.project","filename":"project.py","lineno":40}
{"timestamp":"2026-06-29T07:28:05.065984Z","level":"info","event":"Cosmos performance (get_cheapshark_deals__dbt_transform) - [0603b9c2bb92|745]: It took 0.0009s to build the Airflow DAG.","logger":"cosmos.converter","filename":"converter.py","lineno":387}
{"timestamp":"2026-06-29T07:28:05.066021Z","level":"info","event":"::endgroup::Cosmos DAG parsing logs","logger":"cosmos.converter","filename":"converter.py","lineno":390}
{"timestamp":"2026-06-29T07:28:35.863849Z","level":"info","event":"Filling up the DagBag from /tmp/airflow/dag_bundles/my-git-repo/tracking_repo/airflow-dags/cheapshark/DAG_cheapshark.py","logger":"airflow.models.dagbag.DagBag","filename":"dagbag.py","lineno":593}
{"timestamp":"2026-06-29T07:28:36.250425Z","level":"info","event":"::group::Cosmos DAG parsing logs","logger":"cosmos.converter","filename":"converter.py","lineno":293}
{"timestamp":"2026-06-29T07:28:36.250759Z","level":"info","event":"Trying to parse the dbt project using dbt ls cache cosmos_cache__get_cheapshark_deals__dbt_transform...","logger":"cosmos.dbt.graph","filename":"graph.py","lineno":781}
{"timestamp":"2026-06-29T07:28:36.258551Z","level":"info","event":"Cosmos performance: time to calculate cache identifier cosmos_cache__get_cheapshark_deals__dbt_transform for current version: 0.0004052499934914522","logger":"cosmos.cache","filename":"cache.py","lineno":333}
{"timestamp":"2026-06-29T07:28:36.258615Z","level":"info","event":"Cosmos performance [0603b9c2bb92|773]: The cache size for cosmos_cache__get_cheapshark_deals__dbt_transform is 1726","logger":"cosmos.dbt.graph","filename":"graph.py","lineno":798}
{"timestamp":"2026-06-29T07:28:36.258723Z","level":"info","event":"Cosmos performance: Cache hit for cosmos_cache__get_cheapshark_deals__dbt_transform - 5d5dc19a4d21d68d9e2dd97b4b147311,35c51d063f0c828f4111bbac634f6471","logger":"cosmos.dbt.graph","filename":"graph.py","lineno":806}
{"timestamp":"2026-06-29T07:28:36.258969Z","level":"info","event":"Total nodes: 2","logger":"cosmos.dbt.graph","filename":"graph.py","lineno":711}
{"timestamp":"2026-06-29T07:28:36.259009Z","level":"info","event":"Total filtered nodes: 2","logger":"cosmos.dbt.graph","filename":"graph.py","lineno":712}
{"timestamp":"2026-06-29T07:28:36.259052Z","level":"info","event":"Cosmos performance (get_cheapshark_deals__dbt_transform) -  [0603b9c2bb92|773]: It took 0.00832s to parse the dbt project for DAG using LoadMode.DBT_LS_CACHE","logger":"cosmos.converter","filename":"converter.py","lineno":340}
{"timestamp":"2026-06-29T07:28:36.259264Z","level":"info","event":"Project /tmp/airflow/dag_bundles/my-git-repo/tracking_repo/dbt_project does not have {'dependencies.yml', 'packages.yml'}","logger":"cosmos.dbt.project","filename":"project.py","lineno":40}
{"timestamp":"2026-06-29T07:28:36.259694Z","level":"info","event":"Project /tmp/airflow/dag_bundles/my-git-repo/tracking_repo/dbt_project does not have {'dependencies.yml', 'packages.yml'}","logger":"cosmos.dbt.project","filename":"project.py","lineno":40}
{"timestamp":"2026-06-29T07:28:36.259923Z","level":"info","event":"Cosmos performance (get_cheapshark_deals__dbt_transform) - [0603b9c2bb92|773]: It took 0.000867s to build the Airflow DAG.","logger":"cosmos.converter","filename":"converter.py","lineno":387}
{"timestamp":"2026-06-29T07:28:36.259963Z","level":"info","event":"::endgroup::Cosmos DAG parsing logs","logger":"cosmos.converter","filename":"converter.py","lineno":390}
{"timestamp":"2026-06-29T07:29:07.001654Z","level":"info","event":"Filling up the DagBag from /tmp/airflow/dag_bundles/my-git-repo/tracking_repo/airflow-dags/cheapshark/DAG_cheapshark.py","logger":"airflow.models.dagbag.DagBag","filename":"dagbag.py","lineno":593}
{"timestamp":"2026-06-29T07:29:07.384363Z","level":"info","event":"::group::Cosmos DAG parsing logs","logger":"cosmos.converter","filename":"converter.py","lineno":293}
{"timestamp":"2026-06-29T07:29:07.384667Z","level":"info","event":"Trying to parse the dbt project using dbt ls cache cosmos_cache__get_cheapshark_deals__dbt_transform...","logger":"cosmos.dbt.graph","filename":"graph.py","lineno":781}
{"timestamp":"2026-06-29T07:29:07.392865Z","level":"info","event":"Cosmos performance: time to calculate cache identifier cosmos_cache__get_cheapshark_deals__dbt_transform for current version: 0.00037900000461377203","logger":"cosmos.cache","filename":"cache.py","lineno":333}
{"timestamp":"2026-06-29T07:29:07.392922Z","level":"info","event":"Cosmos performance [0603b9c2bb92|801]: The cache size for cosmos_cache__get_cheapshark_deals__dbt_transform is 1726","logger":"cosmos.dbt.graph","filename":"graph.py","lineno":798}
{"timestamp":"2026-06-29T07:29:07.393039Z","level":"info","event":"Cosmos performance: Cache hit for cosmos_cache__get_cheapshark_deals__dbt_transform - 5d5dc19a4d21d68d9e2dd97b4b147311,35c51d063f0c828f4111bbac634f6471","logger":"cosmos.dbt.graph","filename":"graph.py","lineno":806}
{"timestamp":"2026-06-29T07:29:07.393213Z","level":"info","event":"Total nodes: 2","logger":"cosmos.dbt.graph","filename":"graph.py","lineno":711}
{"timestamp":"2026-06-29T07:29:07.393241Z","level":"info","event":"Total filtered nodes: 2","logger":"cosmos.dbt.graph","filename":"graph.py","lineno":712}
{"timestamp":"2026-06-29T07:29:07.393275Z","level":"info","event":"Cosmos performance (get_cheapshark_deals__dbt_transform) -  [0603b9c2bb92|801]: It took 0.00863s to parse the dbt project for DAG using LoadMode.DBT_LS_CACHE","logger":"cosmos.converter","filename":"converter.py","lineno":340}
{"timestamp":"2026-06-29T07:29:07.393494Z","level":"info","event":"Project /tmp/airflow/dag_bundles/my-git-repo/tracking_repo/dbt_project does not have {'dependencies.yml', 'packages.yml'}","logger":"cosmos.dbt.project","filename":"project.py","lineno":40}
{"timestamp":"2026-06-29T07:29:07.393909Z","level":"info","event":"Project /tmp/airflow/dag_bundles/my-git-repo/tracking_repo/dbt_project does not have {'dependencies.yml', 'packages.yml'}","logger":"cosmos.dbt.project","filename":"project.py","lineno":40}
{"timestamp":"2026-06-29T07:29:07.394151Z","level":"info","event":"Cosmos performance (get_cheapshark_deals__dbt_transform) - [0603b9c2bb92|801]: It took 0.000876s to build the Airflow DAG.","logger":"cosmos.converter","filename":"converter.py","lineno":387}
{"timestamp":"2026-06-29T07:29:07.394180Z","level":"info","event":"::endgroup::Cosmos DAG parsing logs","logger":"cosmos.converter","filename":"converter.py","lineno":390}
{"timestamp":"2026-06-29T07:29:38.149702Z","level":"info","event":"Filling up the DagBag from /tmp/airflow/dag_bundles/my-git-repo/tracking_repo/airflow-dags/cheapshark/DAG_cheapshark.py","logger":"airflow.models.dagbag.DagBag","filename":"dagbag.py","lineno":593}
{"timestamp":"2026-06-29T07:29:38.551800Z","level":"info","event":"::group::Cosmos DAG parsing logs","logger":"cosmos.converter","filename":"converter.py","lineno":293}
{"timestamp":"2026-06-29T07:29:38.552126Z","level":"info","event":"Trying to parse the dbt project using dbt ls cache cosmos_cache__get_cheapshark_deals__dbt_transform...","logger":"cosmos.dbt.graph","filename":"graph.py","lineno":781}
{"timestamp":"2026-06-29T07:29:38.561210Z","level":"info","event":"Cosmos performance: time to calculate cache identifier cosmos_cache__get_cheapshark_deals__dbt_transform for current version: 0.00040366699977312237","logger":"cosmos.cache","filename":"cache.py","lineno":333}
{"timestamp":"2026-06-29T07:29:38.561281Z","level":"info","event":"Cosmos performance [0603b9c2bb92|829]: The cache size for cosmos_cache__get_cheapshark_deals__dbt_transform is 1726","logger":"cosmos.dbt.graph","filename":"graph.py","lineno":798}
{"timestamp":"2026-06-29T07:29:38.561392Z","level":"info","event":"Cosmos performance: Cache hit for cosmos_cache__get_cheapshark_deals__dbt_transform - 5d5dc19a4d21d68d9e2dd97b4b147311,35c51d063f0c828f4111bbac634f6471","logger":"cosmos.dbt.graph","filename":"graph.py","lineno":806}
{"timestamp":"2026-06-29T07:29:38.561741Z","level":"info","event":"Total nodes: 2","logger":"cosmos.dbt.graph","filename":"graph.py","lineno":711}
{"timestamp":"2026-06-29T07:29:38.561788Z","level":"info","event":"Total filtered nodes: 2","logger":"cosmos.dbt.graph","filename":"graph.py","lineno":712}
{"timestamp":"2026-06-29T07:29:38.561828Z","level":"info","event":"Cosmos performance (get_cheapshark_deals__dbt_transform) -  [0603b9c2bb92|829]: It took 0.00972s to parse the dbt project for DAG using LoadMode.DBT_LS_CACHE","logger":"cosmos.converter","filename":"converter.py","lineno":340}
{"timestamp":"2026-06-29T07:29:38.562056Z","level":"info","event":"Project /tmp/airflow/dag_bundles/my-git-repo/tracking_repo/dbt_project does not have {'dependencies.yml', 'packages.yml'}","logger":"cosmos.dbt.project","filename":"project.py","lineno":40}
{"timestamp":"2026-06-29T07:29:38.562499Z","level":"info","event":"Project /tmp/airflow/dag_bundles/my-git-repo/tracking_repo/dbt_project does not have {'dependencies.yml', 'packages.yml'}","logger":"cosmos.dbt.project","filename":"project.py","lineno":40}
{"timestamp":"2026-06-29T07:29:38.562790Z","level":"info","event":"Cosmos performance (get_cheapshark_deals__dbt_transform) - [0603b9c2bb92|829]: It took 0.000963s to build the Airflow DAG.","logger":"cosmos.converter","filename":"converter.py","lineno":387}
{"timestamp":"2026-06-29T07:29:38.562822Z","level":"info","event":"::endgroup::Cosmos DAG parsing logs","logger":"cosmos.converter","filename":"converter.py","lineno":390}
{"timestamp":"2026-06-29T07:30:08.995288Z","level":"info","event":"Filling up the DagBag from /tmp/airflow/dag_bundles/my-git-repo/tracking_repo/airflow-dags/cheapshark/DAG_cheapshark.py","logger":"airflow.models.dagbag.DagBag","filename":"dagbag.py","lineno":593}
{"timestamp":"2026-06-29T07:30:09.387627Z","level":"info","event":"::group::Cosmos DAG parsing logs","logger":"cosmos.converter","filename":"converter.py","lineno":293}
{"timestamp":"2026-06-29T07:30:09.388079Z","level":"info","event":"Trying to parse the dbt project using dbt ls cache cosmos_cache__get_cheapshark_deals__dbt_transform...","logger":"cosmos.dbt.graph","filename":"graph.py","lineno":781}
{"timestamp":"2026-06-29T07:30:09.398751Z","level":"info","event":"Cosmos performance: time to calculate cache identifier cosmos_cache__get_cheapshark_deals__dbt_transform for current version: 0.00041854200389934704","logger":"cosmos.cache","filename":"cache.py","lineno":333}
{"timestamp":"2026-06-29T07:30:09.398823Z","level":"info","event":"Cosmos performance [0603b9c2bb92|872]: The cache size for cosmos_cache__get_cheapshark_deals__dbt_transform is 1726","logger":"cosmos.dbt.graph","filename":"graph.py","lineno":798}
{"timestamp":"2026-06-29T07:30:09.398930Z","level":"info","event":"Cosmos performance: Cache hit for cosmos_cache__get_cheapshark_deals__dbt_transform - 5d5dc19a4d21d68d9e2dd97b4b147311,35c51d063f0c828f4111bbac634f6471","logger":"cosmos.dbt.graph","filename":"graph.py","lineno":806}
{"timestamp":"2026-06-29T07:30:09.400372Z","level":"info","event":"Total nodes: 2","logger":"cosmos.dbt.graph","filename":"graph.py","lineno":711}
{"timestamp":"2026-06-29T07:30:09.400422Z","level":"info","event":"Total filtered nodes: 2","logger":"cosmos.dbt.graph","filename":"graph.py","lineno":712}
{"timestamp":"2026-06-29T07:30:09.400465Z","level":"info","event":"Cosmos performance (get_cheapshark_deals__dbt_transform) -  [0603b9c2bb92|872]: It took 0.0124s to parse the dbt project for DAG using LoadMode.DBT_LS_CACHE","logger":"cosmos.converter","filename":"converter.py","lineno":340}
{"timestamp":"2026-06-29T07:30:09.400679Z","level":"info","event":"Project /tmp/airflow/dag_bundles/my-git-repo/tracking_repo/dbt_project does not have {'dependencies.yml', 'packages.yml'}","logger":"cosmos.dbt.project","filename":"project.py","lineno":40}
{"timestamp":"2026-06-29T07:30:09.401143Z","level":"info","event":"Project /tmp/airflow/dag_bundles/my-git-repo/tracking_repo/dbt_project does not have {'dependencies.yml', 'packages.yml'}","logger":"cosmos.dbt.project","filename":"project.py","lineno":40}
{"timestamp":"2026-06-29T07:30:09.401396Z","level":"info","event":"Cosmos performance (get_cheapshark_deals__dbt_transform) - [0603b9c2bb92|872]: It took 0.000934s to build the Airflow DAG.","logger":"cosmos.converter","filename":"converter.py","lineno":387}
{"timestamp":"2026-06-29T07:30:09.401427Z","level":"info","event":"::endgroup::Cosmos DAG parsing logs","logger":"cosmos.converter","filename":"converter.py","lineno":390}
{"timestamp":"2026-06-29T07:30:40.136956Z","level":"info","event":"Filling up the DagBag from /tmp/airflow/dag_bundles/my-git-repo/tracking_repo/airflow-dags/cheapshark/DAG_cheapshark.py","logger":"airflow.models.dagbag.DagBag","filename":"dagbag.py","lineno":593}
{"timestamp":"2026-06-29T07:30:40.580942Z","level":"info","event":"::group::Cosmos DAG parsing logs","logger":"cosmos.converter","filename":"converter.py","lineno":293}
{"timestamp":"2026-06-29T07:30:40.581251Z","level":"info","event":"Trying to parse the dbt project using dbt ls cache cosmos_cache__get_cheapshark_deals__dbt_transform...","logger":"cosmos.dbt.graph","filename":"graph.py","lineno":781}
{"timestamp":"2026-06-29T07:30:40.592072Z","level":"info","event":"Cosmos performance: time to calculate cache identifier cosmos_cache__get_cheapshark_deals__dbt_transform for current version: 0.0004415420044097118","logger":"cosmos.cache","filename":"cache.py","lineno":333}
{"timestamp":"2026-06-29T07:30:40.592140Z","level":"info","event":"Cosmos performance [0603b9c2bb92|900]: The cache size for cosmos_cache__get_cheapshark_deals__dbt_transform is 1726","logger":"cosmos.dbt.graph","filename":"graph.py","lineno":798}
{"timestamp":"2026-06-29T07:30:40.592238Z","level":"info","event":"Cosmos performance: Cache hit for cosmos_cache__get_cheapshark_deals__dbt_transform - 5d5dc19a4d21d68d9e2dd97b4b147311,35c51d063f0c828f4111bbac634f6471","logger":"cosmos.dbt.graph","filename":"graph.py","lineno":806}
{"timestamp":"2026-06-29T07:30:40.592526Z","level":"info","event":"Total nodes: 2","logger":"cosmos.dbt.graph","filename":"graph.py","lineno":711}
{"timestamp":"2026-06-29T07:30:40.592561Z","level":"info","event":"Total filtered nodes: 2","logger":"cosmos.dbt.graph","filename":"graph.py","lineno":712}
{"timestamp":"2026-06-29T07:30:40.592610Z","level":"info","event":"Cosmos performance (get_cheapshark_deals__dbt_transform) -  [0603b9c2bb92|900]: It took 0.0114s to parse the dbt project for DAG using LoadMode.DBT_LS_CACHE","logger":"cosmos.converter","filename":"converter.py","lineno":340}
{"timestamp":"2026-06-29T07:30:40.592828Z","level":"info","event":"Project /tmp/airflow/dag_bundles/my-git-repo/tracking_repo/dbt_project does not have {'dependencies.yml', 'packages.yml'}","logger":"cosmos.dbt.project","filename":"project.py","lineno":40}
{"timestamp":"2026-06-29T07:30:40.593267Z","level":"info","event":"Project /tmp/airflow/dag_bundles/my-git-repo/tracking_repo/dbt_project does not have {'dependencies.yml', 'packages.yml'}","logger":"cosmos.dbt.project","filename":"project.py","lineno":40}
{"timestamp":"2026-06-29T07:30:40.593520Z","level":"info","event":"Cosmos performance (get_cheapshark_deals__dbt_transform) - [0603b9c2bb92|900]: It took 0.000919s to build the Airflow DAG.","logger":"cosmos.converter","filename":"converter.py","lineno":387}
{"timestamp":"2026-06-29T07:30:40.593556Z","level":"info","event":"::endgroup::Cosmos DAG parsing logs","logger":"cosmos.converter","filename":"converter.py","lineno":390}
{"timestamp":"2026-06-29T07:31:11.329174Z","level":"info","event":"Filling up the DagBag from /tmp/airflow/dag_bundles/my-git-repo/tracking_repo/airflow-dags/cheapshark/DAG_cheapshark.py","logger":"airflow.models.dagbag.DagBag","filename":"dagbag.py","lineno":593}
{"timestamp":"2026-06-29T07:31:11.717463Z","level":"info","event":"::group::Cosmos DAG parsing logs","logger":"cosmos.converter","filename":"converter.py","lineno":293}
{"timestamp":"2026-06-29T07:31:11.717802Z","level":"info","event":"Trying to parse the dbt project using dbt ls cache cosmos_cache__get_cheapshark_deals__dbt_transform...","logger":"cosmos.dbt.graph","filename":"graph.py","lineno":781}
{"timestamp":"2026-06-29T07:31:11.725350Z","level":"info","event":"Cosmos performance: time to calculate cache identifier cosmos_cache__get_cheapshark_deals__dbt_transform for current version: 0.00038550000317627564","logger":"cosmos.cache","filename":"cache.py","lineno":333}
{"timestamp":"2026-06-29T07:31:11.725414Z","level":"info","event":"Cosmos performance [0603b9c2bb92|928]: The cache size for cosmos_cache__get_cheapshark_deals__dbt_transform is 1726","logger":"cosmos.dbt.graph","filename":"graph.py","lineno":798}
{"timestamp":"2026-06-29T07:31:11.725506Z","level":"info","event":"Cosmos performance: Cache hit for cosmos_cache__get_cheapshark_deals__dbt_transform - 5d5dc19a4d21d68d9e2dd97b4b147311,35c51d063f0c828f4111bbac634f6471","logger":"cosmos.dbt.graph","filename":"graph.py","lineno":806}
{"timestamp":"2026-06-29T07:31:11.725765Z","level":"info","event":"Total nodes: 2","logger":"cosmos.dbt.graph","filename":"graph.py","lineno":711}
{"timestamp":"2026-06-29T07:31:11.725798Z","level":"info","event":"Total filtered nodes: 2","logger":"cosmos.dbt.graph","filename":"graph.py","lineno":712}
{"timestamp":"2026-06-29T07:31:11.725832Z","level":"info","event":"Cosmos performance (get_cheapshark_deals__dbt_transform) -  [0603b9c2bb92|928]: It took 0.00806s to parse the dbt project for DAG using LoadMode.DBT_LS_CACHE","logger":"cosmos.converter","filename":"converter.py","lineno":340}
{"timestamp":"2026-06-29T07:31:11.726038Z","level":"info","event":"Project /tmp/airflow/dag_bundles/my-git-repo/tracking_repo/dbt_project does not have {'dependencies.yml', 'packages.yml'}","logger":"cosmos.dbt.project","filename":"project.py","lineno":40}
{"timestamp":"2026-06-29T07:31:11.726457Z","level":"info","event":"Project /tmp/airflow/dag_bundles/my-git-repo/tracking_repo/dbt_project does not have {'dependencies.yml', 'packages.yml'}","logger":"cosmos.dbt.project","filename":"project.py","lineno":40}
{"timestamp":"2026-06-29T07:31:11.726700Z","level":"info","event":"Cosmos performance (get_cheapshark_deals__dbt_transform) - [0603b9c2bb92|928]: It took 0.000864s to build the Airflow DAG.","logger":"cosmos.converter","filename":"converter.py","lineno":387}
{"timestamp":"2026-06-29T07:31:11.726739Z","level":"info","event":"::endgroup::Cosmos DAG parsing logs","logger":"cosmos.converter","filename":"converter.py","lineno":390}
{"timestamp":"2026-06-29T07:31:42.503987Z","level":"info","event":"Filling up the DagBag from /tmp/airflow/dag_bundles/my-git-repo/tracking_repo/airflow-dags/cheapshark/DAG_cheapshark.py","logger":"airflow.models.dagbag.DagBag","filename":"dagbag.py","lineno":593}
{"timestamp":"2026-06-29T07:31:42.891351Z","level":"info","event":"::group::Cosmos DAG parsing logs","logger":"cosmos.converter","filename":"converter.py","lineno":293}
{"timestamp":"2026-06-29T07:31:42.891661Z","level":"info","event":"Trying to parse the dbt project using dbt ls cache cosmos_cache__get_cheapshark_deals__dbt_transform...","logger":"cosmos.dbt.graph","filename":"graph.py","lineno":781}
{"timestamp":"2026-06-29T07:31:42.899877Z","level":"info","event":"Cosmos performance: time to calculate cache identifier cosmos_cache__get_cheapshark_deals__dbt_transform for current version: 0.0003795830052695237","logger":"cosmos.cache","filename":"cache.py","lineno":333}
{"timestamp":"2026-06-29T07:31:42.899944Z","level":"info","event":"Cosmos performance [0603b9c2bb92|956]: The cache size for cosmos_cache__get_cheapshark_deals__dbt_transform is 1726","logger":"cosmos.dbt.graph","filename":"graph.py","lineno":798}
{"timestamp":"2026-06-29T07:31:42.900044Z","level":"info","event":"Cosmos performance: Cache hit for cosmos_cache__get_cheapshark_deals__dbt_transform - 5d5dc19a4d21d68d9e2dd97b4b147311,35c51d063f0c828f4111bbac634f6471","logger":"cosmos.dbt.graph","filename":"graph.py","lineno":806}
{"timestamp":"2026-06-29T07:31:42.900222Z","level":"info","event":"Total nodes: 2","logger":"cosmos.dbt.graph","filename":"graph.py","lineno":711}
{"timestamp":"2026-06-29T07:31:42.900249Z","level":"info","event":"Total filtered nodes: 2","logger":"cosmos.dbt.graph","filename":"graph.py","lineno":712}
{"timestamp":"2026-06-29T07:31:42.900292Z","level":"info","event":"Cosmos performance (get_cheapshark_deals__dbt_transform) -  [0603b9c2bb92|956]: It took 0.00865s to parse the dbt project for DAG using LoadMode.DBT_LS_CACHE","logger":"cosmos.converter","filename":"converter.py","lineno":340}
{"timestamp":"2026-06-29T07:31:42.900519Z","level":"info","event":"Project /tmp/airflow/dag_bundles/my-git-repo/tracking_repo/dbt_project does not have {'dependencies.yml', 'packages.yml'}","logger":"cosmos.dbt.project","filename":"project.py","lineno":40}
{"timestamp":"2026-06-29T07:31:42.900938Z","level":"info","event":"Project /tmp/airflow/dag_bundles/my-git-repo/tracking_repo/dbt_project does not have {'dependencies.yml', 'packages.yml'}","logger":"cosmos.dbt.project","filename":"project.py","lineno":40}
{"timestamp":"2026-06-29T07:31:42.901159Z","level":"info","event":"Cosmos performance (get_cheapshark_deals__dbt_transform) - [0603b9c2bb92|956]: It took 0.000871s to build the Airflow DAG.","logger":"cosmos.converter","filename":"converter.py","lineno":387}
{"timestamp":"2026-06-29T07:31:42.901193Z","level":"info","event":"::endgroup::Cosmos DAG parsing logs","logger":"cosmos.converter","filename":"converter.py","lineno":390}
{"timestamp":"2026-06-29T07:32:13.218275Z","level":"info","event":"Filling up the DagBag from /tmp/airflow/dag_bundles/my-git-repo/tracking_repo/airflow-dags/cheapshark/DAG_cheapshark.py","logger":"airflow.models.dagbag.DagBag","filename":"dagbag.py","lineno":593}
{"timestamp":"2026-06-29T07:32:13.603754Z","level":"info","event":"::group::Cosmos DAG parsing logs","logger":"cosmos.converter","filename":"converter.py","lineno":293}
{"timestamp":"2026-06-29T07:32:13.604063Z","level":"info","event":"Trying to parse the dbt project using dbt ls cache cosmos_cache__get_cheapshark_deals__dbt_transform...","logger":"cosmos.dbt.graph","filename":"graph.py","lineno":781}
{"timestamp":"2026-06-29T07:32:13.611489Z","level":"info","event":"Cosmos performance: time to calculate cache identifier cosmos_cache__get_cheapshark_deals__dbt_transform for current version: 0.00038816699816379696","logger":"cosmos.cache","filename":"cache.py","lineno":333}
{"timestamp":"2026-06-29T07:32:13.611562Z","level":"info","event":"Cosmos performance [0603b9c2bb92|999]: The cache size for cosmos_cache__get_cheapshark_deals__dbt_transform is 1726","logger":"cosmos.dbt.graph","filename":"graph.py","lineno":798}
{"timestamp":"2026-06-29T07:32:13.611671Z","level":"info","event":"Cosmos performance: Cache hit for cosmos_cache__get_cheapshark_deals__dbt_transform - 5d5dc19a4d21d68d9e2dd97b4b147311,35c51d063f0c828f4111bbac634f6471","logger":"cosmos.dbt.graph","filename":"graph.py","lineno":806}
{"timestamp":"2026-06-29T07:32:13.611914Z","level":"info","event":"Total nodes: 2","logger":"cosmos.dbt.graph","filename":"graph.py","lineno":711}
{"timestamp":"2026-06-29T07:32:13.611949Z","level":"info","event":"Total filtered nodes: 2","logger":"cosmos.dbt.graph","filename":"graph.py","lineno":712}
{"timestamp":"2026-06-29T07:32:13.611993Z","level":"info","event":"Cosmos performance (get_cheapshark_deals__dbt_transform) -  [0603b9c2bb92|999]: It took 0.00794s to parse the dbt project for DAG using LoadMode.DBT_LS_CACHE","logger":"cosmos.converter","filename":"converter.py","lineno":340}
{"timestamp":"2026-06-29T07:32:13.612212Z","level":"info","event":"Project /tmp/airflow/dag_bundles/my-git-repo/tracking_repo/dbt_project does not have {'dependencies.yml', 'packages.yml'}","logger":"cosmos.dbt.project","filename":"project.py","lineno":40}
{"timestamp":"2026-06-29T07:32:13.612642Z","level":"info","event":"Project /tmp/airflow/dag_bundles/my-git-repo/tracking_repo/dbt_project does not have {'dependencies.yml', 'packages.yml'}","logger":"cosmos.dbt.project","filename":"project.py","lineno":40}
{"timestamp":"2026-06-29T07:32:13.612871Z","level":"info","event":"Cosmos performance (get_cheapshark_deals__dbt_transform) - [0603b9c2bb92|999]: It took 0.000883s to build the Airflow DAG.","logger":"cosmos.converter","filename":"converter.py","lineno":387}
{"timestamp":"2026-06-29T07:32:13.612900Z","level":"info","event":"::endgroup::Cosmos DAG parsing logs","logger":"cosmos.converter","filename":"converter.py","lineno":390}
{"timestamp":"2026-06-29T07:32:44.345371Z","level":"info","event":"Filling up the DagBag from /tmp/airflow/dag_bundles/my-git-repo/tracking_repo/airflow-dags/cheapshark/DAG_cheapshark.py","logger":"airflow.models.dagbag.DagBag","filename":"dagbag.py","lineno":593}
{"timestamp":"2026-06-29T07:32:44.741237Z","level":"info","event":"::group::Cosmos DAG parsing logs","logger":"cosmos.converter","filename":"converter.py","lineno":293}
{"timestamp":"2026-06-29T07:32:44.741500Z","level":"info","event":"Trying to parse the dbt project using dbt ls cache cosmos_cache__get_cheapshark_deals__dbt_transform...","logger":"cosmos.dbt.graph","filename":"graph.py","lineno":781}
{"timestamp":"2026-06-29T07:32:44.749606Z","level":"info","event":"Cosmos performance: time to calculate cache identifier cosmos_cache__get_cheapshark_deals__dbt_transform for current version: 0.000378167002054397","logger":"cosmos.cache","filename":"cache.py","lineno":333}
{"timestamp":"2026-06-29T07:32:44.749679Z","level":"info","event":"Cosmos performance [0603b9c2bb92|1027]: The cache size for cosmos_cache__get_cheapshark_deals__dbt_transform is 1726","logger":"cosmos.dbt.graph","filename":"graph.py","lineno":798}
{"timestamp":"2026-06-29T07:32:44.749785Z","level":"info","event":"Cosmos performance: Cache hit for cosmos_cache__get_cheapshark_deals__dbt_transform - 5d5dc19a4d21d68d9e2dd97b4b147311,35c51d063f0c828f4111bbac634f6471","logger":"cosmos.dbt.graph","filename":"graph.py","lineno":806}
{"timestamp":"2026-06-29T07:32:44.750049Z","level":"info","event":"Total nodes: 2","logger":"cosmos.dbt.graph","filename":"graph.py","lineno":711}
{"timestamp":"2026-06-29T07:32:44.750081Z","level":"info","event":"Total filtered nodes: 2","logger":"cosmos.dbt.graph","filename":"graph.py","lineno":712}
{"timestamp":"2026-06-29T07:32:44.750121Z","level":"info","event":"Cosmos performance (get_cheapshark_deals__dbt_transform) -  [0603b9c2bb92|1027]: It took 0.00863s to parse the dbt project for DAG using LoadMode.DBT_LS_CACHE","logger":"cosmos.converter","filename":"converter.py","lineno":340}
{"timestamp":"2026-06-29T07:32:44.750324Z","level":"info","event":"Project /tmp/airflow/dag_bundles/my-git-repo/tracking_repo/dbt_project does not have {'dependencies.yml', 'packages.yml'}","logger":"cosmos.dbt.project","filename":"project.py","lineno":40}
{"timestamp":"2026-06-29T07:32:44.750753Z","level":"info","event":"Project /tmp/airflow/dag_bundles/my-git-repo/tracking_repo/dbt_project does not have {'dependencies.yml', 'packages.yml'}","logger":"cosmos.dbt.project","filename":"project.py","lineno":40}
{"timestamp":"2026-06-29T07:32:44.750980Z","level":"info","event":"Cosmos performance (get_cheapshark_deals__dbt_transform) - [0603b9c2bb92|1027]: It took 0.000859s to build the Airflow DAG.","logger":"cosmos.converter","filename":"converter.py","lineno":387}
{"timestamp":"2026-06-29T07:32:44.751038Z","level":"info","event":"::endgroup::Cosmos DAG parsing logs","logger":"cosmos.converter","filename":"converter.py","lineno":390}
{"timestamp":"2026-06-29T07:33:15.488095Z","level":"info","event":"Filling up the DagBag from /tmp/airflow/dag_bundles/my-git-repo/tracking_repo/airflow-dags/cheapshark/DAG_cheapshark.py","logger":"airflow.models.dagbag.DagBag","filename":"dagbag.py","lineno":593}
{"timestamp":"2026-06-29T07:33:15.876520Z","level":"info","event":"::group::Cosmos DAG parsing logs","logger":"cosmos.converter","filename":"converter.py","lineno":293}
{"timestamp":"2026-06-29T07:33:15.876837Z","level":"info","event":"Trying to parse the dbt project using dbt ls cache cosmos_cache__get_cheapshark_deals__dbt_transform...","logger":"cosmos.dbt.graph","filename":"graph.py","lineno":781}
{"timestamp":"2026-06-29T07:33:15.884357Z","level":"info","event":"Cosmos performance: time to calculate cache identifier cosmos_cache__get_cheapshark_deals__dbt_transform for current version: 0.00037620800139848143","logger":"cosmos.cache","filename":"cache.py","lineno":333}
{"timestamp":"2026-06-29T07:33:15.884418Z","level":"info","event":"Cosmos performance [0603b9c2bb92|1055]: The cache size for cosmos_cache__get_cheapshark_deals__dbt_transform is 1726","logger":"cosmos.dbt.graph","filename":"graph.py","lineno":798}
{"timestamp":"2026-06-29T07:33:15.884525Z","level":"info","event":"Cosmos performance: Cache hit for cosmos_cache__get_cheapshark_deals__dbt_transform - 5d5dc19a4d21d68d9e2dd97b4b147311,35c51d063f0c828f4111bbac634f6471","logger":"cosmos.dbt.graph","filename":"graph.py","lineno":806}
{"timestamp":"2026-06-29T07:33:15.884782Z","level":"info","event":"Total nodes: 2","logger":"cosmos.dbt.graph","filename":"graph.py","lineno":711}
{"timestamp":"2026-06-29T07:33:15.884820Z","level":"info","event":"Total filtered nodes: 2","logger":"cosmos.dbt.graph","filename":"graph.py","lineno":712}
{"timestamp":"2026-06-29T07:33:15.884862Z","level":"info","event":"Cosmos performance (get_cheapshark_deals__dbt_transform) -  [0603b9c2bb92|1055]: It took 0.00805s to parse the dbt project for DAG using LoadMode.DBT_LS_CACHE","logger":"cosmos.converter","filename":"converter.py","lineno":340}
{"timestamp":"2026-06-29T07:33:15.885069Z","level":"info","event":"Project /tmp/airflow/dag_bundles/my-git-repo/tracking_repo/dbt_project does not have {'dependencies.yml', 'packages.yml'}","logger":"cosmos.dbt.project","filename":"project.py","lineno":40}
{"timestamp":"2026-06-29T07:33:15.885497Z","level":"info","event":"Project /tmp/airflow/dag_bundles/my-git-repo/tracking_repo/dbt_project does not have {'dependencies.yml', 'packages.yml'}","logger":"cosmos.dbt.project","filename":"project.py","lineno":40}
{"timestamp":"2026-06-29T07:33:15.885748Z","level":"info","event":"Cosmos performance (get_cheapshark_deals__dbt_transform) - [0603b9c2bb92|1055]: It took 0.00088s to build the Airflow DAG.","logger":"cosmos.converter","filename":"converter.py","lineno":387}
{"timestamp":"2026-06-29T07:33:15.885783Z","level":"info","event":"::endgroup::Cosmos DAG parsing logs","logger":"cosmos.converter","filename":"converter.py","lineno":390}
{"timestamp":"2026-06-29T07:33:46.686284Z","level":"info","event":"Filling up the DagBag from /tmp/airflow/dag_bundles/my-git-repo/tracking_repo/airflow-dags/cheapshark/DAG_cheapshark.py","logger":"airflow.models.dagbag.DagBag","filename":"dagbag.py","lineno":593}
{"timestamp":"2026-06-29T07:33:47.067423Z","level":"info","event":"::group::Cosmos DAG parsing logs","logger":"cosmos.converter","filename":"converter.py","lineno":293}
{"timestamp":"2026-06-29T07:33:47.067730Z","level":"info","event":"Trying to parse the dbt project using dbt ls cache cosmos_cache__get_cheapshark_deals__dbt_transform...","logger":"cosmos.dbt.graph","filename":"graph.py","lineno":781}
{"timestamp":"2026-06-29T07:33:47.075459Z","level":"info","event":"Cosmos performance: time to calculate cache identifier cosmos_cache__get_cheapshark_deals__dbt_transform for current version: 0.00039570800436194986","logger":"cosmos.cache","filename":"cache.py","lineno":333}
{"timestamp":"2026-06-29T07:33:47.075517Z","level":"info","event":"Cosmos performance [0603b9c2bb92|1083]: The cache size for cosmos_cache__get_cheapshark_deals__dbt_transform is 1726","logger":"cosmos.dbt.graph","filename":"graph.py","lineno":798}
{"timestamp":"2026-06-29T07:33:47.075615Z","level":"info","event":"Cosmos performance: Cache hit for cosmos_cache__get_cheapshark_deals__dbt_transform - 5d5dc19a4d21d68d9e2dd97b4b147311,35c51d063f0c828f4111bbac634f6471","logger":"cosmos.dbt.graph","filename":"graph.py","lineno":806}
{"timestamp":"2026-06-29T07:33:47.075856Z","level":"info","event":"Total nodes: 2","logger":"cosmos.dbt.graph","filename":"graph.py","lineno":711}
{"timestamp":"2026-06-29T07:33:47.075895Z","level":"info","event":"Total filtered nodes: 2","logger":"cosmos.dbt.graph","filename":"graph.py","lineno":712}
{"timestamp":"2026-06-29T07:33:47.075938Z","level":"info","event":"Cosmos performance (get_cheapshark_deals__dbt_transform) -  [0603b9c2bb92|1083]: It took 0.00823s to parse the dbt project for DAG using LoadMode.DBT_LS_CACHE","logger":"cosmos.converter","filename":"converter.py","lineno":340}
{"timestamp":"2026-06-29T07:33:47.076165Z","level":"info","event":"Project /tmp/airflow/dag_bundles/my-git-repo/tracking_repo/dbt_project does not have {'dependencies.yml', 'packages.yml'}","logger":"cosmos.dbt.project","filename":"project.py","lineno":40}
{"timestamp":"2026-06-29T07:33:47.076565Z","level":"info","event":"Project /tmp/airflow/dag_bundles/my-git-repo/tracking_repo/dbt_project does not have {'dependencies.yml', 'packages.yml'}","logger":"cosmos.dbt.project","filename":"project.py","lineno":40}
{"timestamp":"2026-06-29T07:33:47.076790Z","level":"info","event":"Cosmos performance (get_cheapshark_deals__dbt_transform) - [0603b9c2bb92|1083]: It took 0.000854s to build the Airflow DAG.","logger":"cosmos.converter","filename":"converter.py","lineno":387}
{"timestamp":"2026-06-29T07:33:47.076830Z","level":"info","event":"::endgroup::Cosmos DAG parsing logs","logger":"cosmos.converter","filename":"converter.py","lineno":390}
{"timestamp":"2026-06-29T07:34:17.498668Z","level":"info","event":"Filling up the DagBag from /tmp/airflow/dag_bundles/my-git-repo/tracking_repo/airflow-dags/cheapshark/DAG_cheapshark.py","logger":"airflow.models.dagbag.DagBag","filename":"dagbag.py","lineno":593}
{"timestamp":"2026-06-29T07:34:17.884486Z","level":"info","event":"::group::Cosmos DAG parsing logs","logger":"cosmos.converter","filename":"converter.py","lineno":293}
{"timestamp":"2026-06-29T07:34:17.884771Z","level":"info","event":"Trying to parse the dbt project using dbt ls cache cosmos_cache__get_cheapshark_deals__dbt_transform...","logger":"cosmos.dbt.graph","filename":"graph.py","lineno":781}
{"timestamp":"2026-06-29T07:34:17.894702Z","level":"info","event":"Cosmos performance: time to calculate cache identifier cosmos_cache__get_cheapshark_deals__dbt_transform for current version: 0.000400249999074731","logger":"cosmos.cache","filename":"cache.py","lineno":333}
{"timestamp":"2026-06-29T07:34:17.894779Z","level":"info","event":"Cosmos performance [0603b9c2bb92|1126]: The cache size for cosmos_cache__get_cheapshark_deals__dbt_transform is 1726","logger":"cosmos.dbt.graph","filename":"graph.py","lineno":798}
{"timestamp":"2026-06-29T07:34:17.894878Z","level":"info","event":"Cosmos performance: Cache hit for cosmos_cache__get_cheapshark_deals__dbt_transform - 5d5dc19a4d21d68d9e2dd97b4b147311,35c51d063f0c828f4111bbac634f6471","logger":"cosmos.dbt.graph","filename":"graph.py","lineno":806}
{"timestamp":"2026-06-29T07:34:17.895115Z","level":"info","event":"Total nodes: 2","logger":"cosmos.dbt.graph","filename":"graph.py","lineno":711}
{"timestamp":"2026-06-29T07:34:17.895147Z","level":"info","event":"Total filtered nodes: 2","logger":"cosmos.dbt.graph","filename":"graph.py","lineno":712}
{"timestamp":"2026-06-29T07:34:17.895182Z","level":"info","event":"Cosmos performance (get_cheapshark_deals__dbt_transform) -  [0603b9c2bb92|1126]: It took 0.0104s to parse the dbt project for DAG using LoadMode.DBT_LS_CACHE","logger":"cosmos.converter","filename":"converter.py","lineno":340}
{"timestamp":"2026-06-29T07:34:17.895399Z","level":"info","event":"Project /tmp/airflow/dag_bundles/my-git-repo/tracking_repo/dbt_project does not have {'dependencies.yml', 'packages.yml'}","logger":"cosmos.dbt.project","filename":"project.py","lineno":40}
{"timestamp":"2026-06-29T07:34:17.895847Z","level":"info","event":"Project /tmp/airflow/dag_bundles/my-git-repo/tracking_repo/dbt_project does not have {'dependencies.yml', 'packages.yml'}","logger":"cosmos.dbt.project","filename":"project.py","lineno":40}
{"timestamp":"2026-06-29T07:34:17.896105Z","level":"info","event":"Cosmos performance (get_cheapshark_deals__dbt_transform) - [0603b9c2bb92|1126]: It took 0.000921s to build the Airflow DAG.","logger":"cosmos.converter","filename":"converter.py","lineno":387}
{"timestamp":"2026-06-29T07:34:17.896142Z","level":"info","event":"::endgroup::Cosmos DAG parsing logs","logger":"cosmos.converter","filename":"converter.py","lineno":390}
{"timestamp":"2026-06-29T07:34:48.629486Z","level":"info","event":"Filling up the DagBag from /tmp/airflow/dag_bundles/my-git-repo/tracking_repo/airflow-dags/cheapshark/DAG_cheapshark.py","logger":"airflow.models.dagbag.DagBag","filename":"dagbag.py","lineno":593}
{"timestamp":"2026-06-29T07:34:49.062202Z","level":"info","event":"::group::Cosmos DAG parsing logs","logger":"cosmos.converter","filename":"converter.py","lineno":293}
{"timestamp":"2026-06-29T07:34:49.062513Z","level":"info","event":"Trying to parse the dbt project using dbt ls cache cosmos_cache__get_cheapshark_deals__dbt_transform...","logger":"cosmos.dbt.graph","filename":"graph.py","lineno":781}
{"timestamp":"2026-06-29T07:34:49.071412Z","level":"info","event":"Cosmos performance: time to calculate cache identifier cosmos_cache__get_cheapshark_deals__dbt_transform for current version: 0.0003920839953934774","logger":"cosmos.cache","filename":"cache.py","lineno":333}
{"timestamp":"2026-06-29T07:34:49.071476Z","level":"info","event":"Cosmos performance [0603b9c2bb92|1154]: The cache size for cosmos_cache__get_cheapshark_deals__dbt_transform is 1726","logger":"cosmos.dbt.graph","filename":"graph.py","lineno":798}
{"timestamp":"2026-06-29T07:34:49.071590Z","level":"info","event":"Cosmos performance: Cache hit for cosmos_cache__get_cheapshark_deals__dbt_transform - 5d5dc19a4d21d68d9e2dd97b4b147311,35c51d063f0c828f4111bbac634f6471","logger":"cosmos.dbt.graph","filename":"graph.py","lineno":806}
{"timestamp":"2026-06-29T07:34:49.071858Z","level":"info","event":"Total nodes: 2","logger":"cosmos.dbt.graph","filename":"graph.py","lineno":711}
{"timestamp":"2026-06-29T07:34:49.071913Z","level":"info","event":"Total filtered nodes: 2","logger":"cosmos.dbt.graph","filename":"graph.py","lineno":712}
{"timestamp":"2026-06-29T07:34:49.071959Z","level":"info","event":"Cosmos performance (get_cheapshark_deals__dbt_transform) -  [0603b9c2bb92|1154]: It took 0.00946s to parse the dbt project for DAG using LoadMode.DBT_LS_CACHE","logger":"cosmos.converter","filename":"converter.py","lineno":340}
{"timestamp":"2026-06-29T07:34:49.072190Z","level":"info","event":"Project /tmp/airflow/dag_bundles/my-git-repo/tracking_repo/dbt_project does not have {'dependencies.yml', 'packages.yml'}","logger":"cosmos.dbt.project","filename":"project.py","lineno":40}
{"timestamp":"2026-06-29T07:34:49.072644Z","level":"info","event":"Project /tmp/airflow/dag_bundles/my-git-repo/tracking_repo/dbt_project does not have {'dependencies.yml', 'packages.yml'}","logger":"cosmos.dbt.project","filename":"project.py","lineno":40}
{"timestamp":"2026-06-29T07:34:49.072918Z","level":"info","event":"Cosmos performance (get_cheapshark_deals__dbt_transform) - [0603b9c2bb92|1154]: It took 0.000958s to build the Airflow DAG.","logger":"cosmos.converter","filename":"converter.py","lineno":387}
{"timestamp":"2026-06-29T07:34:49.072960Z","level":"info","event":"::endgroup::Cosmos DAG parsing logs","logger":"cosmos.converter","filename":"converter.py","lineno":390}
{"timestamp":"2026-06-29T07:35:19.877779Z","level":"info","event":"Filling up the DagBag from /tmp/airflow/dag_bundles/my-git-repo/tracking_repo/airflow-dags/cheapshark/DAG_cheapshark.py","logger":"airflow.models.dagbag.DagBag","filename":"dagbag.py","lineno":593}
{"timestamp":"2026-06-29T07:35:20.277851Z","level":"info","event":"::group::Cosmos DAG parsing logs","logger":"cosmos.converter","filename":"converter.py","lineno":293}
{"timestamp":"2026-06-29T07:35:20.278208Z","level":"info","event":"Trying to parse the dbt project using dbt ls cache cosmos_cache__get_cheapshark_deals__dbt_transform...","logger":"cosmos.dbt.graph","filename":"graph.py","lineno":781}
{"timestamp":"2026-06-29T07:35:20.286398Z","level":"info","event":"Cosmos performance: time to calculate cache identifier cosmos_cache__get_cheapshark_deals__dbt_transform for current version: 0.0004245000018272549","logger":"cosmos.cache","filename":"cache.py","lineno":333}
{"timestamp":"2026-06-29T07:35:20.286466Z","level":"info","event":"Cosmos performance [0603b9c2bb92|1182]: The cache size for cosmos_cache__get_cheapshark_deals__dbt_transform is 1726","logger":"cosmos.dbt.graph","filename":"graph.py","lineno":798}
{"timestamp":"2026-06-29T07:35:20.286564Z","level":"info","event":"Cosmos performance: Cache hit for cosmos_cache__get_cheapshark_deals__dbt_transform - 5d5dc19a4d21d68d9e2dd97b4b147311,35c51d063f0c828f4111bbac634f6471","logger":"cosmos.dbt.graph","filename":"graph.py","lineno":806}
{"timestamp":"2026-06-29T07:35:20.286763Z","level":"info","event":"Total nodes: 2","logger":"cosmos.dbt.graph","filename":"graph.py","lineno":711}
{"timestamp":"2026-06-29T07:35:20.286801Z","level":"info","event":"Total filtered nodes: 2","logger":"cosmos.dbt.graph","filename":"graph.py","lineno":712}
{"timestamp":"2026-06-29T07:35:20.286845Z","level":"info","event":"Cosmos performance (get_cheapshark_deals__dbt_transform) -  [0603b9c2bb92|1182]: It took 0.00867s to parse the dbt project for DAG using LoadMode.DBT_LS_CACHE","logger":"cosmos.converter","filename":"converter.py","lineno":340}
{"timestamp":"2026-06-29T07:35:20.287074Z","level":"info","event":"Project /tmp/airflow/dag_bundles/my-git-repo/tracking_repo/dbt_project does not have {'dependencies.yml', 'packages.yml'}","logger":"cosmos.dbt.project","filename":"project.py","lineno":40}
{"timestamp":"2026-06-29T07:35:20.287535Z","level":"info","event":"Project /tmp/airflow/dag_bundles/my-git-repo/tracking_repo/dbt_project does not have {'dependencies.yml', 'packages.yml'}","logger":"cosmos.dbt.project","filename":"project.py","lineno":40}
{"timestamp":"2026-06-29T07:35:20.287836Z","level":"info","event":"Cosmos performance (get_cheapshark_deals__dbt_transform) - [0603b9c2bb92|1182]: It took 0.00099s to build the Airflow DAG.","logger":"cosmos.converter","filename":"converter.py","lineno":387}
{"timestamp":"2026-06-29T07:35:20.287872Z","level":"info","event":"::endgroup::Cosmos DAG parsing logs","logger":"cosmos.converter","filename":"converter.py","lineno":390}
{"timestamp":"2026-06-29T07:35:51.059303Z","level":"info","event":"Filling up the DagBag from /tmp/airflow/dag_bundles/my-git-repo/tracking_repo/airflow-dags/cheapshark/DAG_cheapshark.py","logger":"airflow.models.dagbag.DagBag","filename":"dagbag.py","lineno":593}
{"timestamp":"2026-06-29T07:35:51.471738Z","level":"info","event":"::group::Cosmos DAG parsing logs","logger":"cosmos.converter","filename":"converter.py","lineno":293}
{"timestamp":"2026-06-29T07:35:51.472072Z","level":"info","event":"Trying to parse the dbt project using dbt ls cache cosmos_cache__get_cheapshark_deals__dbt_transform...","logger":"cosmos.dbt.graph","filename":"graph.py","lineno":781}
{"timestamp":"2026-06-29T07:35:51.480216Z","level":"info","event":"Cosmos performance: time to calculate cache identifier cosmos_cache__get_cheapshark_deals__dbt_transform for current version: 0.00038612499338341877","logger":"cosmos.cache","filename":"cache.py","lineno":333}
{"timestamp":"2026-06-29T07:35:51.480285Z","level":"info","event":"Cosmos performance [0603b9c2bb92|1210]: The cache size for cosmos_cache__get_cheapshark_deals__dbt_transform is 1726","logger":"cosmos.dbt.graph","filename":"graph.py","lineno":798}
{"timestamp":"2026-06-29T07:35:51.480386Z","level":"info","event":"Cosmos performance: Cache hit for cosmos_cache__get_cheapshark_deals__dbt_transform - 5d5dc19a4d21d68d9e2dd97b4b147311,35c51d063f0c828f4111bbac634f6471","logger":"cosmos.dbt.graph","filename":"graph.py","lineno":806}
{"timestamp":"2026-06-29T07:35:51.480622Z","level":"info","event":"Total nodes: 2","logger":"cosmos.dbt.graph","filename":"graph.py","lineno":711}
{"timestamp":"2026-06-29T07:35:51.480661Z","level":"info","event":"Total filtered nodes: 2","logger":"cosmos.dbt.graph","filename":"graph.py","lineno":712}
{"timestamp":"2026-06-29T07:35:51.480701Z","level":"info","event":"Cosmos performance (get_cheapshark_deals__dbt_transform) -  [0603b9c2bb92|1210]: It took 0.00865s to parse the dbt project for DAG using LoadMode.DBT_LS_CACHE","logger":"cosmos.converter","filename":"converter.py","lineno":340}
{"timestamp":"2026-06-29T07:35:51.480918Z","level":"info","event":"Project /tmp/airflow/dag_bundles/my-git-repo/tracking_repo/dbt_project does not have {'dependencies.yml', 'packages.yml'}","logger":"cosmos.dbt.project","filename":"project.py","lineno":40}
{"timestamp":"2026-06-29T07:35:51.481326Z","level":"info","event":"Project /tmp/airflow/dag_bundles/my-git-repo/tracking_repo/dbt_project does not have {'dependencies.yml', 'packages.yml'}","logger":"cosmos.dbt.project","filename":"project.py","lineno":40}
{"timestamp":"2026-06-29T07:35:51.481568Z","level":"info","event":"Cosmos performance (get_cheapshark_deals__dbt_transform) - [0603b9c2bb92|1210]: It took 0.00087s to build the Airflow DAG.","logger":"cosmos.converter","filename":"converter.py","lineno":387}
{"timestamp":"2026-06-29T07:35:51.481606Z","level":"info","event":"::endgroup::Cosmos DAG parsing logs","logger":"cosmos.converter","filename":"converter.py","lineno":390}
{"timestamp":"2026-06-29T07:36:21.877565Z","level":"info","event":"Filling up the DagBag from /tmp/airflow/dag_bundles/my-git-repo/tracking_repo/airflow-dags/cheapshark/DAG_cheapshark.py","logger":"airflow.models.dagbag.DagBag","filename":"dagbag.py","lineno":593}
{"timestamp":"2026-06-29T07:36:22.276276Z","level":"info","event":"::group::Cosmos DAG parsing logs","logger":"cosmos.converter","filename":"converter.py","lineno":293}
{"timestamp":"2026-06-29T07:36:22.276589Z","level":"info","event":"Trying to parse the dbt project using dbt ls cache cosmos_cache__get_cheapshark_deals__dbt_transform...","logger":"cosmos.dbt.graph","filename":"graph.py","lineno":781}
{"timestamp":"2026-06-29T07:36:22.283939Z","level":"info","event":"Cosmos performance: time to calculate cache identifier cosmos_cache__get_cheapshark_deals__dbt_transform for current version: 0.0003522500046528876","logger":"cosmos.cache","filename":"cache.py","lineno":333}
{"timestamp":"2026-06-29T07:36:22.284002Z","level":"info","event":"Cosmos performance [0603b9c2bb92|1253]: The cache size for cosmos_cache__get_cheapshark_deals__dbt_transform is 1726","logger":"cosmos.dbt.graph","filename":"graph.py","lineno":798}
{"timestamp":"2026-06-29T07:36:22.284100Z","level":"info","event":"Cosmos performance: Cache hit for cosmos_cache__get_cheapshark_deals__dbt_transform - 5d5dc19a4d21d68d9e2dd97b4b147311,35c51d063f0c828f4111bbac634f6471","logger":"cosmos.dbt.graph","filename":"graph.py","lineno":806}
{"timestamp":"2026-06-29T07:36:22.285298Z","level":"info","event":"Total nodes: 2","logger":"cosmos.dbt.graph","filename":"graph.py","lineno":711}
{"timestamp":"2026-06-29T07:36:22.285339Z","level":"info","event":"Total filtered nodes: 2","logger":"cosmos.dbt.graph","filename":"graph.py","lineno":712}
{"timestamp":"2026-06-29T07:36:22.285378Z","level":"info","event":"Cosmos performance (get_cheapshark_deals__dbt_transform) -  [0603b9c2bb92|1253]: It took 0.00882s to parse the dbt project for DAG using LoadMode.DBT_LS_CACHE","logger":"cosmos.converter","filename":"converter.py","lineno":340}
{"timestamp":"2026-06-29T07:36:22.285575Z","level":"info","event":"Project /tmp/airflow/dag_bundles/my-git-repo/tracking_repo/dbt_project does not have {'dependencies.yml', 'packages.yml'}","logger":"cosmos.dbt.project","filename":"project.py","lineno":40}
{"timestamp":"2026-06-29T07:36:22.285955Z","level":"info","event":"Project /tmp/airflow/dag_bundles/my-git-repo/tracking_repo/dbt_project does not have {'dependencies.yml', 'packages.yml'}","logger":"cosmos.dbt.project","filename":"project.py","lineno":40}
{"timestamp":"2026-06-29T07:36:22.286184Z","level":"info","event":"Cosmos performance (get_cheapshark_deals__dbt_transform) - [0603b9c2bb92|1253]: It took 0.000808s to build the Airflow DAG.","logger":"cosmos.converter","filename":"converter.py","lineno":387}
{"timestamp":"2026-06-29T07:36:22.286215Z","level":"info","event":"::endgroup::Cosmos DAG parsing logs","logger":"cosmos.converter","filename":"converter.py","lineno":390}
{"timestamp":"2026-06-29T07:36:53.208275Z","level":"info","event":"Filling up the DagBag from /tmp/airflow/dag_bundles/my-git-repo/tracking_repo/airflow-dags/cheapshark/DAG_cheapshark.py","logger":"airflow.models.dagbag.DagBag","filename":"dagbag.py","lineno":593}
{"timestamp":"2026-06-29T07:36:53.614556Z","level":"info","event":"::group::Cosmos DAG parsing logs","logger":"cosmos.converter","filename":"converter.py","lineno":293}
{"timestamp":"2026-06-29T07:36:53.614896Z","level":"info","event":"Trying to parse the dbt project using dbt ls cache cosmos_cache__get_cheapshark_deals__dbt_transform...","logger":"cosmos.dbt.graph","filename":"graph.py","lineno":781}
{"timestamp":"2026-06-29T07:36:53.625863Z","level":"info","event":"Cosmos performance: time to calculate cache identifier cosmos_cache__get_cheapshark_deals__dbt_transform for current version: 0.00039033299981383607","logger":"cosmos.cache","filename":"cache.py","lineno":333}
{"timestamp":"2026-06-29T07:36:53.625933Z","level":"info","event":"Cosmos performance [0603b9c2bb92|1281]: The cache size for cosmos_cache__get_cheapshark_deals__dbt_transform is 1726","logger":"cosmos.dbt.graph","filename":"graph.py","lineno":798}
{"timestamp":"2026-06-29T07:36:53.626030Z","level":"info","event":"Cosmos performance: Cache hit for cosmos_cache__get_cheapshark_deals__dbt_transform - 5d5dc19a4d21d68d9e2dd97b4b147311,35c51d063f0c828f4111bbac634f6471","logger":"cosmos.dbt.graph","filename":"graph.py","lineno":806}
{"timestamp":"2026-06-29T07:36:53.626296Z","level":"info","event":"Total nodes: 2","logger":"cosmos.dbt.graph","filename":"graph.py","lineno":711}
{"timestamp":"2026-06-29T07:36:53.626337Z","level":"info","event":"Total filtered nodes: 2","logger":"cosmos.dbt.graph","filename":"graph.py","lineno":712}
{"timestamp":"2026-06-29T07:36:53.626374Z","level":"info","event":"Cosmos performance (get_cheapshark_deals__dbt_transform) -  [0603b9c2bb92|1281]: It took 0.0115s to parse the dbt project for DAG using LoadMode.DBT_LS_CACHE","logger":"cosmos.converter","filename":"converter.py","lineno":340}
{"timestamp":"2026-06-29T07:36:53.626590Z","level":"info","event":"Project /tmp/airflow/dag_bundles/my-git-repo/tracking_repo/dbt_project does not have {'dependencies.yml', 'packages.yml'}","logger":"cosmos.dbt.project","filename":"project.py","lineno":40}
{"timestamp":"2026-06-29T07:36:53.627022Z","level":"info","event":"Project /tmp/airflow/dag_bundles/my-git-repo/tracking_repo/dbt_project does not have {'dependencies.yml', 'packages.yml'}","logger":"cosmos.dbt.project","filename":"project.py","lineno":40}
{"timestamp":"2026-06-29T07:36:53.627253Z","level":"info","event":"Cosmos performance (get_cheapshark_deals__dbt_transform) - [0603b9c2bb92|1281]: It took 0.000878s to build the Airflow DAG.","logger":"cosmos.converter","filename":"converter.py","lineno":387}
{"timestamp":"2026-06-29T07:36:53.627291Z","level":"info","event":"::endgroup::Cosmos DAG parsing logs","logger":"cosmos.converter","filename":"converter.py","lineno":390}
{"timestamp":"2026-06-29T07:37:24.362311Z","level":"info","event":"Filling up the DagBag from /tmp/airflow/dag_bundles/my-git-repo/tracking_repo/airflow-dags/cheapshark/DAG_cheapshark.py","logger":"airflow.models.dagbag.DagBag","filename":"dagbag.py","lineno":593}
{"timestamp":"2026-06-29T07:37:24.770904Z","level":"info","event":"::group::Cosmos DAG parsing logs","logger":"cosmos.converter","filename":"converter.py","lineno":293}
{"timestamp":"2026-06-29T07:37:24.771223Z","level":"info","event":"Trying to parse the dbt project using dbt ls cache cosmos_cache__get_cheapshark_deals__dbt_transform...","logger":"cosmos.dbt.graph","filename":"graph.py","lineno":781}
{"timestamp":"2026-06-29T07:37:24.779692Z","level":"info","event":"Cosmos performance: time to calculate cache identifier cosmos_cache__get_cheapshark_deals__dbt_transform for current version: 0.000454166998679284","logger":"cosmos.cache","filename":"cache.py","lineno":333}
{"timestamp":"2026-06-29T07:37:24.779760Z","level":"info","event":"Cosmos performance [0603b9c2bb92|1309]: The cache size for cosmos_cache__get_cheapshark_deals__dbt_transform is 1726","logger":"cosmos.dbt.graph","filename":"graph.py","lineno":798}
{"timestamp":"2026-06-29T07:37:24.779874Z","level":"info","event":"Cosmos performance: Cache hit for cosmos_cache__get_cheapshark_deals__dbt_transform - 5d5dc19a4d21d68d9e2dd97b4b147311,35c51d063f0c828f4111bbac634f6471","logger":"cosmos.dbt.graph","filename":"graph.py","lineno":806}
{"timestamp":"2026-06-29T07:37:24.780141Z","level":"info","event":"Total nodes: 2","logger":"cosmos.dbt.graph","filename":"graph.py","lineno":711}
{"timestamp":"2026-06-29T07:37:24.780183Z","level":"info","event":"Total filtered nodes: 2","logger":"cosmos.dbt.graph","filename":"graph.py","lineno":712}
{"timestamp":"2026-06-29T07:37:24.780227Z","level":"info","event":"Cosmos performance (get_cheapshark_deals__dbt_transform) -  [0603b9c2bb92|1309]: It took 0.00903s to parse the dbt project for DAG using LoadMode.DBT_LS_CACHE","logger":"cosmos.converter","filename":"converter.py","lineno":340}
{"timestamp":"2026-06-29T07:37:24.780469Z","level":"info","event":"Project /tmp/airflow/dag_bundles/my-git-repo/tracking_repo/dbt_project does not have {'dependencies.yml', 'packages.yml'}","logger":"cosmos.dbt.project","filename":"project.py","lineno":40}
{"timestamp":"2026-06-29T07:37:24.780896Z","level":"info","event":"Project /tmp/airflow/dag_bundles/my-git-repo/tracking_repo/dbt_project does not have {'dependencies.yml', 'packages.yml'}","logger":"cosmos.dbt.project","filename":"project.py","lineno":40}
{"timestamp":"2026-06-29T07:37:24.781135Z","level":"info","event":"Cosmos performance (get_cheapshark_deals__dbt_transform) - [0603b9c2bb92|1309]: It took 0.000911s to build the Airflow DAG.","logger":"cosmos.converter","filename":"converter.py","lineno":387}
{"timestamp":"2026-06-29T07:37:24.781167Z","level":"info","event":"::endgroup::Cosmos DAG parsing logs","logger":"cosmos.converter","filename":"converter.py","lineno":390}
{"timestamp":"2026-06-29T07:37:55.581752Z","level":"info","event":"Filling up the DagBag from /tmp/airflow/dag_bundles/my-git-repo/tracking_repo/airflow-dags/cheapshark/DAG_cheapshark.py","logger":"airflow.models.dagbag.DagBag","filename":"dagbag.py","lineno":593}
{"timestamp":"2026-06-29T07:37:55.963328Z","level":"info","event":"::group::Cosmos DAG parsing logs","logger":"cosmos.converter","filename":"converter.py","lineno":293}
{"timestamp":"2026-06-29T07:37:55.963591Z","level":"info","event":"Trying to parse the dbt project using dbt ls cache cosmos_cache__get_cheapshark_deals__dbt_transform...","logger":"cosmos.dbt.graph","filename":"graph.py","lineno":781}
{"timestamp":"2026-06-29T07:37:55.971843Z","level":"info","event":"Cosmos performance: time to calculate cache identifier cosmos_cache__get_cheapshark_deals__dbt_transform for current version: 0.0003942499970435165","logger":"cosmos.cache","filename":"cache.py","lineno":333}
{"timestamp":"2026-06-29T07:37:55.971914Z","level":"info","event":"Cosmos performance [0603b9c2bb92|1337]: The cache size for cosmos_cache__get_cheapshark_deals__dbt_transform is 1726","logger":"cosmos.dbt.graph","filename":"graph.py","lineno":798}
{"timestamp":"2026-06-29T07:37:55.972019Z","level":"info","event":"Cosmos performance: Cache hit for cosmos_cache__get_cheapshark_deals__dbt_transform - 5d5dc19a4d21d68d9e2dd97b4b147311,35c51d063f0c828f4111bbac634f6471","logger":"cosmos.dbt.graph","filename":"graph.py","lineno":806}
{"timestamp":"2026-06-29T07:37:55.972191Z","level":"info","event":"Total nodes: 2","logger":"cosmos.dbt.graph","filename":"graph.py","lineno":711}
{"timestamp":"2026-06-29T07:37:55.972219Z","level":"info","event":"Total filtered nodes: 2","logger":"cosmos.dbt.graph","filename":"graph.py","lineno":712}
{"timestamp":"2026-06-29T07:37:55.972257Z","level":"info","event":"Cosmos performance (get_cheapshark_deals__dbt_transform) -  [0603b9c2bb92|1337]: It took 0.00868s to parse the dbt project for DAG using LoadMode.DBT_LS_CACHE","logger":"cosmos.converter","filename":"converter.py","lineno":340}
{"timestamp":"2026-06-29T07:37:55.972469Z","level":"info","event":"Project /tmp/airflow/dag_bundles/my-git-repo/tracking_repo/dbt_project does not have {'dependencies.yml', 'packages.yml'}","logger":"cosmos.dbt.project","filename":"project.py","lineno":40}
{"timestamp":"2026-06-29T07:37:55.972926Z","level":"info","event":"Project /tmp/airflow/dag_bundles/my-git-repo/tracking_repo/dbt_project does not have {'dependencies.yml', 'packages.yml'}","logger":"cosmos.dbt.project","filename":"project.py","lineno":40}
{"timestamp":"2026-06-29T07:37:55.973159Z","level":"info","event":"Cosmos performance (get_cheapshark_deals__dbt_transform) - [0603b9c2bb92|1337]: It took 0.000906s to build the Airflow DAG.","logger":"cosmos.converter","filename":"converter.py","lineno":387}
{"timestamp":"2026-06-29T07:37:55.973194Z","level":"info","event":"::endgroup::Cosmos DAG parsing logs","logger":"cosmos.converter","filename":"converter.py","lineno":390}
{"timestamp":"2026-06-29T07:38:26.456668Z","level":"info","event":"Filling up the DagBag from /tmp/airflow/dag_bundles/my-git-repo/tracking_repo/airflow-dags/cheapshark/DAG_cheapshark.py","logger":"airflow.models.dagbag.DagBag","filename":"dagbag.py","lineno":593}
{"timestamp":"2026-06-29T07:38:26.883246Z","level":"info","event":"::group::Cosmos DAG parsing logs","logger":"cosmos.converter","filename":"converter.py","lineno":293}
{"timestamp":"2026-06-29T07:38:26.883613Z","level":"info","event":"Trying to parse the dbt project using dbt ls cache cosmos_cache__get_cheapshark_deals__dbt_transform...","logger":"cosmos.dbt.graph","filename":"graph.py","lineno":781}
{"timestamp":"2026-06-29T07:38:26.891687Z","level":"info","event":"Cosmos performance: time to calculate cache identifier cosmos_cache__get_cheapshark_deals__dbt_transform for current version: 0.000455082998087164","logger":"cosmos.cache","filename":"cache.py","lineno":333}
{"timestamp":"2026-06-29T07:38:26.891744Z","level":"info","event":"Cosmos performance [0603b9c2bb92|1380]: The cache size for cosmos_cache__get_cheapshark_deals__dbt_transform is 1726","logger":"cosmos.dbt.graph","filename":"graph.py","lineno":798}
{"timestamp":"2026-06-29T07:38:26.891859Z","level":"info","event":"Cosmos performance: Cache hit for cosmos_cache__get_cheapshark_deals__dbt_transform - 5d5dc19a4d21d68d9e2dd97b4b147311,35c51d063f0c828f4111bbac634f6471","logger":"cosmos.dbt.graph","filename":"graph.py","lineno":806}
{"timestamp":"2026-06-29T07:38:26.892131Z","level":"info","event":"Total nodes: 2","logger":"cosmos.dbt.graph","filename":"graph.py","lineno":711}
{"timestamp":"2026-06-29T07:38:26.892164Z","level":"info","event":"Total filtered nodes: 2","logger":"cosmos.dbt.graph","filename":"graph.py","lineno":712}
{"timestamp":"2026-06-29T07:38:26.892207Z","level":"info","event":"Cosmos performance (get_cheapshark_deals__dbt_transform) -  [0603b9c2bb92|1380]: It took 0.00862s to parse the dbt project for DAG using LoadMode.DBT_LS_CACHE","logger":"cosmos.converter","filename":"converter.py","lineno":340}
{"timestamp":"2026-06-29T07:38:26.892440Z","level":"info","event":"Project /tmp/airflow/dag_bundles/my-git-repo/tracking_repo/dbt_project does not have {'dependencies.yml', 'packages.yml'}","logger":"cosmos.dbt.project","filename":"project.py","lineno":40}
{"timestamp":"2026-06-29T07:38:26.892875Z","level":"info","event":"Project /tmp/airflow/dag_bundles/my-git-repo/tracking_repo/dbt_project does not have {'dependencies.yml', 'packages.yml'}","logger":"cosmos.dbt.project","filename":"project.py","lineno":40}
{"timestamp":"2026-06-29T07:38:26.893122Z","level":"info","event":"Cosmos performance (get_cheapshark_deals__dbt_transform) - [0603b9c2bb92|1380]: It took 0.000917s to build the Airflow DAG.","logger":"cosmos.converter","filename":"converter.py","lineno":387}
{"timestamp":"2026-06-29T07:38:26.893154Z","level":"info","event":"::endgroup::Cosmos DAG parsing logs","logger":"cosmos.converter","filename":"converter.py","lineno":390}
{"timestamp":"2026-06-29T07:38:57.644387Z","level":"info","event":"Filling up the DagBag from /tmp/airflow/dag_bundles/my-git-repo/tracking_repo/airflow-dags/cheapshark/DAG_cheapshark.py","logger":"airflow.models.dagbag.DagBag","filename":"dagbag.py","lineno":593}
{"timestamp":"2026-06-29T07:38:58.035542Z","level":"info","event":"::group::Cosmos DAG parsing logs","logger":"cosmos.converter","filename":"converter.py","lineno":293}
{"timestamp":"2026-06-29T07:38:58.035853Z","level":"info","event":"Trying to parse the dbt project using dbt ls cache cosmos_cache__get_cheapshark_deals__dbt_transform...","logger":"cosmos.dbt.graph","filename":"graph.py","lineno":781}
{"timestamp":"2026-06-29T07:38:58.044246Z","level":"info","event":"Cosmos performance: time to calculate cache identifier cosmos_cache__get_cheapshark_deals__dbt_transform for current version: 0.0003867920022457838","logger":"cosmos.cache","filename":"cache.py","lineno":333}
{"timestamp":"2026-06-29T07:38:58.044303Z","level":"info","event":"Cosmos performance [0603b9c2bb92|1408]: The cache size for cosmos_cache__get_cheapshark_deals__dbt_transform is 1726","logger":"cosmos.dbt.graph","filename":"graph.py","lineno":798}
{"timestamp":"2026-06-29T07:38:58.044403Z","level":"info","event":"Cosmos performance: Cache hit for cosmos_cache__get_cheapshark_deals__dbt_transform - 5d5dc19a4d21d68d9e2dd97b4b147311,35c51d063f0c828f4111bbac634f6471","logger":"cosmos.dbt.graph","filename":"graph.py","lineno":806}
{"timestamp":"2026-06-29T07:38:58.044575Z","level":"info","event":"Total nodes: 2","logger":"cosmos.dbt.graph","filename":"graph.py","lineno":711}
{"timestamp":"2026-06-29T07:38:58.044603Z","level":"info","event":"Total filtered nodes: 2","logger":"cosmos.dbt.graph","filename":"graph.py","lineno":712}
{"timestamp":"2026-06-29T07:38:58.044636Z","level":"info","event":"Cosmos performance (get_cheapshark_deals__dbt_transform) -  [0603b9c2bb92|1408]: It took 0.00881s to parse the dbt project for DAG using LoadMode.DBT_LS_CACHE","logger":"cosmos.converter","filename":"converter.py","lineno":340}
{"timestamp":"2026-06-29T07:38:58.044845Z","level":"info","event":"Project /tmp/airflow/dag_bundles/my-git-repo/tracking_repo/dbt_project does not have {'dependencies.yml', 'packages.yml'}","logger":"cosmos.dbt.project","filename":"project.py","lineno":40}
{"timestamp":"2026-06-29T07:38:58.045276Z","level":"info","event":"Project /tmp/airflow/dag_bundles/my-git-repo/tracking_repo/dbt_project does not have {'dependencies.yml', 'packages.yml'}","logger":"cosmos.dbt.project","filename":"project.py","lineno":40}
{"timestamp":"2026-06-29T07:38:58.045517Z","level":"info","event":"Cosmos performance (get_cheapshark_deals__dbt_transform) - [0603b9c2bb92|1408]: It took 0.00088s to build the Airflow DAG.","logger":"cosmos.converter","filename":"converter.py","lineno":387}
{"timestamp":"2026-06-29T07:38:58.045546Z","level":"info","event":"::endgroup::Cosmos DAG parsing logs","logger":"cosmos.converter","filename":"converter.py","lineno":390}
{"timestamp":"2026-06-29T07:39:28.785401Z","level":"info","event":"Filling up the DagBag from /tmp/airflow/dag_bundles/my-git-repo/tracking_repo/airflow-dags/cheapshark/DAG_cheapshark.py","logger":"airflow.models.dagbag.DagBag","filename":"dagbag.py","lineno":593}
{"timestamp":"2026-06-29T07:39:29.180253Z","level":"info","event":"::group::Cosmos DAG parsing logs","logger":"cosmos.converter","filename":"converter.py","lineno":293}
{"timestamp":"2026-06-29T07:39:29.180607Z","level":"info","event":"Trying to parse the dbt project using dbt ls cache cosmos_cache__get_cheapshark_deals__dbt_transform...","logger":"cosmos.dbt.graph","filename":"graph.py","lineno":781}
{"timestamp":"2026-06-29T07:39:29.187983Z","level":"info","event":"Cosmos performance: time to calculate cache identifier cosmos_cache__get_cheapshark_deals__dbt_transform for current version: 0.00037008300569141284","logger":"cosmos.cache","filename":"cache.py","lineno":333}
{"timestamp":"2026-06-29T07:39:29.188040Z","level":"info","event":"Cosmos performance [0603b9c2bb92|1436]: The cache size for cosmos_cache__get_cheapshark_deals__dbt_transform is 1726","logger":"cosmos.dbt.graph","filename":"graph.py","lineno":798}
{"timestamp":"2026-06-29T07:39:29.188144Z","level":"info","event":"Cosmos performance: Cache hit for cosmos_cache__get_cheapshark_deals__dbt_transform - 5d5dc19a4d21d68d9e2dd97b4b147311,35c51d063f0c828f4111bbac634f6471","logger":"cosmos.dbt.graph","filename":"graph.py","lineno":806}
{"timestamp":"2026-06-29T07:39:29.188397Z","level":"info","event":"Total nodes: 2","logger":"cosmos.dbt.graph","filename":"graph.py","lineno":711}
{"timestamp":"2026-06-29T07:39:29.188436Z","level":"info","event":"Total filtered nodes: 2","logger":"cosmos.dbt.graph","filename":"graph.py","lineno":712}
{"timestamp":"2026-06-29T07:39:29.188478Z","level":"info","event":"Cosmos performance (get_cheapshark_deals__dbt_transform) -  [0603b9c2bb92|1436]: It took 0.00789s to parse the dbt project for DAG using LoadMode.DBT_LS_CACHE","logger":"cosmos.converter","filename":"converter.py","lineno":340}
{"timestamp":"2026-06-29T07:39:29.188695Z","level":"info","event":"Project /tmp/airflow/dag_bundles/my-git-repo/tracking_repo/dbt_project does not have {'dependencies.yml', 'packages.yml'}","logger":"cosmos.dbt.project","filename":"project.py","lineno":40}
{"timestamp":"2026-06-29T07:39:29.189099Z","level":"info","event":"Project /tmp/airflow/dag_bundles/my-git-repo/tracking_repo/dbt_project does not have {'dependencies.yml', 'packages.yml'}","logger":"cosmos.dbt.project","filename":"project.py","lineno":40}
{"timestamp":"2026-06-29T07:39:29.189341Z","level":"info","event":"Cosmos performance (get_cheapshark_deals__dbt_transform) - [0603b9c2bb92|1436]: It took 0.000866s to build the Airflow DAG.","logger":"cosmos.converter","filename":"converter.py","lineno":387}
{"timestamp":"2026-06-29T07:39:29.189378Z","level":"info","event":"::endgroup::Cosmos DAG parsing logs","logger":"cosmos.converter","filename":"converter.py","lineno":390}
{"timestamp":"2026-06-29T07:40:00.036547Z","level":"info","event":"Filling up the DagBag from /tmp/airflow/dag_bundles/my-git-repo/tracking_repo/airflow-dags/cheapshark/DAG_cheapshark.py","logger":"airflow.models.dagbag.DagBag","filename":"dagbag.py","lineno":593}
{"timestamp":"2026-06-29T07:40:00.418868Z","level":"info","event":"::group::Cosmos DAG parsing logs","logger":"cosmos.converter","filename":"converter.py","lineno":293}
{"timestamp":"2026-06-29T07:40:00.419218Z","level":"info","event":"Trying to parse the dbt project using dbt ls cache cosmos_cache__get_cheapshark_deals__dbt_transform...","logger":"cosmos.dbt.graph","filename":"graph.py","lineno":781}
{"timestamp":"2026-06-29T07:40:00.428076Z","level":"info","event":"Cosmos performance: time to calculate cache identifier cosmos_cache__get_cheapshark_deals__dbt_transform for current version: 0.0003774580036406405","logger":"cosmos.cache","filename":"cache.py","lineno":333}
{"timestamp":"2026-06-29T07:40:00.428136Z","level":"info","event":"Cosmos performance [0603b9c2bb92|1464]: The cache size for cosmos_cache__get_cheapshark_deals__dbt_transform is 1726","logger":"cosmos.dbt.graph","filename":"graph.py","lineno":798}
{"timestamp":"2026-06-29T07:40:00.428333Z","level":"info","event":"Cosmos performance: Cache hit for cosmos_cache__get_cheapshark_deals__dbt_transform - 5d5dc19a4d21d68d9e2dd97b4b147311,35c51d063f0c828f4111bbac634f6471","logger":"cosmos.dbt.graph","filename":"graph.py","lineno":806}
{"timestamp":"2026-06-29T07:40:00.429666Z","level":"info","event":"Total nodes: 2","logger":"cosmos.dbt.graph","filename":"graph.py","lineno":711}
{"timestamp":"2026-06-29T07:40:00.429712Z","level":"info","event":"Total filtered nodes: 2","logger":"cosmos.dbt.graph","filename":"graph.py","lineno":712}
{"timestamp":"2026-06-29T07:40:00.429753Z","level":"info","event":"Cosmos performance (get_cheapshark_deals__dbt_transform) -  [0603b9c2bb92|1464]: It took 0.0106s to parse the dbt project for DAG using LoadMode.DBT_LS_CACHE","logger":"cosmos.converter","filename":"converter.py","lineno":340}
{"timestamp":"2026-06-29T07:40:00.429964Z","level":"info","event":"Project /tmp/airflow/dag_bundles/my-git-repo/tracking_repo/dbt_project does not have {'dependencies.yml', 'packages.yml'}","logger":"cosmos.dbt.project","filename":"project.py","lineno":40}
{"timestamp":"2026-06-29T07:40:00.430379Z","level":"info","event":"Project /tmp/airflow/dag_bundles/my-git-repo/tracking_repo/dbt_project does not have {'dependencies.yml', 'packages.yml'}","logger":"cosmos.dbt.project","filename":"project.py","lineno":40}
{"timestamp":"2026-06-29T07:40:00.430621Z","level":"info","event":"Cosmos performance (get_cheapshark_deals__dbt_transform) - [0603b9c2bb92|1464]: It took 0.00087s to build the Airflow DAG.","logger":"cosmos.converter","filename":"converter.py","lineno":387}
{"timestamp":"2026-06-29T07:40:00.430652Z","level":"info","event":"::endgroup::Cosmos DAG parsing logs","logger":"cosmos.converter","filename":"converter.py","lineno":390}
{"timestamp":"2026-06-29T07:40:30.937592Z","level":"info","event":"Filling up the DagBag from /tmp/airflow/dag_bundles/my-git-repo/tracking_repo/airflow-dags/cheapshark/DAG_cheapshark.py","logger":"airflow.models.dagbag.DagBag","filename":"dagbag.py","lineno":593}
{"timestamp":"2026-06-29T07:40:31.435304Z","level":"info","event":"::group::Cosmos DAG parsing logs","logger":"cosmos.converter","filename":"converter.py","lineno":293}
{"timestamp":"2026-06-29T07:40:31.435666Z","level":"info","event":"Trying to parse the dbt project using dbt ls cache cosmos_cache__get_cheapshark_deals__dbt_transform...","logger":"cosmos.dbt.graph","filename":"graph.py","lineno":781}
{"timestamp":"2026-06-29T07:40:31.445006Z","level":"info","event":"Cosmos performance: time to calculate cache identifier cosmos_cache__get_cheapshark_deals__dbt_transform for current version: 0.0004148340012761764","logger":"cosmos.cache","filename":"cache.py","lineno":333}
{"timestamp":"2026-06-29T07:40:31.445076Z","level":"info","event":"Cosmos performance [0603b9c2bb92|1507]: The cache size for cosmos_cache__get_cheapshark_deals__dbt_transform is 1726","logger":"cosmos.dbt.graph","filename":"graph.py","lineno":798}
{"timestamp":"2026-06-29T07:40:31.445174Z","level":"info","event":"Cosmos performance: Cache hit for cosmos_cache__get_cheapshark_deals__dbt_transform - 5d5dc19a4d21d68d9e2dd97b4b147311,35c51d063f0c828f4111bbac634f6471","logger":"cosmos.dbt.graph","filename":"graph.py","lineno":806}
{"timestamp":"2026-06-29T07:40:31.445461Z","level":"info","event":"Total nodes: 2","logger":"cosmos.dbt.graph","filename":"graph.py","lineno":711}
{"timestamp":"2026-06-29T07:40:31.445493Z","level":"info","event":"Total filtered nodes: 2","logger":"cosmos.dbt.graph","filename":"graph.py","lineno":712}
{"timestamp":"2026-06-29T07:40:31.445536Z","level":"info","event":"Cosmos performance (get_cheapshark_deals__dbt_transform) -  [0603b9c2bb92|1507]: It took 0.0099s to parse the dbt project for DAG using LoadMode.DBT_LS_CACHE","logger":"cosmos.converter","filename":"converter.py","lineno":340}
{"timestamp":"2026-06-29T07:40:31.445758Z","level":"info","event":"Project /tmp/airflow/dag_bundles/my-git-repo/tracking_repo/dbt_project does not have {'dependencies.yml', 'packages.yml'}","logger":"cosmos.dbt.project","filename":"project.py","lineno":40}
{"timestamp":"2026-06-29T07:40:31.446236Z","level":"info","event":"Project /tmp/airflow/dag_bundles/my-git-repo/tracking_repo/dbt_project does not have {'dependencies.yml', 'packages.yml'}","logger":"cosmos.dbt.project","filename":"project.py","lineno":40}
{"timestamp":"2026-06-29T07:40:31.446512Z","level":"info","event":"Cosmos performance (get_cheapshark_deals__dbt_transform) - [0603b9c2bb92|1507]: It took 0.000977s to build the Airflow DAG.","logger":"cosmos.converter","filename":"converter.py","lineno":387}
{"timestamp":"2026-06-29T07:40:31.446541Z","level":"info","event":"::endgroup::Cosmos DAG parsing logs","logger":"cosmos.converter","filename":"converter.py","lineno":390}
{"timestamp":"2026-06-29T07:41:02.231033Z","level":"info","event":"Filling up the DagBag from /tmp/airflow/dag_bundles/my-git-repo/tracking_repo/airflow-dags/cheapshark/DAG_cheapshark.py","logger":"airflow.models.dagbag.DagBag","filename":"dagbag.py","lineno":593}
{"timestamp":"2026-06-29T07:41:02.656719Z","level":"info","event":"::group::Cosmos DAG parsing logs","logger":"cosmos.converter","filename":"converter.py","lineno":293}
{"timestamp":"2026-06-29T07:41:02.657053Z","level":"info","event":"Trying to parse the dbt project using dbt ls cache cosmos_cache__get_cheapshark_deals__dbt_transform...","logger":"cosmos.dbt.graph","filename":"graph.py","lineno":781}
{"timestamp":"2026-06-29T07:41:02.664601Z","level":"info","event":"Cosmos performance: time to calculate cache identifier cosmos_cache__get_cheapshark_deals__dbt_transform for current version: 0.0003820829952019267","logger":"cosmos.cache","filename":"cache.py","lineno":333}
{"timestamp":"2026-06-29T07:41:02.664659Z","level":"info","event":"Cosmos performance [0603b9c2bb92|1535]: The cache size for cosmos_cache__get_cheapshark_deals__dbt_transform is 1726","logger":"cosmos.dbt.graph","filename":"graph.py","lineno":798}
{"timestamp":"2026-06-29T07:41:02.664768Z","level":"info","event":"Cosmos performance: Cache hit for cosmos_cache__get_cheapshark_deals__dbt_transform - 5d5dc19a4d21d68d9e2dd97b4b147311,35c51d063f0c828f4111bbac634f6471","logger":"cosmos.dbt.graph","filename":"graph.py","lineno":806}
{"timestamp":"2026-06-29T07:41:02.664995Z","level":"info","event":"Total nodes: 2","logger":"cosmos.dbt.graph","filename":"graph.py","lineno":711}
{"timestamp":"2026-06-29T07:41:02.665028Z","level":"info","event":"Total filtered nodes: 2","logger":"cosmos.dbt.graph","filename":"graph.py","lineno":712}
{"timestamp":"2026-06-29T07:41:02.665069Z","level":"info","event":"Cosmos performance (get_cheapshark_deals__dbt_transform) -  [0603b9c2bb92|1535]: It took 0.00804s to parse the dbt project for DAG using LoadMode.DBT_LS_CACHE","logger":"cosmos.converter","filename":"converter.py","lineno":340}
{"timestamp":"2026-06-29T07:41:02.665282Z","level":"info","event":"Project /tmp/airflow/dag_bundles/my-git-repo/tracking_repo/dbt_project does not have {'dependencies.yml', 'packages.yml'}","logger":"cosmos.dbt.project","filename":"project.py","lineno":40}
{"timestamp":"2026-06-29T07:41:02.665698Z","level":"info","event":"Project /tmp/airflow/dag_bundles/my-git-repo/tracking_repo/dbt_project does not have {'dependencies.yml', 'packages.yml'}","logger":"cosmos.dbt.project","filename":"project.py","lineno":40}
{"timestamp":"2026-06-29T07:41:02.665937Z","level":"info","event":"Cosmos performance (get_cheapshark_deals__dbt_transform) - [0603b9c2bb92|1535]: It took 0.000865s to build the Airflow DAG.","logger":"cosmos.converter","filename":"converter.py","lineno":387}
{"timestamp":"2026-06-29T07:41:02.665974Z","level":"info","event":"::endgroup::Cosmos DAG parsing logs","logger":"cosmos.converter","filename":"converter.py","lineno":390}
{"timestamp":"2026-06-29T07:41:33.520382Z","level":"info","event":"Filling up the DagBag from /tmp/airflow/dag_bundles/my-git-repo/tracking_repo/airflow-dags/cheapshark/DAG_cheapshark.py","logger":"airflow.models.dagbag.DagBag","filename":"dagbag.py","lineno":593}
{"timestamp":"2026-06-29T07:41:33.970796Z","level":"info","event":"::group::Cosmos DAG parsing logs","logger":"cosmos.converter","filename":"converter.py","lineno":293}
{"timestamp":"2026-06-29T07:41:33.971252Z","level":"info","event":"Trying to parse the dbt project using dbt ls cache cosmos_cache__get_cheapshark_deals__dbt_transform...","logger":"cosmos.dbt.graph","filename":"graph.py","lineno":781}
{"timestamp":"2026-06-29T07:41:33.980696Z","level":"info","event":"Cosmos performance: time to calculate cache identifier cosmos_cache__get_cheapshark_deals__dbt_transform for current version: 0.0007226670059026219","logger":"cosmos.cache","filename":"cache.py","lineno":333}
{"timestamp":"2026-06-29T07:41:33.980754Z","level":"info","event":"Cosmos performance [0603b9c2bb92|1563]: The cache size for cosmos_cache__get_cheapshark_deals__dbt_transform is 1726","logger":"cosmos.dbt.graph","filename":"graph.py","lineno":798}
{"timestamp":"2026-06-29T07:41:33.980850Z","level":"info","event":"Cosmos performance: Cache hit for cosmos_cache__get_cheapshark_deals__dbt_transform - 5d5dc19a4d21d68d9e2dd97b4b147311,35c51d063f0c828f4111bbac634f6471","logger":"cosmos.dbt.graph","filename":"graph.py","lineno":806}
{"timestamp":"2026-06-29T07:41:33.981068Z","level":"info","event":"Total nodes: 2","logger":"cosmos.dbt.graph","filename":"graph.py","lineno":711}
{"timestamp":"2026-06-29T07:41:33.981106Z","level":"info","event":"Total filtered nodes: 2","logger":"cosmos.dbt.graph","filename":"graph.py","lineno":712}
{"timestamp":"2026-06-29T07:41:33.981144Z","level":"info","event":"Cosmos performance (get_cheapshark_deals__dbt_transform) -  [0603b9c2bb92|1563]: It took 0.00993s to parse the dbt project for DAG using LoadMode.DBT_LS_CACHE","logger":"cosmos.converter","filename":"converter.py","lineno":340}
{"timestamp":"2026-06-29T07:41:33.981366Z","level":"info","event":"Project /tmp/airflow/dag_bundles/my-git-repo/tracking_repo/dbt_project does not have {'dependencies.yml', 'packages.yml'}","logger":"cosmos.dbt.project","filename":"project.py","lineno":40}
{"timestamp":"2026-06-29T07:41:33.981805Z","level":"info","event":"Project /tmp/airflow/dag_bundles/my-git-repo/tracking_repo/dbt_project does not have {'dependencies.yml', 'packages.yml'}","logger":"cosmos.dbt.project","filename":"project.py","lineno":40}
{"timestamp":"2026-06-29T07:41:33.982047Z","level":"info","event":"Cosmos performance (get_cheapshark_deals__dbt_transform) - [0603b9c2bb92|1563]: It took 0.000901s to build the Airflow DAG.","logger":"cosmos.converter","filename":"converter.py","lineno":387}
{"timestamp":"2026-06-29T07:41:33.982076Z","level":"info","event":"::endgroup::Cosmos DAG parsing logs","logger":"cosmos.converter","filename":"converter.py","lineno":390}
{"timestamp":"2026-06-29T07:42:04.905094Z","level":"info","event":"Filling up the DagBag from /tmp/airflow/dag_bundles/my-git-repo/tracking_repo/airflow-dags/cheapshark/DAG_cheapshark.py","logger":"airflow.models.dagbag.DagBag","filename":"dagbag.py","lineno":593}
{"timestamp":"2026-06-29T07:42:05.400055Z","level":"info","event":"::group::Cosmos DAG parsing logs","logger":"cosmos.converter","filename":"converter.py","lineno":293}
{"timestamp":"2026-06-29T07:42:05.400502Z","level":"info","event":"Trying to parse the dbt project using dbt ls cache cosmos_cache__get_cheapshark_deals__dbt_transform...","logger":"cosmos.dbt.graph","filename":"graph.py","lineno":781}
{"timestamp":"2026-06-29T07:42:05.408283Z","level":"info","event":"Cosmos performance: time to calculate cache identifier cosmos_cache__get_cheapshark_deals__dbt_transform for current version: 0.00045004099956713617","logger":"cosmos.cache","filename":"cache.py","lineno":333}
{"timestamp":"2026-06-29T07:42:05.408341Z","level":"info","event":"Cosmos performance [0603b9c2bb92|1591]: The cache size for cosmos_cache__get_cheapshark_deals__dbt_transform is 1726","logger":"cosmos.dbt.graph","filename":"graph.py","lineno":798}
{"timestamp":"2026-06-29T07:42:05.408454Z","level":"info","event":"Cosmos performance: Cache hit for cosmos_cache__get_cheapshark_deals__dbt_transform - 5d5dc19a4d21d68d9e2dd97b4b147311,35c51d063f0c828f4111bbac634f6471","logger":"cosmos.dbt.graph","filename":"graph.py","lineno":806}
{"timestamp":"2026-06-29T07:42:05.408713Z","level":"info","event":"Total nodes: 2","logger":"cosmos.dbt.graph","filename":"graph.py","lineno":711}
{"timestamp":"2026-06-29T07:42:05.408755Z","level":"info","event":"Total filtered nodes: 2","logger":"cosmos.dbt.graph","filename":"graph.py","lineno":712}
{"timestamp":"2026-06-29T07:42:05.408798Z","level":"info","event":"Cosmos performance (get_cheapshark_deals__dbt_transform) -  [0603b9c2bb92|1591]: It took 0.00831s to parse the dbt project for DAG using LoadMode.DBT_LS_CACHE","logger":"cosmos.converter","filename":"converter.py","lineno":340}
{"timestamp":"2026-06-29T07:42:05.409026Z","level":"info","event":"Project /tmp/airflow/dag_bundles/my-git-repo/tracking_repo/dbt_project does not have {'dependencies.yml', 'packages.yml'}","logger":"cosmos.dbt.project","filename":"project.py","lineno":40}
{"timestamp":"2026-06-29T07:42:05.409508Z","level":"info","event":"Project /tmp/airflow/dag_bundles/my-git-repo/tracking_repo/dbt_project does not have {'dependencies.yml', 'packages.yml'}","logger":"cosmos.dbt.project","filename":"project.py","lineno":40}
{"timestamp":"2026-06-29T07:42:05.409774Z","level":"info","event":"Cosmos performance (get_cheapshark_deals__dbt_transform) - [0603b9c2bb92|1591]: It took 0.000969s to build the Airflow DAG.","logger":"cosmos.converter","filename":"converter.py","lineno":387}
{"timestamp":"2026-06-29T07:42:05.409812Z","level":"info","event":"::endgroup::Cosmos DAG parsing logs","logger":"cosmos.converter","filename":"converter.py","lineno":390}
{"timestamp":"2026-06-29T07:42:35.856900Z","level":"info","event":"Filling up the DagBag from /tmp/airflow/dag_bundles/my-git-repo/tracking_repo/airflow-dags/cheapshark/DAG_cheapshark.py","logger":"airflow.models.dagbag.DagBag","filename":"dagbag.py","lineno":593}
{"timestamp":"2026-06-29T07:42:36.277354Z","level":"info","event":"::group::Cosmos DAG parsing logs","logger":"cosmos.converter","filename":"converter.py","lineno":293}
{"timestamp":"2026-06-29T07:42:36.277692Z","level":"info","event":"Trying to parse the dbt project using dbt ls cache cosmos_cache__get_cheapshark_deals__dbt_transform...","logger":"cosmos.dbt.graph","filename":"graph.py","lineno":781}
{"timestamp":"2026-06-29T07:42:36.285796Z","level":"info","event":"Cosmos performance: time to calculate cache identifier cosmos_cache__get_cheapshark_deals__dbt_transform for current version: 0.0006312920013442636","logger":"cosmos.cache","filename":"cache.py","lineno":333}
{"timestamp":"2026-06-29T07:42:36.285851Z","level":"info","event":"Cosmos performance [0603b9c2bb92|1634]: The cache size for cosmos_cache__get_cheapshark_deals__dbt_transform is 1726","logger":"cosmos.dbt.graph","filename":"graph.py","lineno":798}
{"timestamp":"2026-06-29T07:42:36.285977Z","level":"info","event":"Cosmos performance: Cache hit for cosmos_cache__get_cheapshark_deals__dbt_transform - 5d5dc19a4d21d68d9e2dd97b4b147311,35c51d063f0c828f4111bbac634f6471","logger":"cosmos.dbt.graph","filename":"graph.py","lineno":806}
{"timestamp":"2026-06-29T07:42:36.286218Z","level":"info","event":"Total nodes: 2","logger":"cosmos.dbt.graph","filename":"graph.py","lineno":711}
{"timestamp":"2026-06-29T07:42:36.286259Z","level":"info","event":"Total filtered nodes: 2","logger":"cosmos.dbt.graph","filename":"graph.py","lineno":712}
{"timestamp":"2026-06-29T07:42:36.286299Z","level":"info","event":"Cosmos performance (get_cheapshark_deals__dbt_transform) -  [0603b9c2bb92|1634]: It took 0.00863s to parse the dbt project for DAG using LoadMode.DBT_LS_CACHE","logger":"cosmos.converter","filename":"converter.py","lineno":340}
{"timestamp":"2026-06-29T07:42:36.286505Z","level":"info","event":"Project /tmp/airflow/dag_bundles/my-git-repo/tracking_repo/dbt_project does not have {'dependencies.yml', 'packages.yml'}","logger":"cosmos.dbt.project","filename":"project.py","lineno":40}
{"timestamp":"2026-06-29T07:42:36.286938Z","level":"info","event":"Project /tmp/airflow/dag_bundles/my-git-repo/tracking_repo/dbt_project does not have {'dependencies.yml', 'packages.yml'}","logger":"cosmos.dbt.project","filename":"project.py","lineno":40}
{"timestamp":"2026-06-29T07:42:36.287179Z","level":"info","event":"Cosmos performance (get_cheapshark_deals__dbt_transform) - [0603b9c2bb92|1634]: It took 0.000874s to build the Airflow DAG.","logger":"cosmos.converter","filename":"converter.py","lineno":387}
{"timestamp":"2026-06-29T07:42:36.287208Z","level":"info","event":"::endgroup::Cosmos DAG parsing logs","logger":"cosmos.converter","filename":"converter.py","lineno":390}
{"timestamp":"2026-06-29T07:43:07.078117Z","level":"info","event":"Filling up the DagBag from /tmp/airflow/dag_bundles/my-git-repo/tracking_repo/airflow-dags/cheapshark/DAG_cheapshark.py","logger":"airflow.models.dagbag.DagBag","filename":"dagbag.py","lineno":593}
{"timestamp":"2026-06-29T07:43:07.478167Z","level":"info","event":"::group::Cosmos DAG parsing logs","logger":"cosmos.converter","filename":"converter.py","lineno":293}
{"timestamp":"2026-06-29T07:43:07.478499Z","level":"info","event":"Trying to parse the dbt project using dbt ls cache cosmos_cache__get_cheapshark_deals__dbt_transform...","logger":"cosmos.dbt.graph","filename":"graph.py","lineno":781}
{"timestamp":"2026-06-29T07:43:07.486643Z","level":"info","event":"Cosmos performance: time to calculate cache identifier cosmos_cache__get_cheapshark_deals__dbt_transform for current version: 0.00042083400330739096","logger":"cosmos.cache","filename":"cache.py","lineno":333}
{"timestamp":"2026-06-29T07:43:07.486707Z","level":"info","event":"Cosmos performance [0603b9c2bb92|1662]: The cache size for cosmos_cache__get_cheapshark_deals__dbt_transform is 1726","logger":"cosmos.dbt.graph","filename":"graph.py","lineno":798}
{"timestamp":"2026-06-29T07:43:07.486805Z","level":"info","event":"Cosmos performance: Cache hit for cosmos_cache__get_cheapshark_deals__dbt_transform - 5d5dc19a4d21d68d9e2dd97b4b147311,35c51d063f0c828f4111bbac634f6471","logger":"cosmos.dbt.graph","filename":"graph.py","lineno":806}
{"timestamp":"2026-06-29T07:43:07.487051Z","level":"info","event":"Total nodes: 2","logger":"cosmos.dbt.graph","filename":"graph.py","lineno":711}
{"timestamp":"2026-06-29T07:43:07.487105Z","level":"info","event":"Total filtered nodes: 2","logger":"cosmos.dbt.graph","filename":"graph.py","lineno":712}
{"timestamp":"2026-06-29T07:43:07.487146Z","level":"info","event":"Cosmos performance (get_cheapshark_deals__dbt_transform) -  [0603b9c2bb92|1662]: It took 0.00869s to parse the dbt project for DAG using LoadMode.DBT_LS_CACHE","logger":"cosmos.converter","filename":"converter.py","lineno":340}
{"timestamp":"2026-06-29T07:43:07.487362Z","level":"info","event":"Project /tmp/airflow/dag_bundles/my-git-repo/tracking_repo/dbt_project does not have {'dependencies.yml', 'packages.yml'}","logger":"cosmos.dbt.project","filename":"project.py","lineno":40}
{"timestamp":"2026-06-29T07:43:07.487791Z","level":"info","event":"Project /tmp/airflow/dag_bundles/my-git-repo/tracking_repo/dbt_project does not have {'dependencies.yml', 'packages.yml'}","logger":"cosmos.dbt.project","filename":"project.py","lineno":40}
{"timestamp":"2026-06-29T07:43:07.488025Z","level":"info","event":"Cosmos performance (get_cheapshark_deals__dbt_transform) - [0603b9c2bb92|1662]: It took 0.000878s to build the Airflow DAG.","logger":"cosmos.converter","filename":"converter.py","lineno":387}
{"timestamp":"2026-06-29T07:43:07.488075Z","level":"info","event":"::endgroup::Cosmos DAG parsing logs","logger":"cosmos.converter","filename":"converter.py","lineno":390}
{"timestamp":"2026-06-29T07:43:38.223797Z","level":"info","event":"Filling up the DagBag from /tmp/airflow/dag_bundles/my-git-repo/tracking_repo/airflow-dags/cheapshark/DAG_cheapshark.py","logger":"airflow.models.dagbag.DagBag","filename":"dagbag.py","lineno":593}
{"timestamp":"2026-06-29T07:43:38.628992Z","level":"info","event":"::group::Cosmos DAG parsing logs","logger":"cosmos.converter","filename":"converter.py","lineno":293}
{"timestamp":"2026-06-29T07:43:38.629349Z","level":"info","event":"Trying to parse the dbt project using dbt ls cache cosmos_cache__get_cheapshark_deals__dbt_transform...","logger":"cosmos.dbt.graph","filename":"graph.py","lineno":781}
{"timestamp":"2026-06-29T07:43:38.637240Z","level":"info","event":"Cosmos performance: time to calculate cache identifier cosmos_cache__get_cheapshark_deals__dbt_transform for current version: 0.0003851250003208406","logger":"cosmos.cache","filename":"cache.py","lineno":333}
{"timestamp":"2026-06-29T07:43:38.637305Z","level":"info","event":"Cosmos performance [0603b9c2bb92|1690]: The cache size for cosmos_cache__get_cheapshark_deals__dbt_transform is 1726","logger":"cosmos.dbt.graph","filename":"graph.py","lineno":798}
{"timestamp":"2026-06-29T07:43:38.637402Z","level":"info","event":"Cosmos performance: Cache hit for cosmos_cache__get_cheapshark_deals__dbt_transform - 5d5dc19a4d21d68d9e2dd97b4b147311,35c51d063f0c828f4111bbac634f6471","logger":"cosmos.dbt.graph","filename":"graph.py","lineno":806}
{"timestamp":"2026-06-29T07:43:38.637651Z","level":"info","event":"Total nodes: 2","logger":"cosmos.dbt.graph","filename":"graph.py","lineno":711}
{"timestamp":"2026-06-29T07:43:38.637688Z","level":"info","event":"Total filtered nodes: 2","logger":"cosmos.dbt.graph","filename":"graph.py","lineno":712}
{"timestamp":"2026-06-29T07:43:38.637730Z","level":"info","event":"Cosmos performance (get_cheapshark_deals__dbt_transform) -  [0603b9c2bb92|1690]: It took 0.00841s to parse the dbt project for DAG using LoadMode.DBT_LS_CACHE","logger":"cosmos.converter","filename":"converter.py","lineno":340}
{"timestamp":"2026-06-29T07:43:38.637964Z","level":"info","event":"Project /tmp/airflow/dag_bundles/my-git-repo/tracking_repo/dbt_project does not have {'dependencies.yml', 'packages.yml'}","logger":"cosmos.dbt.project","filename":"project.py","lineno":40}
{"timestamp":"2026-06-29T07:43:38.638386Z","level":"info","event":"Project /tmp/airflow/dag_bundles/my-git-repo/tracking_repo/dbt_project does not have {'dependencies.yml', 'packages.yml'}","logger":"cosmos.dbt.project","filename":"project.py","lineno":40}
{"timestamp":"2026-06-29T07:43:38.638629Z","level":"info","event":"Cosmos performance (get_cheapshark_deals__dbt_transform) - [0603b9c2bb92|1690]: It took 0.000897s to build the Airflow DAG.","logger":"cosmos.converter","filename":"converter.py","lineno":387}
{"timestamp":"2026-06-29T07:43:38.638667Z","level":"info","event":"::endgroup::Cosmos DAG parsing logs","logger":"cosmos.converter","filename":"converter.py","lineno":390}
{"timestamp":"2026-06-29T07:44:09.432359Z","level":"info","event":"Filling up the DagBag from /tmp/airflow/dag_bundles/my-git-repo/tracking_repo/airflow-dags/cheapshark/DAG_cheapshark.py","logger":"airflow.models.dagbag.DagBag","filename":"dagbag.py","lineno":593}
{"timestamp":"2026-06-29T07:44:09.825750Z","level":"info","event":"::group::Cosmos DAG parsing logs","logger":"cosmos.converter","filename":"converter.py","lineno":293}
{"timestamp":"2026-06-29T07:44:09.826139Z","level":"info","event":"Trying to parse the dbt project using dbt ls cache cosmos_cache__get_cheapshark_deals__dbt_transform...","logger":"cosmos.dbt.graph","filename":"graph.py","lineno":781}
{"timestamp":"2026-06-29T07:44:09.834716Z","level":"info","event":"Cosmos performance: time to calculate cache identifier cosmos_cache__get_cheapshark_deals__dbt_transform for current version: 0.0003960839967476204","logger":"cosmos.cache","filename":"cache.py","lineno":333}
{"timestamp":"2026-06-29T07:44:09.834773Z","level":"info","event":"Cosmos performance [0603b9c2bb92|1718]: The cache size for cosmos_cache__get_cheapshark_deals__dbt_transform is 1726","logger":"cosmos.dbt.graph","filename":"graph.py","lineno":798}
{"timestamp":"2026-06-29T07:44:09.834899Z","level":"info","event":"Cosmos performance: Cache hit for cosmos_cache__get_cheapshark_deals__dbt_transform - 5d5dc19a4d21d68d9e2dd97b4b147311,35c51d063f0c828f4111bbac634f6471","logger":"cosmos.dbt.graph","filename":"graph.py","lineno":806}
{"timestamp":"2026-06-29T07:44:09.835087Z","level":"info","event":"Total nodes: 2","logger":"cosmos.dbt.graph","filename":"graph.py","lineno":711}
{"timestamp":"2026-06-29T07:44:09.835117Z","level":"info","event":"Total filtered nodes: 2","logger":"cosmos.dbt.graph","filename":"graph.py","lineno":712}
{"timestamp":"2026-06-29T07:44:09.835151Z","level":"info","event":"Cosmos performance (get_cheapshark_deals__dbt_transform) -  [0603b9c2bb92|1718]: It took 0.00905s to parse the dbt project for DAG using LoadMode.DBT_LS_CACHE","logger":"cosmos.converter","filename":"converter.py","lineno":340}
{"timestamp":"2026-06-29T07:44:09.835366Z","level":"info","event":"Project /tmp/airflow/dag_bundles/my-git-repo/tracking_repo/dbt_project does not have {'dependencies.yml', 'packages.yml'}","logger":"cosmos.dbt.project","filename":"project.py","lineno":40}
{"timestamp":"2026-06-29T07:44:09.835778Z","level":"info","event":"Project /tmp/airflow/dag_bundles/my-git-repo/tracking_repo/dbt_project does not have {'dependencies.yml', 'packages.yml'}","logger":"cosmos.dbt.project","filename":"project.py","lineno":40}
{"timestamp":"2026-06-29T07:44:09.836032Z","level":"info","event":"Cosmos performance (get_cheapshark_deals__dbt_transform) - [0603b9c2bb92|1718]: It took 0.00088s to build the Airflow DAG.","logger":"cosmos.converter","filename":"converter.py","lineno":387}
{"timestamp":"2026-06-29T07:44:09.836060Z","level":"info","event":"::endgroup::Cosmos DAG parsing logs","logger":"cosmos.converter","filename":"converter.py","lineno":390}
{"timestamp":"2026-06-29T07:44:40.650173Z","level":"info","event":"Filling up the DagBag from /tmp/airflow/dag_bundles/my-git-repo/tracking_repo/airflow-dags/cheapshark/DAG_cheapshark.py","logger":"airflow.models.dagbag.DagBag","filename":"dagbag.py","lineno":593}
{"timestamp":"2026-06-29T07:44:41.071914Z","level":"info","event":"::group::Cosmos DAG parsing logs","logger":"cosmos.converter","filename":"converter.py","lineno":293}
{"timestamp":"2026-06-29T07:44:41.072510Z","level":"info","event":"Trying to parse the dbt project using dbt ls cache cosmos_cache__get_cheapshark_deals__dbt_transform...","logger":"cosmos.dbt.graph","filename":"graph.py","lineno":781}
{"timestamp":"2026-06-29T07:44:41.081803Z","level":"info","event":"Cosmos performance: time to calculate cache identifier cosmos_cache__get_cheapshark_deals__dbt_transform for current version: 0.0004289169955882244","logger":"cosmos.cache","filename":"cache.py","lineno":333}
{"timestamp":"2026-06-29T07:44:41.081862Z","level":"info","event":"Cosmos performance [0603b9c2bb92|1761]: The cache size for cosmos_cache__get_cheapshark_deals__dbt_transform is 1726","logger":"cosmos.dbt.graph","filename":"graph.py","lineno":798}
{"timestamp":"2026-06-29T07:44:41.081955Z","level":"info","event":"Cosmos performance: Cache hit for cosmos_cache__get_cheapshark_deals__dbt_transform - 5d5dc19a4d21d68d9e2dd97b4b147311,35c51d063f0c828f4111bbac634f6471","logger":"cosmos.dbt.graph","filename":"graph.py","lineno":806}
{"timestamp":"2026-06-29T07:44:41.082221Z","level":"info","event":"Total nodes: 2","logger":"cosmos.dbt.graph","filename":"graph.py","lineno":711}
{"timestamp":"2026-06-29T07:44:41.082252Z","level":"info","event":"Total filtered nodes: 2","logger":"cosmos.dbt.graph","filename":"graph.py","lineno":712}
{"timestamp":"2026-06-29T07:44:41.082292Z","level":"info","event":"Cosmos performance (get_cheapshark_deals__dbt_transform) -  [0603b9c2bb92|1761]: It took 0.00983s to parse the dbt project for DAG using LoadMode.DBT_LS_CACHE","logger":"cosmos.converter","filename":"converter.py","lineno":340}
{"timestamp":"2026-06-29T07:44:41.082507Z","level":"info","event":"Project /tmp/airflow/dag_bundles/my-git-repo/tracking_repo/dbt_project does not have {'dependencies.yml', 'packages.yml'}","logger":"cosmos.dbt.project","filename":"project.py","lineno":40}
{"timestamp":"2026-06-29T07:44:41.082949Z","level":"info","event":"Project /tmp/airflow/dag_bundles/my-git-repo/tracking_repo/dbt_project does not have {'dependencies.yml', 'packages.yml'}","logger":"cosmos.dbt.project","filename":"project.py","lineno":40}
{"timestamp":"2026-06-29T07:44:41.083191Z","level":"info","event":"Cosmos performance (get_cheapshark_deals__dbt_transform) - [0603b9c2bb92|1761]: It took 0.000894s to build the Airflow DAG.","logger":"cosmos.converter","filename":"converter.py","lineno":387}
{"timestamp":"2026-06-29T07:44:41.083231Z","level":"info","event":"::endgroup::Cosmos DAG parsing logs","logger":"cosmos.converter","filename":"converter.py","lineno":390}
