{"timestamp":"2026-06-29T00:46:08.964814Z","level":"info","event":"Filling up the DagBag from /tmp/airflow/dag_bundles/my-git-repo/tracking_repo/airflow-dags/steam/DAG_steam_api.py","logger":"airflow.models.dagbag.DagBag","filename":"dagbag.py","lineno":593}
{"timestamp":"2026-06-29T00:46:09.541569Z","level":"info","event":"Project /tmp/airflow/dag_bundles/my-git-repo/tracking_repo/dbt_project does not have {'dependencies.yml', 'packages.yml'}","logger":"cosmos.dbt.project","filename":"project.py","lineno":40}
{"timestamp":"2026-06-29T00:46:09.542383Z","level":"info","event":"::group::Cosmos DAG parsing logs","logger":"cosmos.converter","filename":"converter.py","lineno":293}
{"timestamp":"2026-06-29T00:46:09.542736Z","level":"info","event":"Trying to parse the dbt project using dbt ls cache cosmos_cache__get_games_metadata__dbt_transform...","logger":"cosmos.dbt.graph","filename":"graph.py","lineno":781}
{"timestamp":"2026-06-29T00:46:09.549845Z","level":"info","event":"Cosmos performance: time to calculate cache identifier cosmos_cache__get_games_metadata__dbt_transform for current version: 0.0003452499986451585","logger":"cosmos.cache","filename":"cache.py","lineno":333}
{"timestamp":"2026-06-29T00:46:09.549907Z","level":"info","event":"Cosmos performance [d2f09bca74c9|2099]: The cache size for cosmos_cache__get_games_metadata__dbt_transform is 5873","logger":"cosmos.dbt.graph","filename":"graph.py","lineno":798}
{"timestamp":"2026-06-29T00:46:09.550101Z","level":"info","event":"Cosmos performance: Cache hit for cosmos_cache__get_games_metadata__dbt_transform - 5d5dc19a4d21d68d9e2dd97b4b147311,84441d245827577361e239eef1354057","logger":"cosmos.dbt.graph","filename":"graph.py","lineno":806}
{"timestamp":"2026-06-29T00:46:09.550295Z","level":"info","event":"Total nodes: 6","logger":"cosmos.dbt.graph","filename":"graph.py","lineno":711}
{"timestamp":"2026-06-29T00:46:09.550328Z","level":"info","event":"Total filtered nodes: 6","logger":"cosmos.dbt.graph","filename":"graph.py","lineno":712}
{"timestamp":"2026-06-29T00:46:09.550378Z","level":"info","event":"Cosmos performance (get_games_metadata__dbt_transform) -  [d2f09bca74c9|2099]: It took 0.00767s to parse the dbt project for DAG using LoadMode.DBT_LS_CACHE","logger":"cosmos.converter","filename":"converter.py","lineno":340}
{"timestamp":"2026-06-29T00:46:09.550635Z","level":"info","event":"Project /tmp/airflow/dag_bundles/my-git-repo/tracking_repo/dbt_project does not have {'dependencies.yml', 'packages.yml'}","logger":"cosmos.dbt.project","filename":"project.py","lineno":40}
{"timestamp":"2026-06-29T00:46:09.551025Z","level":"info","event":"Project /tmp/airflow/dag_bundles/my-git-repo/tracking_repo/dbt_project does not have {'dependencies.yml', 'packages.yml'}","logger":"cosmos.dbt.project","filename":"project.py","lineno":40}
{"timestamp":"2026-06-29T00:46:09.551460Z","level":"info","event":"Project /tmp/airflow/dag_bundles/my-git-repo/tracking_repo/dbt_project does not have {'dependencies.yml', 'packages.yml'}","logger":"cosmos.dbt.project","filename":"project.py","lineno":40}
{"timestamp":"2026-06-29T00:46:09.551827Z","level":"info","event":"Project /tmp/airflow/dag_bundles/my-git-repo/tracking_repo/dbt_project does not have {'dependencies.yml', 'packages.yml'}","logger":"cosmos.dbt.project","filename":"project.py","lineno":40}
{"timestamp":"2026-06-29T00:46:09.552193Z","level":"info","event":"Project /tmp/airflow/dag_bundles/my-git-repo/tracking_repo/dbt_project does not have {'dependencies.yml', 'packages.yml'}","logger":"cosmos.dbt.project","filename":"project.py","lineno":40}
{"timestamp":"2026-06-29T00:46:09.552698Z","level":"info","event":"Project /tmp/airflow/dag_bundles/my-git-repo/tracking_repo/dbt_project does not have {'dependencies.yml', 'packages.yml'}","logger":"cosmos.dbt.project","filename":"project.py","lineno":40}
{"timestamp":"2026-06-29T00:46:09.553099Z","level":"info","event":"Project /tmp/airflow/dag_bundles/my-git-repo/tracking_repo/dbt_project does not have {'dependencies.yml', 'packages.yml'}","logger":"cosmos.dbt.project","filename":"project.py","lineno":40}
{"timestamp":"2026-06-29T00:46:09.553417Z","level":"info","event":"Cosmos performance (get_games_metadata__dbt_transform) - [d2f09bca74c9|2099]: It took 0.00304s to build the Airflow DAG.","logger":"cosmos.converter","filename":"converter.py","lineno":387}
{"timestamp":"2026-06-29T00:46:09.553457Z","level":"info","event":"::endgroup::Cosmos DAG parsing logs","logger":"cosmos.converter","filename":"converter.py","lineno":390}
{"timestamp":"2026-06-29T02:21:50.715696Z","level":"info","event":"Filling up the DagBag from /tmp/airflow/dag_bundles/my-git-repo/tracking_repo/airflow-dags/steam/DAG_steam_api.py","logger":"airflow.models.dagbag.DagBag","filename":"dagbag.py","lineno":593}
{"timestamp":"2026-06-29T02:21:51.299733Z","level":"info","event":"Project /tmp/airflow/dag_bundles/my-git-repo/tracking_repo/dbt_project does not have {'dependencies.yml', 'packages.yml'}","logger":"cosmos.dbt.project","filename":"project.py","lineno":40}
{"timestamp":"2026-06-29T02:21:51.300543Z","level":"info","event":"::group::Cosmos DAG parsing logs","logger":"cosmos.converter","filename":"converter.py","lineno":293}
{"timestamp":"2026-06-29T02:21:51.300851Z","level":"info","event":"Trying to parse the dbt project using dbt ls cache cosmos_cache__get_games_metadata__dbt_transform...","logger":"cosmos.dbt.graph","filename":"graph.py","lineno":781}
{"timestamp":"2026-06-29T02:21:51.308653Z","level":"info","event":"Cosmos performance: time to calculate cache identifier cosmos_cache__get_games_metadata__dbt_transform for current version: 0.00032337499942514114","logger":"cosmos.cache","filename":"cache.py","lineno":333}
{"timestamp":"2026-06-29T02:21:51.308707Z","level":"info","event":"Cosmos performance [d2f09bca74c9|2157]: The cache size for cosmos_cache__get_games_metadata__dbt_transform is 5873","logger":"cosmos.dbt.graph","filename":"graph.py","lineno":798}
{"timestamp":"2026-06-29T02:21:51.308856Z","level":"info","event":"Cosmos performance: Cache hit for cosmos_cache__get_games_metadata__dbt_transform - 5d5dc19a4d21d68d9e2dd97b4b147311,84441d245827577361e239eef1354057","logger":"cosmos.dbt.graph","filename":"graph.py","lineno":806}
{"timestamp":"2026-06-29T02:21:51.309049Z","level":"info","event":"Total nodes: 6","logger":"cosmos.dbt.graph","filename":"graph.py","lineno":711}
{"timestamp":"2026-06-29T02:21:51.309080Z","level":"info","event":"Total filtered nodes: 6","logger":"cosmos.dbt.graph","filename":"graph.py","lineno":712}
{"timestamp":"2026-06-29T02:21:51.309119Z","level":"info","event":"Cosmos performance (get_games_metadata__dbt_transform) -  [d2f09bca74c9|2157]: It took 0.00829s to parse the dbt project for DAG using LoadMode.DBT_LS_CACHE","logger":"cosmos.converter","filename":"converter.py","lineno":340}
{"timestamp":"2026-06-29T02:21:51.309344Z","level":"info","event":"Project /tmp/airflow/dag_bundles/my-git-repo/tracking_repo/dbt_project does not have {'dependencies.yml', 'packages.yml'}","logger":"cosmos.dbt.project","filename":"project.py","lineno":40}
{"timestamp":"2026-06-29T02:21:51.309742Z","level":"info","event":"Project /tmp/airflow/dag_bundles/my-git-repo/tracking_repo/dbt_project does not have {'dependencies.yml', 'packages.yml'}","logger":"cosmos.dbt.project","filename":"project.py","lineno":40}
{"timestamp":"2026-06-29T02:21:51.310171Z","level":"info","event":"Project /tmp/airflow/dag_bundles/my-git-repo/tracking_repo/dbt_project does not have {'dependencies.yml', 'packages.yml'}","logger":"cosmos.dbt.project","filename":"project.py","lineno":40}
{"timestamp":"2026-06-29T02:21:51.310596Z","level":"info","event":"Project /tmp/airflow/dag_bundles/my-git-repo/tracking_repo/dbt_project does not have {'dependencies.yml', 'packages.yml'}","logger":"cosmos.dbt.project","filename":"project.py","lineno":40}
{"timestamp":"2026-06-29T02:21:51.311005Z","level":"info","event":"Project /tmp/airflow/dag_bundles/my-git-repo/tracking_repo/dbt_project does not have {'dependencies.yml', 'packages.yml'}","logger":"cosmos.dbt.project","filename":"project.py","lineno":40}
{"timestamp":"2026-06-29T02:21:51.311369Z","level":"info","event":"Project /tmp/airflow/dag_bundles/my-git-repo/tracking_repo/dbt_project does not have {'dependencies.yml', 'packages.yml'}","logger":"cosmos.dbt.project","filename":"project.py","lineno":40}
{"timestamp":"2026-06-29T02:21:51.311790Z","level":"info","event":"Project /tmp/airflow/dag_bundles/my-git-repo/tracking_repo/dbt_project does not have {'dependencies.yml', 'packages.yml'}","logger":"cosmos.dbt.project","filename":"project.py","lineno":40}
{"timestamp":"2026-06-29T02:21:51.312035Z","level":"info","event":"Cosmos performance (get_games_metadata__dbt_transform) - [d2f09bca74c9|2157]: It took 0.00291s to build the Airflow DAG.","logger":"cosmos.converter","filename":"converter.py","lineno":387}
{"timestamp":"2026-06-29T02:21:51.312068Z","level":"info","event":"::endgroup::Cosmos DAG parsing logs","logger":"cosmos.converter","filename":"converter.py","lineno":390}
{"timestamp":"2026-06-29T03:41:49.554291Z","level":"info","event":"Filling up the DagBag from /tmp/airflow/dag_bundles/my-git-repo/tracking_repo/airflow-dags/steam/DAG_steam_api.py","logger":"airflow.models.dagbag.DagBag","filename":"dagbag.py","lineno":593}
{"timestamp":"2026-06-29T03:41:50.112408Z","level":"info","event":"Project /tmp/airflow/dag_bundles/my-git-repo/tracking_repo/dbt_project does not have {'dependencies.yml', 'packages.yml'}","logger":"cosmos.dbt.project","filename":"project.py","lineno":40}
{"timestamp":"2026-06-29T03:41:50.113049Z","level":"info","event":"::group::Cosmos DAG parsing logs","logger":"cosmos.converter","filename":"converter.py","lineno":293}
{"timestamp":"2026-06-29T03:41:50.113387Z","level":"info","event":"Trying to parse the dbt project using dbt ls cache cosmos_cache__get_games_metadata__dbt_transform...","logger":"cosmos.dbt.graph","filename":"graph.py","lineno":781}
{"timestamp":"2026-06-29T03:41:50.134132Z","level":"info","event":"Cosmos performance: time to calculate cache identifier cosmos_cache__get_games_metadata__dbt_transform for current version: 0.00037541600249824114","logger":"cosmos.cache","filename":"cache.py","lineno":333}
{"timestamp":"2026-06-29T03:41:50.134184Z","level":"info","event":"Cosmos performance [d2f09bca74c9|2200]: The cache size for cosmos_cache__get_games_metadata__dbt_transform is 5873","logger":"cosmos.dbt.graph","filename":"graph.py","lineno":798}
{"timestamp":"2026-06-29T03:41:50.134362Z","level":"info","event":"Cosmos performance: Cache hit for cosmos_cache__get_games_metadata__dbt_transform - 5d5dc19a4d21d68d9e2dd97b4b147311,84441d245827577361e239eef1354057","logger":"cosmos.dbt.graph","filename":"graph.py","lineno":806}
{"timestamp":"2026-06-29T03:41:50.134581Z","level":"info","event":"Total nodes: 6","logger":"cosmos.dbt.graph","filename":"graph.py","lineno":711}
{"timestamp":"2026-06-29T03:41:50.134618Z","level":"info","event":"Total filtered nodes: 6","logger":"cosmos.dbt.graph","filename":"graph.py","lineno":712}
{"timestamp":"2026-06-29T03:41:50.134662Z","level":"info","event":"Cosmos performance (get_games_metadata__dbt_transform) -  [d2f09bca74c9|2200]: It took 0.0213s to parse the dbt project for DAG using LoadMode.DBT_LS_CACHE","logger":"cosmos.converter","filename":"converter.py","lineno":340}
{"timestamp":"2026-06-29T03:41:50.134893Z","level":"info","event":"Project /tmp/airflow/dag_bundles/my-git-repo/tracking_repo/dbt_project does not have {'dependencies.yml', 'packages.yml'}","logger":"cosmos.dbt.project","filename":"project.py","lineno":40}
{"timestamp":"2026-06-29T03:41:50.135290Z","level":"info","event":"Project /tmp/airflow/dag_bundles/my-git-repo/tracking_repo/dbt_project does not have {'dependencies.yml', 'packages.yml'}","logger":"cosmos.dbt.project","filename":"project.py","lineno":40}
{"timestamp":"2026-06-29T03:41:50.135741Z","level":"info","event":"Project /tmp/airflow/dag_bundles/my-git-repo/tracking_repo/dbt_project does not have {'dependencies.yml', 'packages.yml'}","logger":"cosmos.dbt.project","filename":"project.py","lineno":40}
{"timestamp":"2026-06-29T03:41:50.136120Z","level":"info","event":"Project /tmp/airflow/dag_bundles/my-git-repo/tracking_repo/dbt_project does not have {'dependencies.yml', 'packages.yml'}","logger":"cosmos.dbt.project","filename":"project.py","lineno":40}
{"timestamp":"2026-06-29T03:41:50.136492Z","level":"info","event":"Project /tmp/airflow/dag_bundles/my-git-repo/tracking_repo/dbt_project does not have {'dependencies.yml', 'packages.yml'}","logger":"cosmos.dbt.project","filename":"project.py","lineno":40}
{"timestamp":"2026-06-29T03:41:50.136850Z","level":"info","event":"Project /tmp/airflow/dag_bundles/my-git-repo/tracking_repo/dbt_project does not have {'dependencies.yml', 'packages.yml'}","logger":"cosmos.dbt.project","filename":"project.py","lineno":40}
{"timestamp":"2026-06-29T03:41:50.137208Z","level":"info","event":"Project /tmp/airflow/dag_bundles/my-git-repo/tracking_repo/dbt_project does not have {'dependencies.yml', 'packages.yml'}","logger":"cosmos.dbt.project","filename":"project.py","lineno":40}
{"timestamp":"2026-06-29T03:41:50.137437Z","level":"info","event":"Cosmos performance (get_games_metadata__dbt_transform) - [d2f09bca74c9|2200]: It took 0.00278s to build the Airflow DAG.","logger":"cosmos.converter","filename":"converter.py","lineno":387}
{"timestamp":"2026-06-29T03:41:50.137475Z","level":"info","event":"::endgroup::Cosmos DAG parsing logs","logger":"cosmos.converter","filename":"converter.py","lineno":390}
{"timestamp":"2026-06-29T04:29:40.970845Z","level":"info","event":"Filling up the DagBag from /tmp/airflow/dag_bundles/my-git-repo/tracking_repo/airflow-dags/steam/DAG_steam_api.py","logger":"airflow.models.dagbag.DagBag","filename":"dagbag.py","lineno":593}
{"timestamp":"2026-06-29T04:29:41.594332Z","level":"info","event":"Project /tmp/airflow/dag_bundles/my-git-repo/tracking_repo/dbt_project does not have {'dependencies.yml', 'packages.yml'}","logger":"cosmos.dbt.project","filename":"project.py","lineno":40}
{"timestamp":"2026-06-29T04:29:41.595279Z","level":"info","event":"::group::Cosmos DAG parsing logs","logger":"cosmos.converter","filename":"converter.py","lineno":293}
{"timestamp":"2026-06-29T04:29:41.595676Z","level":"info","event":"Trying to parse the dbt project using dbt ls cache cosmos_cache__get_games_metadata__dbt_transform...","logger":"cosmos.dbt.graph","filename":"graph.py","lineno":781}
{"timestamp":"2026-06-29T04:29:41.604708Z","level":"info","event":"Cosmos performance: time to calculate cache identifier cosmos_cache__get_games_metadata__dbt_transform for current version: 0.000377709002350457","logger":"cosmos.cache","filename":"cache.py","lineno":333}
{"timestamp":"2026-06-29T04:29:41.604784Z","level":"info","event":"Cosmos performance [d2f09bca74c9|2220]: The cache size for cosmos_cache__get_games_metadata__dbt_transform is 5873","logger":"cosmos.dbt.graph","filename":"graph.py","lineno":798}
{"timestamp":"2026-06-29T04:29:41.604985Z","level":"info","event":"Cosmos performance: Cache hit for cosmos_cache__get_games_metadata__dbt_transform - 5d5dc19a4d21d68d9e2dd97b4b147311,84441d245827577361e239eef1354057","logger":"cosmos.dbt.graph","filename":"graph.py","lineno":806}
{"timestamp":"2026-06-29T04:29:41.605211Z","level":"info","event":"Total nodes: 6","logger":"cosmos.dbt.graph","filename":"graph.py","lineno":711}
{"timestamp":"2026-06-29T04:29:41.605247Z","level":"info","event":"Total filtered nodes: 6","logger":"cosmos.dbt.graph","filename":"graph.py","lineno":712}
{"timestamp":"2026-06-29T04:29:41.605285Z","level":"info","event":"Cosmos performance (get_games_metadata__dbt_transform) -  [d2f09bca74c9|2220]: It took 0.00965s to parse the dbt project for DAG using LoadMode.DBT_LS_CACHE","logger":"cosmos.converter","filename":"converter.py","lineno":340}
{"timestamp":"2026-06-29T04:29:41.605530Z","level":"info","event":"Project /tmp/airflow/dag_bundles/my-git-repo/tracking_repo/dbt_project does not have {'dependencies.yml', 'packages.yml'}","logger":"cosmos.dbt.project","filename":"project.py","lineno":40}
{"timestamp":"2026-06-29T04:29:41.605926Z","level":"info","event":"Project /tmp/airflow/dag_bundles/my-git-repo/tracking_repo/dbt_project does not have {'dependencies.yml', 'packages.yml'}","logger":"cosmos.dbt.project","filename":"project.py","lineno":40}
{"timestamp":"2026-06-29T04:29:41.606366Z","level":"info","event":"Project /tmp/airflow/dag_bundles/my-git-repo/tracking_repo/dbt_project does not have {'dependencies.yml', 'packages.yml'}","logger":"cosmos.dbt.project","filename":"project.py","lineno":40}
{"timestamp":"2026-06-29T04:29:41.606767Z","level":"info","event":"Project /tmp/airflow/dag_bundles/my-git-repo/tracking_repo/dbt_project does not have {'dependencies.yml', 'packages.yml'}","logger":"cosmos.dbt.project","filename":"project.py","lineno":40}
{"timestamp":"2026-06-29T04:29:41.607146Z","level":"info","event":"Project /tmp/airflow/dag_bundles/my-git-repo/tracking_repo/dbt_project does not have {'dependencies.yml', 'packages.yml'}","logger":"cosmos.dbt.project","filename":"project.py","lineno":40}
{"timestamp":"2026-06-29T04:29:41.607493Z","level":"info","event":"Project /tmp/airflow/dag_bundles/my-git-repo/tracking_repo/dbt_project does not have {'dependencies.yml', 'packages.yml'}","logger":"cosmos.dbt.project","filename":"project.py","lineno":40}
{"timestamp":"2026-06-29T04:29:41.607936Z","level":"info","event":"Project /tmp/airflow/dag_bundles/my-git-repo/tracking_repo/dbt_project does not have {'dependencies.yml', 'packages.yml'}","logger":"cosmos.dbt.project","filename":"project.py","lineno":40}
{"timestamp":"2026-06-29T04:29:41.608164Z","level":"info","event":"Cosmos performance (get_games_metadata__dbt_transform) - [d2f09bca74c9|2220]: It took 0.00288s to build the Airflow DAG.","logger":"cosmos.converter","filename":"converter.py","lineno":387}
{"timestamp":"2026-06-29T04:29:41.608194Z","level":"info","event":"::endgroup::Cosmos DAG parsing logs","logger":"cosmos.converter","filename":"converter.py","lineno":390}
{"timestamp":"2026-06-29T05:15:19.363741Z","level":"info","event":"Filling up the DagBag from /tmp/airflow/dag_bundles/my-git-repo/tracking_repo/airflow-dags/steam/DAG_steam_api.py","logger":"airflow.models.dagbag.DagBag","filename":"dagbag.py","lineno":593}
{"timestamp":"2026-06-29T05:15:19.996827Z","level":"info","event":"Project /tmp/airflow/dag_bundles/my-git-repo/tracking_repo/dbt_project does not have {'dependencies.yml', 'packages.yml'}","logger":"cosmos.dbt.project","filename":"project.py","lineno":40}
{"timestamp":"2026-06-29T05:15:19.997739Z","level":"info","event":"::group::Cosmos DAG parsing logs","logger":"cosmos.converter","filename":"converter.py","lineno":293}
{"timestamp":"2026-06-29T05:15:19.998085Z","level":"info","event":"Trying to parse the dbt project using dbt ls cache cosmos_cache__get_games_metadata__dbt_transform...","logger":"cosmos.dbt.graph","filename":"graph.py","lineno":781}
{"timestamp":"2026-06-29T05:15:20.006662Z","level":"info","event":"Cosmos performance: time to calculate cache identifier cosmos_cache__get_games_metadata__dbt_transform for current version: 0.0003600409982027486","logger":"cosmos.cache","filename":"cache.py","lineno":333}
{"timestamp":"2026-06-29T05:15:20.006729Z","level":"info","event":"Cosmos performance [d2f09bca74c9|2263]: The cache size for cosmos_cache__get_games_metadata__dbt_transform is 5873","logger":"cosmos.dbt.graph","filename":"graph.py","lineno":798}
{"timestamp":"2026-06-29T05:15:20.006895Z","level":"info","event":"Cosmos performance: Cache hit for cosmos_cache__get_games_metadata__dbt_transform - 5d5dc19a4d21d68d9e2dd97b4b147311,84441d245827577361e239eef1354057","logger":"cosmos.dbt.graph","filename":"graph.py","lineno":806}
{"timestamp":"2026-06-29T05:15:20.007106Z","level":"info","event":"Total nodes: 6","logger":"cosmos.dbt.graph","filename":"graph.py","lineno":711}
{"timestamp":"2026-06-29T05:15:20.007146Z","level":"info","event":"Total filtered nodes: 6","logger":"cosmos.dbt.graph","filename":"graph.py","lineno":712}
{"timestamp":"2026-06-29T05:15:20.007199Z","level":"info","event":"Cosmos performance (get_games_metadata__dbt_transform) -  [d2f09bca74c9|2263]: It took 0.00915s to parse the dbt project for DAG using LoadMode.DBT_LS_CACHE","logger":"cosmos.converter","filename":"converter.py","lineno":340}
{"timestamp":"2026-06-29T05:15:20.007444Z","level":"info","event":"Project /tmp/airflow/dag_bundles/my-git-repo/tracking_repo/dbt_project does not have {'dependencies.yml', 'packages.yml'}","logger":"cosmos.dbt.project","filename":"project.py","lineno":40}
{"timestamp":"2026-06-29T05:15:20.007837Z","level":"info","event":"Project /tmp/airflow/dag_bundles/my-git-repo/tracking_repo/dbt_project does not have {'dependencies.yml', 'packages.yml'}","logger":"cosmos.dbt.project","filename":"project.py","lineno":40}
{"timestamp":"2026-06-29T05:15:20.008307Z","level":"info","event":"Project /tmp/airflow/dag_bundles/my-git-repo/tracking_repo/dbt_project does not have {'dependencies.yml', 'packages.yml'}","logger":"cosmos.dbt.project","filename":"project.py","lineno":40}
{"timestamp":"2026-06-29T05:15:20.008795Z","level":"info","event":"Project /tmp/airflow/dag_bundles/my-git-repo/tracking_repo/dbt_project does not have {'dependencies.yml', 'packages.yml'}","logger":"cosmos.dbt.project","filename":"project.py","lineno":40}
{"timestamp":"2026-06-29T05:15:20.009522Z","level":"info","event":"Project /tmp/airflow/dag_bundles/my-git-repo/tracking_repo/dbt_project does not have {'dependencies.yml', 'packages.yml'}","logger":"cosmos.dbt.project","filename":"project.py","lineno":40}
{"timestamp":"2026-06-29T05:15:20.010210Z","level":"info","event":"Project /tmp/airflow/dag_bundles/my-git-repo/tracking_repo/dbt_project does not have {'dependencies.yml', 'packages.yml'}","logger":"cosmos.dbt.project","filename":"project.py","lineno":40}
{"timestamp":"2026-06-29T05:15:20.010768Z","level":"info","event":"Project /tmp/airflow/dag_bundles/my-git-repo/tracking_repo/dbt_project does not have {'dependencies.yml', 'packages.yml'}","logger":"cosmos.dbt.project","filename":"project.py","lineno":40}
{"timestamp":"2026-06-29T05:15:20.011096Z","level":"info","event":"Cosmos performance (get_games_metadata__dbt_transform) - [d2f09bca74c9|2263]: It took 0.00389s to build the Airflow DAG.","logger":"cosmos.converter","filename":"converter.py","lineno":387}
{"timestamp":"2026-06-29T05:15:20.011154Z","level":"info","event":"::endgroup::Cosmos DAG parsing logs","logger":"cosmos.converter","filename":"converter.py","lineno":390}
{"timestamp":"2026-06-29T05:15:51.858710Z","level":"info","event":"Filling up the DagBag from /tmp/airflow/dag_bundles/my-git-repo/tracking_repo/airflow-dags/steam/DAG_steam_api.py","logger":"airflow.models.dagbag.DagBag","filename":"dagbag.py","lineno":593}
{"timestamp":"2026-06-29T05:15:52.249455Z","level":"info","event":"Project /tmp/airflow/dag_bundles/my-git-repo/tracking_repo/dbt_project does not have {'dependencies.yml', 'packages.yml'}","logger":"cosmos.dbt.project","filename":"project.py","lineno":40}
{"timestamp":"2026-06-29T05:15:52.250087Z","level":"info","event":"::group::Cosmos DAG parsing logs","logger":"cosmos.converter","filename":"converter.py","lineno":293}
{"timestamp":"2026-06-29T05:15:52.250374Z","level":"info","event":"Trying to parse the dbt project using dbt ls cache cosmos_cache__get_games_metadata__dbt_transform...","logger":"cosmos.dbt.graph","filename":"graph.py","lineno":781}
{"timestamp":"2026-06-29T05:15:52.256949Z","level":"info","event":"Cosmos performance: time to calculate cache identifier cosmos_cache__get_games_metadata__dbt_transform for current version: 0.00036491699938778765","logger":"cosmos.cache","filename":"cache.py","lineno":333}
{"timestamp":"2026-06-29T05:15:52.257011Z","level":"info","event":"Cosmos performance [d2f09bca74c9|2315]: The cache size for cosmos_cache__get_games_metadata__dbt_transform is 5873","logger":"cosmos.dbt.graph","filename":"graph.py","lineno":798}
{"timestamp":"2026-06-29T05:15:52.257155Z","level":"info","event":"Cosmos performance: Cache hit for cosmos_cache__get_games_metadata__dbt_transform - 5d5dc19a4d21d68d9e2dd97b4b147311,84441d245827577361e239eef1354057","logger":"cosmos.dbt.graph","filename":"graph.py","lineno":806}
{"timestamp":"2026-06-29T05:15:52.257346Z","level":"info","event":"Total nodes: 6","logger":"cosmos.dbt.graph","filename":"graph.py","lineno":711}
{"timestamp":"2026-06-29T05:15:52.257384Z","level":"info","event":"Total filtered nodes: 6","logger":"cosmos.dbt.graph","filename":"graph.py","lineno":712}
{"timestamp":"2026-06-29T05:15:52.257428Z","level":"info","event":"Cosmos performance (get_games_metadata__dbt_transform) -  [d2f09bca74c9|2315]: It took 0.00708s to parse the dbt project for DAG using LoadMode.DBT_LS_CACHE","logger":"cosmos.converter","filename":"converter.py","lineno":340}
{"timestamp":"2026-06-29T05:15:52.257661Z","level":"info","event":"Project /tmp/airflow/dag_bundles/my-git-repo/tracking_repo/dbt_project does not have {'dependencies.yml', 'packages.yml'}","logger":"cosmos.dbt.project","filename":"project.py","lineno":40}
{"timestamp":"2026-06-29T05:15:52.258051Z","level":"info","event":"Project /tmp/airflow/dag_bundles/my-git-repo/tracking_repo/dbt_project does not have {'dependencies.yml', 'packages.yml'}","logger":"cosmos.dbt.project","filename":"project.py","lineno":40}
{"timestamp":"2026-06-29T05:15:52.258451Z","level":"info","event":"Project /tmp/airflow/dag_bundles/my-git-repo/tracking_repo/dbt_project does not have {'dependencies.yml', 'packages.yml'}","logger":"cosmos.dbt.project","filename":"project.py","lineno":40}
{"timestamp":"2026-06-29T05:15:52.258839Z","level":"info","event":"Project /tmp/airflow/dag_bundles/my-git-repo/tracking_repo/dbt_project does not have {'dependencies.yml', 'packages.yml'}","logger":"cosmos.dbt.project","filename":"project.py","lineno":40}
{"timestamp":"2026-06-29T05:15:52.259209Z","level":"info","event":"Project /tmp/airflow/dag_bundles/my-git-repo/tracking_repo/dbt_project does not have {'dependencies.yml', 'packages.yml'}","logger":"cosmos.dbt.project","filename":"project.py","lineno":40}
{"timestamp":"2026-06-29T05:15:52.259577Z","level":"info","event":"Project /tmp/airflow/dag_bundles/my-git-repo/tracking_repo/dbt_project does not have {'dependencies.yml', 'packages.yml'}","logger":"cosmos.dbt.project","filename":"project.py","lineno":40}
{"timestamp":"2026-06-29T05:15:52.259935Z","level":"info","event":"Project /tmp/airflow/dag_bundles/my-git-repo/tracking_repo/dbt_project does not have {'dependencies.yml', 'packages.yml'}","logger":"cosmos.dbt.project","filename":"project.py","lineno":40}
{"timestamp":"2026-06-29T05:15:52.260165Z","level":"info","event":"Cosmos performance (get_games_metadata__dbt_transform) - [d2f09bca74c9|2315]: It took 0.00274s to build the Airflow DAG.","logger":"cosmos.converter","filename":"converter.py","lineno":387}
{"timestamp":"2026-06-29T05:15:52.260204Z","level":"info","event":"::endgroup::Cosmos DAG parsing logs","logger":"cosmos.converter","filename":"converter.py","lineno":390}
{"timestamp":"2026-06-29T05:22:52.788980Z","level":"info","event":"Filling up the DagBag from /tmp/airflow/dag_bundles/my-git-repo/tracking_repo/airflow-dags/steam/DAG_steam_api.py","logger":"airflow.models.dagbag.DagBag","filename":"dagbag.py","lineno":593}
{"timestamp":"2026-06-29T05:22:53.314214Z","level":"info","event":"Project /tmp/airflow/dag_bundles/my-git-repo/tracking_repo/dbt_project does not have {'dependencies.yml', 'packages.yml'}","logger":"cosmos.dbt.project","filename":"project.py","lineno":40}
{"timestamp":"2026-06-29T05:22:53.314889Z","level":"info","event":"::group::Cosmos DAG parsing logs","logger":"cosmos.converter","filename":"converter.py","lineno":293}
{"timestamp":"2026-06-29T05:22:53.315184Z","level":"info","event":"Trying to parse the dbt project using dbt ls cache cosmos_cache__get_games_metadata__dbt_transform...","logger":"cosmos.dbt.graph","filename":"graph.py","lineno":781}
{"timestamp":"2026-06-29T05:22:53.331945Z","level":"info","event":"Cosmos performance: time to calculate cache identifier cosmos_cache__get_games_metadata__dbt_transform for current version: 0.0003541669975675177","logger":"cosmos.cache","filename":"cache.py","lineno":333}
{"timestamp":"2026-06-29T05:22:53.331998Z","level":"info","event":"Cosmos performance [d2f09bca74c9|2334]: The cache size for cosmos_cache__get_games_metadata__dbt_transform is 5873","logger":"cosmos.dbt.graph","filename":"graph.py","lineno":798}
{"timestamp":"2026-06-29T05:22:53.332149Z","level":"info","event":"Cosmos performance: Cache hit for cosmos_cache__get_games_metadata__dbt_transform - 5d5dc19a4d21d68d9e2dd97b4b147311,84441d245827577361e239eef1354057","logger":"cosmos.dbt.graph","filename":"graph.py","lineno":806}
{"timestamp":"2026-06-29T05:22:53.332330Z","level":"info","event":"Total nodes: 6","logger":"cosmos.dbt.graph","filename":"graph.py","lineno":711}
{"timestamp":"2026-06-29T05:22:53.332360Z","level":"info","event":"Total filtered nodes: 6","logger":"cosmos.dbt.graph","filename":"graph.py","lineno":712}
{"timestamp":"2026-06-29T05:22:53.332396Z","level":"info","event":"Cosmos performance (get_games_metadata__dbt_transform) -  [d2f09bca74c9|2334]: It took 0.0172s to parse the dbt project for DAG using LoadMode.DBT_LS_CACHE","logger":"cosmos.converter","filename":"converter.py","lineno":340}
{"timestamp":"2026-06-29T05:22:53.332610Z","level":"info","event":"Project /tmp/airflow/dag_bundles/my-git-repo/tracking_repo/dbt_project does not have {'dependencies.yml', 'packages.yml'}","logger":"cosmos.dbt.project","filename":"project.py","lineno":40}
{"timestamp":"2026-06-29T05:22:53.332967Z","level":"info","event":"Project /tmp/airflow/dag_bundles/my-git-repo/tracking_repo/dbt_project does not have {'dependencies.yml', 'packages.yml'}","logger":"cosmos.dbt.project","filename":"project.py","lineno":40}
{"timestamp":"2026-06-29T05:22:53.333343Z","level":"info","event":"Project /tmp/airflow/dag_bundles/my-git-repo/tracking_repo/dbt_project does not have {'dependencies.yml', 'packages.yml'}","logger":"cosmos.dbt.project","filename":"project.py","lineno":40}
{"timestamp":"2026-06-29T05:22:53.333681Z","level":"info","event":"Project /tmp/airflow/dag_bundles/my-git-repo/tracking_repo/dbt_project does not have {'dependencies.yml', 'packages.yml'}","logger":"cosmos.dbt.project","filename":"project.py","lineno":40}
{"timestamp":"2026-06-29T05:22:53.334015Z","level":"info","event":"Project /tmp/airflow/dag_bundles/my-git-repo/tracking_repo/dbt_project does not have {'dependencies.yml', 'packages.yml'}","logger":"cosmos.dbt.project","filename":"project.py","lineno":40}
{"timestamp":"2026-06-29T05:22:53.334330Z","level":"info","event":"Project /tmp/airflow/dag_bundles/my-git-repo/tracking_repo/dbt_project does not have {'dependencies.yml', 'packages.yml'}","logger":"cosmos.dbt.project","filename":"project.py","lineno":40}
{"timestamp":"2026-06-29T05:22:53.334701Z","level":"info","event":"Project /tmp/airflow/dag_bundles/my-git-repo/tracking_repo/dbt_project does not have {'dependencies.yml', 'packages.yml'}","logger":"cosmos.dbt.project","filename":"project.py","lineno":40}
{"timestamp":"2026-06-29T05:22:53.334908Z","level":"info","event":"Cosmos performance (get_games_metadata__dbt_transform) - [d2f09bca74c9|2334]: It took 0.00251s to build the Airflow DAG.","logger":"cosmos.converter","filename":"converter.py","lineno":387}
{"timestamp":"2026-06-29T05:22:53.334938Z","level":"info","event":"::endgroup::Cosmos DAG parsing logs","logger":"cosmos.converter","filename":"converter.py","lineno":390}
{"timestamp":"2026-06-29T05:23:25.178296Z","level":"info","event":"Filling up the DagBag from /tmp/airflow/dag_bundles/my-git-repo/tracking_repo/airflow-dags/steam/DAG_steam_api.py","logger":"airflow.models.dagbag.DagBag","filename":"dagbag.py","lineno":593}
{"timestamp":"2026-06-29T05:23:25.574107Z","level":"info","event":"Project /tmp/airflow/dag_bundles/my-git-repo/tracking_repo/dbt_project does not have {'dependencies.yml', 'packages.yml'}","logger":"cosmos.dbt.project","filename":"project.py","lineno":40}
{"timestamp":"2026-06-29T05:23:25.574756Z","level":"info","event":"::group::Cosmos DAG parsing logs","logger":"cosmos.converter","filename":"converter.py","lineno":293}
{"timestamp":"2026-06-29T05:23:25.575032Z","level":"info","event":"Trying to parse the dbt project using dbt ls cache cosmos_cache__get_games_metadata__dbt_transform...","logger":"cosmos.dbt.graph","filename":"graph.py","lineno":781}
{"timestamp":"2026-06-29T05:23:25.581427Z","level":"info","event":"Cosmos performance: time to calculate cache identifier cosmos_cache__get_games_metadata__dbt_transform for current version: 0.0003609589984989725","logger":"cosmos.cache","filename":"cache.py","lineno":333}
{"timestamp":"2026-06-29T05:23:25.581491Z","level":"info","event":"Cosmos performance [d2f09bca74c9|2386]: The cache size for cosmos_cache__get_games_metadata__dbt_transform is 5873","logger":"cosmos.dbt.graph","filename":"graph.py","lineno":798}
{"timestamp":"2026-06-29T05:23:25.581638Z","level":"info","event":"Cosmos performance: Cache hit for cosmos_cache__get_games_metadata__dbt_transform - 5d5dc19a4d21d68d9e2dd97b4b147311,84441d245827577361e239eef1354057","logger":"cosmos.dbt.graph","filename":"graph.py","lineno":806}
{"timestamp":"2026-06-29T05:23:25.581818Z","level":"info","event":"Total nodes: 6","logger":"cosmos.dbt.graph","filename":"graph.py","lineno":711}
{"timestamp":"2026-06-29T05:23:25.581854Z","level":"info","event":"Total filtered nodes: 6","logger":"cosmos.dbt.graph","filename":"graph.py","lineno":712}
{"timestamp":"2026-06-29T05:23:25.581897Z","level":"info","event":"Cosmos performance (get_games_metadata__dbt_transform) -  [d2f09bca74c9|2386]: It took 0.00689s to parse the dbt project for DAG using LoadMode.DBT_LS_CACHE","logger":"cosmos.converter","filename":"converter.py","lineno":340}
{"timestamp":"2026-06-29T05:23:25.582140Z","level":"info","event":"Project /tmp/airflow/dag_bundles/my-git-repo/tracking_repo/dbt_project does not have {'dependencies.yml', 'packages.yml'}","logger":"cosmos.dbt.project","filename":"project.py","lineno":40}
{"timestamp":"2026-06-29T05:23:25.582532Z","level":"info","event":"Project /tmp/airflow/dag_bundles/my-git-repo/tracking_repo/dbt_project does not have {'dependencies.yml', 'packages.yml'}","logger":"cosmos.dbt.project","filename":"project.py","lineno":40}
{"timestamp":"2026-06-29T05:23:25.582937Z","level":"info","event":"Project /tmp/airflow/dag_bundles/my-git-repo/tracking_repo/dbt_project does not have {'dependencies.yml', 'packages.yml'}","logger":"cosmos.dbt.project","filename":"project.py","lineno":40}
{"timestamp":"2026-06-29T05:23:25.583330Z","level":"info","event":"Project /tmp/airflow/dag_bundles/my-git-repo/tracking_repo/dbt_project does not have {'dependencies.yml', 'packages.yml'}","logger":"cosmos.dbt.project","filename":"project.py","lineno":40}
{"timestamp":"2026-06-29T05:23:25.583691Z","level":"info","event":"Project /tmp/airflow/dag_bundles/my-git-repo/tracking_repo/dbt_project does not have {'dependencies.yml', 'packages.yml'}","logger":"cosmos.dbt.project","filename":"project.py","lineno":40}
{"timestamp":"2026-06-29T05:23:25.584053Z","level":"info","event":"Project /tmp/airflow/dag_bundles/my-git-repo/tracking_repo/dbt_project does not have {'dependencies.yml', 'packages.yml'}","logger":"cosmos.dbt.project","filename":"project.py","lineno":40}
{"timestamp":"2026-06-29T05:23:25.584423Z","level":"info","event":"Project /tmp/airflow/dag_bundles/my-git-repo/tracking_repo/dbt_project does not have {'dependencies.yml', 'packages.yml'}","logger":"cosmos.dbt.project","filename":"project.py","lineno":40}
{"timestamp":"2026-06-29T05:23:25.584647Z","level":"info","event":"Cosmos performance (get_games_metadata__dbt_transform) - [d2f09bca74c9|2386]: It took 0.00275s to build the Airflow DAG.","logger":"cosmos.converter","filename":"converter.py","lineno":387}
{"timestamp":"2026-06-29T05:23:25.584674Z","level":"info","event":"::endgroup::Cosmos DAG parsing logs","logger":"cosmos.converter","filename":"converter.py","lineno":390}
{"timestamp":"2026-06-29T05:23:56.350925Z","level":"info","event":"Filling up the DagBag from /tmp/airflow/dag_bundles/my-git-repo/tracking_repo/airflow-dags/steam/DAG_steam_api.py","logger":"airflow.models.dagbag.DagBag","filename":"dagbag.py","lineno":593}
{"timestamp":"2026-06-29T05:23:56.747109Z","level":"info","event":"Project /tmp/airflow/dag_bundles/my-git-repo/tracking_repo/dbt_project does not have {'dependencies.yml', 'packages.yml'}","logger":"cosmos.dbt.project","filename":"project.py","lineno":40}
{"timestamp":"2026-06-29T05:23:56.747812Z","level":"info","event":"::group::Cosmos DAG parsing logs","logger":"cosmos.converter","filename":"converter.py","lineno":293}
{"timestamp":"2026-06-29T05:23:56.748103Z","level":"info","event":"Trying to parse the dbt project using dbt ls cache cosmos_cache__get_games_metadata__dbt_transform...","logger":"cosmos.dbt.graph","filename":"graph.py","lineno":781}
{"timestamp":"2026-06-29T05:23:56.754409Z","level":"info","event":"Cosmos performance: time to calculate cache identifier cosmos_cache__get_games_metadata__dbt_transform for current version: 0.0003721670000231825","logger":"cosmos.cache","filename":"cache.py","lineno":333}
{"timestamp":"2026-06-29T05:23:56.754471Z","level":"info","event":"Cosmos performance [d2f09bca74c9|2414]: The cache size for cosmos_cache__get_games_metadata__dbt_transform is 5873","logger":"cosmos.dbt.graph","filename":"graph.py","lineno":798}
{"timestamp":"2026-06-29T05:23:56.754619Z","level":"info","event":"Cosmos performance: Cache hit for cosmos_cache__get_games_metadata__dbt_transform - 5d5dc19a4d21d68d9e2dd97b4b147311,84441d245827577361e239eef1354057","logger":"cosmos.dbt.graph","filename":"graph.py","lineno":806}
{"timestamp":"2026-06-29T05:23:56.754801Z","level":"info","event":"Total nodes: 6","logger":"cosmos.dbt.graph","filename":"graph.py","lineno":711}
{"timestamp":"2026-06-29T05:23:56.754839Z","level":"info","event":"Total filtered nodes: 6","logger":"cosmos.dbt.graph","filename":"graph.py","lineno":712}
{"timestamp":"2026-06-29T05:23:56.754880Z","level":"info","event":"Cosmos performance (get_games_metadata__dbt_transform) -  [d2f09bca74c9|2414]: It took 0.00682s to parse the dbt project for DAG using LoadMode.DBT_LS_CACHE","logger":"cosmos.converter","filename":"converter.py","lineno":340}
{"timestamp":"2026-06-29T05:23:56.755134Z","level":"info","event":"Project /tmp/airflow/dag_bundles/my-git-repo/tracking_repo/dbt_project does not have {'dependencies.yml', 'packages.yml'}","logger":"cosmos.dbt.project","filename":"project.py","lineno":40}
{"timestamp":"2026-06-29T05:23:56.755525Z","level":"info","event":"Project /tmp/airflow/dag_bundles/my-git-repo/tracking_repo/dbt_project does not have {'dependencies.yml', 'packages.yml'}","logger":"cosmos.dbt.project","filename":"project.py","lineno":40}
{"timestamp":"2026-06-29T05:23:56.755927Z","level":"info","event":"Project /tmp/airflow/dag_bundles/my-git-repo/tracking_repo/dbt_project does not have {'dependencies.yml', 'packages.yml'}","logger":"cosmos.dbt.project","filename":"project.py","lineno":40}
{"timestamp":"2026-06-29T05:23:56.756329Z","level":"info","event":"Project /tmp/airflow/dag_bundles/my-git-repo/tracking_repo/dbt_project does not have {'dependencies.yml', 'packages.yml'}","logger":"cosmos.dbt.project","filename":"project.py","lineno":40}
{"timestamp":"2026-06-29T05:23:56.756714Z","level":"info","event":"Project /tmp/airflow/dag_bundles/my-git-repo/tracking_repo/dbt_project does not have {'dependencies.yml', 'packages.yml'}","logger":"cosmos.dbt.project","filename":"project.py","lineno":40}
{"timestamp":"2026-06-29T05:23:56.757074Z","level":"info","event":"Project /tmp/airflow/dag_bundles/my-git-repo/tracking_repo/dbt_project does not have {'dependencies.yml', 'packages.yml'}","logger":"cosmos.dbt.project","filename":"project.py","lineno":40}
{"timestamp":"2026-06-29T05:23:56.757485Z","level":"info","event":"Project /tmp/airflow/dag_bundles/my-git-repo/tracking_repo/dbt_project does not have {'dependencies.yml', 'packages.yml'}","logger":"cosmos.dbt.project","filename":"project.py","lineno":40}
{"timestamp":"2026-06-29T05:23:56.757715Z","level":"info","event":"Cosmos performance (get_games_metadata__dbt_transform) - [d2f09bca74c9|2414]: It took 0.00283s to build the Airflow DAG.","logger":"cosmos.converter","filename":"converter.py","lineno":387}
{"timestamp":"2026-06-29T05:23:56.757752Z","level":"info","event":"::endgroup::Cosmos DAG parsing logs","logger":"cosmos.converter","filename":"converter.py","lineno":390}
{"timestamp":"2026-06-29T05:24:27.479471Z","level":"info","event":"Filling up the DagBag from /tmp/airflow/dag_bundles/my-git-repo/tracking_repo/airflow-dags/steam/DAG_steam_api.py","logger":"airflow.models.dagbag.DagBag","filename":"dagbag.py","lineno":593}
{"timestamp":"2026-06-29T05:24:27.862020Z","level":"info","event":"Project /tmp/airflow/dag_bundles/my-git-repo/tracking_repo/dbt_project does not have {'dependencies.yml', 'packages.yml'}","logger":"cosmos.dbt.project","filename":"project.py","lineno":40}
{"timestamp":"2026-06-29T05:24:27.862648Z","level":"info","event":"::group::Cosmos DAG parsing logs","logger":"cosmos.converter","filename":"converter.py","lineno":293}
{"timestamp":"2026-06-29T05:24:27.862944Z","level":"info","event":"Trying to parse the dbt project using dbt ls cache cosmos_cache__get_games_metadata__dbt_transform...","logger":"cosmos.dbt.graph","filename":"graph.py","lineno":781}
{"timestamp":"2026-06-29T05:24:27.869274Z","level":"info","event":"Cosmos performance: time to calculate cache identifier cosmos_cache__get_games_metadata__dbt_transform for current version: 0.0003742080007214099","logger":"cosmos.cache","filename":"cache.py","lineno":333}
{"timestamp":"2026-06-29T05:24:27.869333Z","level":"info","event":"Cosmos performance [d2f09bca74c9|2442]: The cache size for cosmos_cache__get_games_metadata__dbt_transform is 5873","logger":"cosmos.dbt.graph","filename":"graph.py","lineno":798}
{"timestamp":"2026-06-29T05:24:27.869487Z","level":"info","event":"Cosmos performance: Cache hit for cosmos_cache__get_games_metadata__dbt_transform - 5d5dc19a4d21d68d9e2dd97b4b147311,84441d245827577361e239eef1354057","logger":"cosmos.dbt.graph","filename":"graph.py","lineno":806}
{"timestamp":"2026-06-29T05:24:27.869664Z","level":"info","event":"Total nodes: 6","logger":"cosmos.dbt.graph","filename":"graph.py","lineno":711}
{"timestamp":"2026-06-29T05:24:27.869700Z","level":"info","event":"Total filtered nodes: 6","logger":"cosmos.dbt.graph","filename":"graph.py","lineno":712}
{"timestamp":"2026-06-29T05:24:27.869742Z","level":"info","event":"Cosmos performance (get_games_metadata__dbt_transform) -  [d2f09bca74c9|2442]: It took 0.00684s to parse the dbt project for DAG using LoadMode.DBT_LS_CACHE","logger":"cosmos.converter","filename":"converter.py","lineno":340}
{"timestamp":"2026-06-29T05:24:27.869986Z","level":"info","event":"Project /tmp/airflow/dag_bundles/my-git-repo/tracking_repo/dbt_project does not have {'dependencies.yml', 'packages.yml'}","logger":"cosmos.dbt.project","filename":"project.py","lineno":40}
{"timestamp":"2026-06-29T05:24:27.870380Z","level":"info","event":"Project /tmp/airflow/dag_bundles/my-git-repo/tracking_repo/dbt_project does not have {'dependencies.yml', 'packages.yml'}","logger":"cosmos.dbt.project","filename":"project.py","lineno":40}
{"timestamp":"2026-06-29T05:24:27.870781Z","level":"info","event":"Project /tmp/airflow/dag_bundles/my-git-repo/tracking_repo/dbt_project does not have {'dependencies.yml', 'packages.yml'}","logger":"cosmos.dbt.project","filename":"project.py","lineno":40}
{"timestamp":"2026-06-29T05:24:27.871173Z","level":"info","event":"Project /tmp/airflow/dag_bundles/my-git-repo/tracking_repo/dbt_project does not have {'dependencies.yml', 'packages.yml'}","logger":"cosmos.dbt.project","filename":"project.py","lineno":40}
{"timestamp":"2026-06-29T05:24:27.871549Z","level":"info","event":"Project /tmp/airflow/dag_bundles/my-git-repo/tracking_repo/dbt_project does not have {'dependencies.yml', 'packages.yml'}","logger":"cosmos.dbt.project","filename":"project.py","lineno":40}
{"timestamp":"2026-06-29T05:24:27.871901Z","level":"info","event":"Project /tmp/airflow/dag_bundles/my-git-repo/tracking_repo/dbt_project does not have {'dependencies.yml', 'packages.yml'}","logger":"cosmos.dbt.project","filename":"project.py","lineno":40}
{"timestamp":"2026-06-29T05:24:27.872278Z","level":"info","event":"Project /tmp/airflow/dag_bundles/my-git-repo/tracking_repo/dbt_project does not have {'dependencies.yml', 'packages.yml'}","logger":"cosmos.dbt.project","filename":"project.py","lineno":40}
{"timestamp":"2026-06-29T05:24:27.872496Z","level":"info","event":"Cosmos performance (get_games_metadata__dbt_transform) - [d2f09bca74c9|2442]: It took 0.00276s to build the Airflow DAG.","logger":"cosmos.converter","filename":"converter.py","lineno":387}
{"timestamp":"2026-06-29T05:24:27.872528Z","level":"info","event":"::endgroup::Cosmos DAG parsing logs","logger":"cosmos.converter","filename":"converter.py","lineno":390}
{"timestamp":"2026-06-29T05:31:29.518990Z","level":"info","event":"Filling up the DagBag from /tmp/airflow/dag_bundles/my-git-repo/tracking_repo/airflow-dags/steam/DAG_steam_api.py","logger":"airflow.models.dagbag.DagBag","filename":"dagbag.py","lineno":593}
{"timestamp":"2026-06-29T05:31:29.977194Z","level":"info","event":"Project /tmp/airflow/dag_bundles/my-git-repo/tracking_repo/dbt_project does not have {'dependencies.yml', 'packages.yml'}","logger":"cosmos.dbt.project","filename":"project.py","lineno":40}
{"timestamp":"2026-06-29T05:31:29.977838Z","level":"info","event":"::group::Cosmos DAG parsing logs","logger":"cosmos.converter","filename":"converter.py","lineno":293}
{"timestamp":"2026-06-29T05:31:29.978103Z","level":"info","event":"Trying to parse the dbt project using dbt ls cache cosmos_cache__get_games_metadata__dbt_transform...","logger":"cosmos.dbt.graph","filename":"graph.py","lineno":781}
{"timestamp":"2026-06-29T05:31:29.985356Z","level":"info","event":"Cosmos performance: time to calculate cache identifier cosmos_cache__get_games_metadata__dbt_transform for current version: 0.00038258299900917336","logger":"cosmos.cache","filename":"cache.py","lineno":333}
{"timestamp":"2026-06-29T05:31:29.985412Z","level":"info","event":"Cosmos performance [d2f09bca74c9|2461]: The cache size for cosmos_cache__get_games_metadata__dbt_transform is 5873","logger":"cosmos.dbt.graph","filename":"graph.py","lineno":798}
{"timestamp":"2026-06-29T05:31:29.985563Z","level":"info","event":"Cosmos performance: Cache hit for cosmos_cache__get_games_metadata__dbt_transform - 5d5dc19a4d21d68d9e2dd97b4b147311,84441d245827577361e239eef1354057","logger":"cosmos.dbt.graph","filename":"graph.py","lineno":806}
{"timestamp":"2026-06-29T05:31:29.985740Z","level":"info","event":"Total nodes: 6","logger":"cosmos.dbt.graph","filename":"graph.py","lineno":711}
{"timestamp":"2026-06-29T05:31:29.985770Z","level":"info","event":"Total filtered nodes: 6","logger":"cosmos.dbt.graph","filename":"graph.py","lineno":712}
{"timestamp":"2026-06-29T05:31:29.985806Z","level":"info","event":"Cosmos performance (get_games_metadata__dbt_transform) -  [d2f09bca74c9|2461]: It took 0.00772s to parse the dbt project for DAG using LoadMode.DBT_LS_CACHE","logger":"cosmos.converter","filename":"converter.py","lineno":340}
{"timestamp":"2026-06-29T05:31:29.986021Z","level":"info","event":"Project /tmp/airflow/dag_bundles/my-git-repo/tracking_repo/dbt_project does not have {'dependencies.yml', 'packages.yml'}","logger":"cosmos.dbt.project","filename":"project.py","lineno":40}
{"timestamp":"2026-06-29T05:31:29.986380Z","level":"info","event":"Project /tmp/airflow/dag_bundles/my-git-repo/tracking_repo/dbt_project does not have {'dependencies.yml', 'packages.yml'}","logger":"cosmos.dbt.project","filename":"project.py","lineno":40}
{"timestamp":"2026-06-29T05:31:29.986759Z","level":"info","event":"Project /tmp/airflow/dag_bundles/my-git-repo/tracking_repo/dbt_project does not have {'dependencies.yml', 'packages.yml'}","logger":"cosmos.dbt.project","filename":"project.py","lineno":40}
{"timestamp":"2026-06-29T05:31:29.987100Z","level":"info","event":"Project /tmp/airflow/dag_bundles/my-git-repo/tracking_repo/dbt_project does not have {'dependencies.yml', 'packages.yml'}","logger":"cosmos.dbt.project","filename":"project.py","lineno":40}
{"timestamp":"2026-06-29T05:31:29.987437Z","level":"info","event":"Project /tmp/airflow/dag_bundles/my-git-repo/tracking_repo/dbt_project does not have {'dependencies.yml', 'packages.yml'}","logger":"cosmos.dbt.project","filename":"project.py","lineno":40}
{"timestamp":"2026-06-29T05:31:29.987755Z","level":"info","event":"Project /tmp/airflow/dag_bundles/my-git-repo/tracking_repo/dbt_project does not have {'dependencies.yml', 'packages.yml'}","logger":"cosmos.dbt.project","filename":"project.py","lineno":40}
{"timestamp":"2026-06-29T05:31:29.988127Z","level":"info","event":"Project /tmp/airflow/dag_bundles/my-git-repo/tracking_repo/dbt_project does not have {'dependencies.yml', 'packages.yml'}","logger":"cosmos.dbt.project","filename":"project.py","lineno":40}
{"timestamp":"2026-06-29T05:31:29.988346Z","level":"info","event":"Cosmos performance (get_games_metadata__dbt_transform) - [d2f09bca74c9|2461]: It took 0.00254s to build the Airflow DAG.","logger":"cosmos.converter","filename":"converter.py","lineno":387}
{"timestamp":"2026-06-29T05:31:29.988376Z","level":"info","event":"::endgroup::Cosmos DAG parsing logs","logger":"cosmos.converter","filename":"converter.py","lineno":390}
{"timestamp":"2026-06-29T05:45:40.133654Z","level":"info","event":"Filling up the DagBag from /tmp/airflow/dag_bundles/my-git-repo/tracking_repo/airflow-dags/steam/DAG_steam_api.py","logger":"airflow.models.dagbag.DagBag","filename":"dagbag.py","lineno":593}
{"timestamp":"2026-06-29T05:45:40.705888Z","level":"info","event":"Project /tmp/airflow/dag_bundles/my-git-repo/tracking_repo/dbt_project does not have {'dependencies.yml', 'packages.yml'}","logger":"cosmos.dbt.project","filename":"project.py","lineno":40}
{"timestamp":"2026-06-29T05:45:40.706665Z","level":"info","event":"::group::Cosmos DAG parsing logs","logger":"cosmos.converter","filename":"converter.py","lineno":293}
{"timestamp":"2026-06-29T05:45:40.706989Z","level":"info","event":"Trying to parse the dbt project using dbt ls cache cosmos_cache__get_games_metadata__dbt_transform...","logger":"cosmos.dbt.graph","filename":"graph.py","lineno":781}
{"timestamp":"2026-06-29T05:45:40.713876Z","level":"info","event":"Cosmos performance: time to calculate cache identifier cosmos_cache__get_games_metadata__dbt_transform for current version: 0.0003474160002951976","logger":"cosmos.cache","filename":"cache.py","lineno":333}
{"timestamp":"2026-06-29T05:45:40.713963Z","level":"info","event":"Cosmos performance [d2f09bca74c9|2519]: The cache size for cosmos_cache__get_games_metadata__dbt_transform is 5873","logger":"cosmos.dbt.graph","filename":"graph.py","lineno":798}
{"timestamp":"2026-06-29T05:45:40.714140Z","level":"info","event":"Cosmos performance: Cache hit for cosmos_cache__get_games_metadata__dbt_transform - 5d5dc19a4d21d68d9e2dd97b4b147311,84441d245827577361e239eef1354057","logger":"cosmos.dbt.graph","filename":"graph.py","lineno":806}
{"timestamp":"2026-06-29T05:45:40.714357Z","level":"info","event":"Total nodes: 6","logger":"cosmos.dbt.graph","filename":"graph.py","lineno":711}
{"timestamp":"2026-06-29T05:45:40.714391Z","level":"info","event":"Total filtered nodes: 6","logger":"cosmos.dbt.graph","filename":"graph.py","lineno":712}
{"timestamp":"2026-06-29T05:45:40.714439Z","level":"info","event":"Cosmos performance (get_games_metadata__dbt_transform) -  [d2f09bca74c9|2519]: It took 0.00748s to parse the dbt project for DAG using LoadMode.DBT_LS_CACHE","logger":"cosmos.converter","filename":"converter.py","lineno":340}
{"timestamp":"2026-06-29T05:45:40.714676Z","level":"info","event":"Project /tmp/airflow/dag_bundles/my-git-repo/tracking_repo/dbt_project does not have {'dependencies.yml', 'packages.yml'}","logger":"cosmos.dbt.project","filename":"project.py","lineno":40}
{"timestamp":"2026-06-29T05:45:40.715081Z","level":"info","event":"Project /tmp/airflow/dag_bundles/my-git-repo/tracking_repo/dbt_project does not have {'dependencies.yml', 'packages.yml'}","logger":"cosmos.dbt.project","filename":"project.py","lineno":40}
{"timestamp":"2026-06-29T05:45:40.715501Z","level":"info","event":"Project /tmp/airflow/dag_bundles/my-git-repo/tracking_repo/dbt_project does not have {'dependencies.yml', 'packages.yml'}","logger":"cosmos.dbt.project","filename":"project.py","lineno":40}
{"timestamp":"2026-06-29T05:45:40.715859Z","level":"info","event":"Project /tmp/airflow/dag_bundles/my-git-repo/tracking_repo/dbt_project does not have {'dependencies.yml', 'packages.yml'}","logger":"cosmos.dbt.project","filename":"project.py","lineno":40}
{"timestamp":"2026-06-29T05:45:40.716225Z","level":"info","event":"Project /tmp/airflow/dag_bundles/my-git-repo/tracking_repo/dbt_project does not have {'dependencies.yml', 'packages.yml'}","logger":"cosmos.dbt.project","filename":"project.py","lineno":40}
{"timestamp":"2026-06-29T05:45:40.716588Z","level":"info","event":"Project /tmp/airflow/dag_bundles/my-git-repo/tracking_repo/dbt_project does not have {'dependencies.yml', 'packages.yml'}","logger":"cosmos.dbt.project","filename":"project.py","lineno":40}
{"timestamp":"2026-06-29T05:45:40.716967Z","level":"info","event":"Project /tmp/airflow/dag_bundles/my-git-repo/tracking_repo/dbt_project does not have {'dependencies.yml', 'packages.yml'}","logger":"cosmos.dbt.project","filename":"project.py","lineno":40}
{"timestamp":"2026-06-29T05:45:40.717179Z","level":"info","event":"Cosmos performance (get_games_metadata__dbt_transform) - [d2f09bca74c9|2519]: It took 0.00274s to build the Airflow DAG.","logger":"cosmos.converter","filename":"converter.py","lineno":387}
{"timestamp":"2026-06-29T05:45:40.717208Z","level":"info","event":"::endgroup::Cosmos DAG parsing logs","logger":"cosmos.converter","filename":"converter.py","lineno":390}
{"timestamp":"2026-06-29T05:56:10.847154Z","level":"info","event":"Filling up the DagBag from /tmp/airflow/dag_bundles/my-git-repo/tracking_repo/airflow-dags/steam/DAG_steam_api.py","logger":"airflow.models.dagbag.DagBag","filename":"dagbag.py","lineno":593}
{"timestamp":"2026-06-29T05:56:11.341785Z","level":"info","event":"Project /tmp/airflow/dag_bundles/my-git-repo/tracking_repo/dbt_project does not have {'dependencies.yml', 'packages.yml'}","logger":"cosmos.dbt.project","filename":"project.py","lineno":40}
{"timestamp":"2026-06-29T05:56:11.342432Z","level":"info","event":"::group::Cosmos DAG parsing logs","logger":"cosmos.converter","filename":"converter.py","lineno":293}
{"timestamp":"2026-06-29T05:56:11.342696Z","level":"info","event":"Trying to parse the dbt project using dbt ls cache cosmos_cache__get_games_metadata__dbt_transform...","logger":"cosmos.dbt.graph","filename":"graph.py","lineno":781}
{"timestamp":"2026-06-29T05:56:11.346842Z","level":"info","event":"Cosmos performance: time to calculate cache identifier cosmos_cache__get_games_metadata__dbt_transform for current version: 0.0003459170002315659","logger":"cosmos.cache","filename":"cache.py","lineno":333}
{"timestamp":"2026-06-29T05:56:11.346892Z","level":"info","event":"Cosmos performance [d2f09bca74c9|2552]: The cache size for cosmos_cache__get_games_metadata__dbt_transform is 5873","logger":"cosmos.dbt.graph","filename":"graph.py","lineno":798}
{"timestamp":"2026-06-29T05:56:11.347053Z","level":"info","event":"Cosmos performance: Cache hit for cosmos_cache__get_games_metadata__dbt_transform - 5d5dc19a4d21d68d9e2dd97b4b147311,84441d245827577361e239eef1354057","logger":"cosmos.dbt.graph","filename":"graph.py","lineno":806}
{"timestamp":"2026-06-29T05:56:11.347211Z","level":"info","event":"Total nodes: 6","logger":"cosmos.dbt.graph","filename":"graph.py","lineno":711}
{"timestamp":"2026-06-29T05:56:11.347241Z","level":"info","event":"Total filtered nodes: 6","logger":"cosmos.dbt.graph","filename":"graph.py","lineno":712}
{"timestamp":"2026-06-29T05:56:11.347277Z","level":"info","event":"Cosmos performance (get_games_metadata__dbt_transform) -  [d2f09bca74c9|2552]: It took 0.0046s to parse the dbt project for DAG using LoadMode.DBT_LS_CACHE","logger":"cosmos.converter","filename":"converter.py","lineno":340}
{"timestamp":"2026-06-29T05:56:11.347489Z","level":"info","event":"Project /tmp/airflow/dag_bundles/my-git-repo/tracking_repo/dbt_project does not have {'dependencies.yml', 'packages.yml'}","logger":"cosmos.dbt.project","filename":"project.py","lineno":40}
{"timestamp":"2026-06-29T05:56:11.347847Z","level":"info","event":"Project /tmp/airflow/dag_bundles/my-git-repo/tracking_repo/dbt_project does not have {'dependencies.yml', 'packages.yml'}","logger":"cosmos.dbt.project","filename":"project.py","lineno":40}
{"timestamp":"2026-06-29T05:56:11.348221Z","level":"info","event":"Project /tmp/airflow/dag_bundles/my-git-repo/tracking_repo/dbt_project does not have {'dependencies.yml', 'packages.yml'}","logger":"cosmos.dbt.project","filename":"project.py","lineno":40}
{"timestamp":"2026-06-29T05:56:11.348561Z","level":"info","event":"Project /tmp/airflow/dag_bundles/my-git-repo/tracking_repo/dbt_project does not have {'dependencies.yml', 'packages.yml'}","logger":"cosmos.dbt.project","filename":"project.py","lineno":40}
{"timestamp":"2026-06-29T05:56:11.348901Z","level":"info","event":"Project /tmp/airflow/dag_bundles/my-git-repo/tracking_repo/dbt_project does not have {'dependencies.yml', 'packages.yml'}","logger":"cosmos.dbt.project","filename":"project.py","lineno":40}
{"timestamp":"2026-06-29T05:56:11.349216Z","level":"info","event":"Project /tmp/airflow/dag_bundles/my-git-repo/tracking_repo/dbt_project does not have {'dependencies.yml', 'packages.yml'}","logger":"cosmos.dbt.project","filename":"project.py","lineno":40}
{"timestamp":"2026-06-29T05:56:11.349588Z","level":"info","event":"Project /tmp/airflow/dag_bundles/my-git-repo/tracking_repo/dbt_project does not have {'dependencies.yml', 'packages.yml'}","logger":"cosmos.dbt.project","filename":"project.py","lineno":40}
{"timestamp":"2026-06-29T05:56:11.349797Z","level":"info","event":"Cosmos performance (get_games_metadata__dbt_transform) - [d2f09bca74c9|2552]: It took 0.00252s to build the Airflow DAG.","logger":"cosmos.converter","filename":"converter.py","lineno":387}
{"timestamp":"2026-06-29T05:56:11.349827Z","level":"info","event":"::endgroup::Cosmos DAG parsing logs","logger":"cosmos.converter","filename":"converter.py","lineno":390}
{"timestamp":"2026-06-29T06:04:52.203385Z","level":"info","event":"Filling up the DagBag from /tmp/airflow/dag_bundles/my-git-repo/tracking_repo/airflow-dags/steam/DAG_steam_api.py","logger":"airflow.models.dagbag.DagBag","filename":"dagbag.py","lineno":593}
{"timestamp":"2026-06-29T06:04:53.026533Z","level":"info","event":"Project /tmp/airflow/dag_bundles/my-git-repo/tracking_repo/dbt_project does not have {'dependencies.yml', 'packages.yml'}","logger":"cosmos.dbt.project","filename":"project.py","lineno":40}
{"timestamp":"2026-06-29T06:04:53.027486Z","level":"info","event":"::group::Cosmos DAG parsing logs","logger":"cosmos.converter","filename":"converter.py","lineno":293}
{"timestamp":"2026-06-29T06:04:53.027901Z","level":"info","event":"Trying to parse the dbt project using dbt ls cache cosmos_cache__get_games_metadata__dbt_transform...","logger":"cosmos.dbt.graph","filename":"graph.py","lineno":781}
{"timestamp":"2026-06-29T06:04:53.066048Z","level":"info","event":"Cosmos performance: time to calculate cache identifier cosmos_cache__get_games_metadata__dbt_transform for current version: 0.00042391600072733127","logger":"cosmos.cache","filename":"cache.py","lineno":333}
{"timestamp":"2026-06-29T06:04:53.066124Z","level":"info","event":"Cosmos performance [d2f09bca74c9|2605]: The cache size for cosmos_cache__get_games_metadata__dbt_transform is 5873","logger":"cosmos.dbt.graph","filename":"graph.py","lineno":798}
{"timestamp":"2026-06-29T06:04:53.066287Z","level":"info","event":"Cosmos performance: Cache hit for cosmos_cache__get_games_metadata__dbt_transform - 5d5dc19a4d21d68d9e2dd97b4b147311,84441d245827577361e239eef1354057","logger":"cosmos.dbt.graph","filename":"graph.py","lineno":806}
{"timestamp":"2026-06-29T06:04:53.066562Z","level":"info","event":"Total nodes: 6","logger":"cosmos.dbt.graph","filename":"graph.py","lineno":711}
{"timestamp":"2026-06-29T06:04:53.066598Z","level":"info","event":"Total filtered nodes: 6","logger":"cosmos.dbt.graph","filename":"graph.py","lineno":712}
{"timestamp":"2026-06-29T06:04:53.066639Z","level":"info","event":"Cosmos performance (get_games_metadata__dbt_transform) -  [d2f09bca74c9|2605]: It took 0.0388s to parse the dbt project for DAG using LoadMode.DBT_LS_CACHE","logger":"cosmos.converter","filename":"converter.py","lineno":340}
{"timestamp":"2026-06-29T06:04:53.066902Z","level":"info","event":"Project /tmp/airflow/dag_bundles/my-git-repo/tracking_repo/dbt_project does not have {'dependencies.yml', 'packages.yml'}","logger":"cosmos.dbt.project","filename":"project.py","lineno":40}
{"timestamp":"2026-06-29T06:04:53.067311Z","level":"info","event":"Project /tmp/airflow/dag_bundles/my-git-repo/tracking_repo/dbt_project does not have {'dependencies.yml', 'packages.yml'}","logger":"cosmos.dbt.project","filename":"project.py","lineno":40}
{"timestamp":"2026-06-29T06:04:53.067769Z","level":"info","event":"Project /tmp/airflow/dag_bundles/my-git-repo/tracking_repo/dbt_project does not have {'dependencies.yml', 'packages.yml'}","logger":"cosmos.dbt.project","filename":"project.py","lineno":40}
{"timestamp":"2026-06-29T06:04:53.068205Z","level":"info","event":"Project /tmp/airflow/dag_bundles/my-git-repo/tracking_repo/dbt_project does not have {'dependencies.yml', 'packages.yml'}","logger":"cosmos.dbt.project","filename":"project.py","lineno":40}
{"timestamp":"2026-06-29T06:04:53.068583Z","level":"info","event":"Project /tmp/airflow/dag_bundles/my-git-repo/tracking_repo/dbt_project does not have {'dependencies.yml', 'packages.yml'}","logger":"cosmos.dbt.project","filename":"project.py","lineno":40}
{"timestamp":"2026-06-29T06:04:53.068959Z","level":"info","event":"Project /tmp/airflow/dag_bundles/my-git-repo/tracking_repo/dbt_project does not have {'dependencies.yml', 'packages.yml'}","logger":"cosmos.dbt.project","filename":"project.py","lineno":40}
{"timestamp":"2026-06-29T06:04:53.069398Z","level":"info","event":"Project /tmp/airflow/dag_bundles/my-git-repo/tracking_repo/dbt_project does not have {'dependencies.yml', 'packages.yml'}","logger":"cosmos.dbt.project","filename":"project.py","lineno":40}
{"timestamp":"2026-06-29T06:04:53.069643Z","level":"info","event":"Cosmos performance (get_games_metadata__dbt_transform) - [d2f09bca74c9|2605]: It took 0.00301s to build the Airflow DAG.","logger":"cosmos.converter","filename":"converter.py","lineno":387}
{"timestamp":"2026-06-29T06:04:53.069672Z","level":"info","event":"::endgroup::Cosmos DAG parsing logs","logger":"cosmos.converter","filename":"converter.py","lineno":390}
{"timestamp":"2026-06-29T06:20:25.898742Z","level":"info","event":"Filling up the DagBag from /tmp/airflow/dag_bundles/my-git-repo/tracking_repo/airflow-dags/steam/DAG_steam_api.py","logger":"airflow.models.dagbag.DagBag","filename":"dagbag.py","lineno":593}
{"timestamp":"2026-06-29T06:20:26.554852Z","level":"info","event":"Project /tmp/airflow/dag_bundles/my-git-repo/tracking_repo/dbt_project does not have {'dependencies.yml', 'packages.yml'}","logger":"cosmos.dbt.project","filename":"project.py","lineno":40}
{"timestamp":"2026-06-29T06:20:26.555747Z","level":"info","event":"::group::Cosmos DAG parsing logs","logger":"cosmos.converter","filename":"converter.py","lineno":293}
{"timestamp":"2026-06-29T06:20:26.556072Z","level":"info","event":"Trying to parse the dbt project using dbt ls cache cosmos_cache__get_games_metadata__dbt_transform...","logger":"cosmos.dbt.graph","filename":"graph.py","lineno":781}
{"timestamp":"2026-06-29T06:20:26.564971Z","level":"info","event":"Cosmos performance: time to calculate cache identifier cosmos_cache__get_games_metadata__dbt_transform for current version: 0.00036958300188416615","logger":"cosmos.cache","filename":"cache.py","lineno":333}
{"timestamp":"2026-06-29T06:20:26.565042Z","level":"info","event":"Cosmos performance [d2f09bca74c9|2663]: The cache size for cosmos_cache__get_games_metadata__dbt_transform is 5873","logger":"cosmos.dbt.graph","filename":"graph.py","lineno":798}
{"timestamp":"2026-06-29T06:20:26.565230Z","level":"info","event":"Cosmos performance: Cache hit for cosmos_cache__get_games_metadata__dbt_transform - 5d5dc19a4d21d68d9e2dd97b4b147311,84441d245827577361e239eef1354057","logger":"cosmos.dbt.graph","filename":"graph.py","lineno":806}
{"timestamp":"2026-06-29T06:20:26.565458Z","level":"info","event":"Total nodes: 6","logger":"cosmos.dbt.graph","filename":"graph.py","lineno":711}
{"timestamp":"2026-06-29T06:20:26.565499Z","level":"info","event":"Total filtered nodes: 6","logger":"cosmos.dbt.graph","filename":"graph.py","lineno":712}
{"timestamp":"2026-06-29T06:20:26.565551Z","level":"info","event":"Cosmos performance (get_games_metadata__dbt_transform) -  [d2f09bca74c9|2663]: It took 0.0095s to parse the dbt project for DAG using LoadMode.DBT_LS_CACHE","logger":"cosmos.converter","filename":"converter.py","lineno":340}
{"timestamp":"2026-06-29T06:20:26.565781Z","level":"info","event":"Project /tmp/airflow/dag_bundles/my-git-repo/tracking_repo/dbt_project does not have {'dependencies.yml', 'packages.yml'}","logger":"cosmos.dbt.project","filename":"project.py","lineno":40}
{"timestamp":"2026-06-29T06:20:26.566154Z","level":"info","event":"Project /tmp/airflow/dag_bundles/my-git-repo/tracking_repo/dbt_project does not have {'dependencies.yml', 'packages.yml'}","logger":"cosmos.dbt.project","filename":"project.py","lineno":40}
{"timestamp":"2026-06-29T06:20:26.566626Z","level":"info","event":"Project /tmp/airflow/dag_bundles/my-git-repo/tracking_repo/dbt_project does not have {'dependencies.yml', 'packages.yml'}","logger":"cosmos.dbt.project","filename":"project.py","lineno":40}
{"timestamp":"2026-06-29T06:20:26.567124Z","level":"info","event":"Project /tmp/airflow/dag_bundles/my-git-repo/tracking_repo/dbt_project does not have {'dependencies.yml', 'packages.yml'}","logger":"cosmos.dbt.project","filename":"project.py","lineno":40}
{"timestamp":"2026-06-29T06:20:26.567630Z","level":"info","event":"Project /tmp/airflow/dag_bundles/my-git-repo/tracking_repo/dbt_project does not have {'dependencies.yml', 'packages.yml'}","logger":"cosmos.dbt.project","filename":"project.py","lineno":40}
{"timestamp":"2026-06-29T06:20:26.568099Z","level":"info","event":"Project /tmp/airflow/dag_bundles/my-git-repo/tracking_repo/dbt_project does not have {'dependencies.yml', 'packages.yml'}","logger":"cosmos.dbt.project","filename":"project.py","lineno":40}
{"timestamp":"2026-06-29T06:20:26.568637Z","level":"info","event":"Project /tmp/airflow/dag_bundles/my-git-repo/tracking_repo/dbt_project does not have {'dependencies.yml', 'packages.yml'}","logger":"cosmos.dbt.project","filename":"project.py","lineno":40}
{"timestamp":"2026-06-29T06:20:26.568939Z","level":"info","event":"Cosmos performance (get_games_metadata__dbt_transform) - [d2f09bca74c9|2663]: It took 0.00339s to build the Airflow DAG.","logger":"cosmos.converter","filename":"converter.py","lineno":387}
{"timestamp":"2026-06-29T06:20:26.568981Z","level":"info","event":"::endgroup::Cosmos DAG parsing logs","logger":"cosmos.converter","filename":"converter.py","lineno":390}
{"timestamp":"2026-06-29T06:20:58.455191Z","level":"info","event":"Filling up the DagBag from /tmp/airflow/dag_bundles/my-git-repo/tracking_repo/airflow-dags/steam/DAG_steam_api.py","logger":"airflow.models.dagbag.DagBag","filename":"dagbag.py","lineno":593}
{"timestamp":"2026-06-29T06:20:58.892647Z","level":"info","event":"Project /tmp/airflow/dag_bundles/my-git-repo/tracking_repo/dbt_project does not have {'dependencies.yml', 'packages.yml'}","logger":"cosmos.dbt.project","filename":"project.py","lineno":40}
{"timestamp":"2026-06-29T06:20:58.893366Z","level":"info","event":"::group::Cosmos DAG parsing logs","logger":"cosmos.converter","filename":"converter.py","lineno":293}
{"timestamp":"2026-06-29T06:20:58.893662Z","level":"info","event":"Trying to parse the dbt project using dbt ls cache cosmos_cache__get_games_metadata__dbt_transform...","logger":"cosmos.dbt.graph","filename":"graph.py","lineno":781}
{"timestamp":"2026-06-29T06:20:58.903264Z","level":"info","event":"Cosmos performance: time to calculate cache identifier cosmos_cache__get_games_metadata__dbt_transform for current version: 0.0004203749995213002","logger":"cosmos.cache","filename":"cache.py","lineno":333}
{"timestamp":"2026-06-29T06:20:58.903333Z","level":"info","event":"Cosmos performance [d2f09bca74c9|2715]: The cache size for cosmos_cache__get_games_metadata__dbt_transform is 5873","logger":"cosmos.dbt.graph","filename":"graph.py","lineno":798}
{"timestamp":"2026-06-29T06:20:58.903526Z","level":"info","event":"Cosmos performance: Cache hit for cosmos_cache__get_games_metadata__dbt_transform - 5d5dc19a4d21d68d9e2dd97b4b147311,84441d245827577361e239eef1354057","logger":"cosmos.dbt.graph","filename":"graph.py","lineno":806}
{"timestamp":"2026-06-29T06:20:58.903727Z","level":"info","event":"Total nodes: 6","logger":"cosmos.dbt.graph","filename":"graph.py","lineno":711}
{"timestamp":"2026-06-29T06:20:58.903770Z","level":"info","event":"Total filtered nodes: 6","logger":"cosmos.dbt.graph","filename":"graph.py","lineno":712}
{"timestamp":"2026-06-29T06:20:58.903817Z","level":"info","event":"Cosmos performance (get_games_metadata__dbt_transform) -  [d2f09bca74c9|2715]: It took 0.0102s to parse the dbt project for DAG using LoadMode.DBT_LS_CACHE","logger":"cosmos.converter","filename":"converter.py","lineno":340}
{"timestamp":"2026-06-29T06:20:58.904081Z","level":"info","event":"Project /tmp/airflow/dag_bundles/my-git-repo/tracking_repo/dbt_project does not have {'dependencies.yml', 'packages.yml'}","logger":"cosmos.dbt.project","filename":"project.py","lineno":40}
{"timestamp":"2026-06-29T06:20:58.904496Z","level":"info","event":"Project /tmp/airflow/dag_bundles/my-git-repo/tracking_repo/dbt_project does not have {'dependencies.yml', 'packages.yml'}","logger":"cosmos.dbt.project","filename":"project.py","lineno":40}
{"timestamp":"2026-06-29T06:20:58.904938Z","level":"info","event":"Project /tmp/airflow/dag_bundles/my-git-repo/tracking_repo/dbt_project does not have {'dependencies.yml', 'packages.yml'}","logger":"cosmos.dbt.project","filename":"project.py","lineno":40}
{"timestamp":"2026-06-29T06:20:58.905337Z","level":"info","event":"Project /tmp/airflow/dag_bundles/my-git-repo/tracking_repo/dbt_project does not have {'dependencies.yml', 'packages.yml'}","logger":"cosmos.dbt.project","filename":"project.py","lineno":40}
{"timestamp":"2026-06-29T06:20:58.905722Z","level":"info","event":"Project /tmp/airflow/dag_bundles/my-git-repo/tracking_repo/dbt_project does not have {'dependencies.yml', 'packages.yml'}","logger":"cosmos.dbt.project","filename":"project.py","lineno":40}
{"timestamp":"2026-06-29T06:20:58.906115Z","level":"info","event":"Project /tmp/airflow/dag_bundles/my-git-repo/tracking_repo/dbt_project does not have {'dependencies.yml', 'packages.yml'}","logger":"cosmos.dbt.project","filename":"project.py","lineno":40}
{"timestamp":"2026-06-29T06:20:58.906561Z","level":"info","event":"Project /tmp/airflow/dag_bundles/my-git-repo/tracking_repo/dbt_project does not have {'dependencies.yml', 'packages.yml'}","logger":"cosmos.dbt.project","filename":"project.py","lineno":40}
{"timestamp":"2026-06-29T06:20:58.906794Z","level":"info","event":"Cosmos performance (get_games_metadata__dbt_transform) - [d2f09bca74c9|2715]: It took 0.00298s to build the Airflow DAG.","logger":"cosmos.converter","filename":"converter.py","lineno":387}
{"timestamp":"2026-06-29T06:20:58.906829Z","level":"info","event":"::endgroup::Cosmos DAG parsing logs","logger":"cosmos.converter","filename":"converter.py","lineno":390}
{"timestamp":"2026-06-29T06:21:29.824851Z","level":"info","event":"Filling up the DagBag from /tmp/airflow/dag_bundles/my-git-repo/tracking_repo/airflow-dags/steam/DAG_steam_api.py","logger":"airflow.models.dagbag.DagBag","filename":"dagbag.py","lineno":593}
{"timestamp":"2026-06-29T06:21:30.262778Z","level":"info","event":"Project /tmp/airflow/dag_bundles/my-git-repo/tracking_repo/dbt_project does not have {'dependencies.yml', 'packages.yml'}","logger":"cosmos.dbt.project","filename":"project.py","lineno":40}
{"timestamp":"2026-06-29T06:21:30.263470Z","level":"info","event":"::group::Cosmos DAG parsing logs","logger":"cosmos.converter","filename":"converter.py","lineno":293}
{"timestamp":"2026-06-29T06:21:30.263760Z","level":"info","event":"Trying to parse the dbt project using dbt ls cache cosmos_cache__get_games_metadata__dbt_transform...","logger":"cosmos.dbt.graph","filename":"graph.py","lineno":781}
{"timestamp":"2026-06-29T06:21:30.270307Z","level":"info","event":"Cosmos performance: time to calculate cache identifier cosmos_cache__get_games_metadata__dbt_transform for current version: 0.00041116700231214054","logger":"cosmos.cache","filename":"cache.py","lineno":333}
{"timestamp":"2026-06-29T06:21:30.270372Z","level":"info","event":"Cosmos performance [d2f09bca74c9|2742]: The cache size for cosmos_cache__get_games_metadata__dbt_transform is 5873","logger":"cosmos.dbt.graph","filename":"graph.py","lineno":798}
{"timestamp":"2026-06-29T06:21:30.270526Z","level":"info","event":"Cosmos performance: Cache hit for cosmos_cache__get_games_metadata__dbt_transform - 5d5dc19a4d21d68d9e2dd97b4b147311,84441d245827577361e239eef1354057","logger":"cosmos.dbt.graph","filename":"graph.py","lineno":806}
{"timestamp":"2026-06-29T06:21:30.270720Z","level":"info","event":"Total nodes: 6","logger":"cosmos.dbt.graph","filename":"graph.py","lineno":711}
{"timestamp":"2026-06-29T06:21:30.270754Z","level":"info","event":"Total filtered nodes: 6","logger":"cosmos.dbt.graph","filename":"graph.py","lineno":712}
{"timestamp":"2026-06-29T06:21:30.270791Z","level":"info","event":"Cosmos performance (get_games_metadata__dbt_transform) -  [d2f09bca74c9|2742]: It took 0.00705s to parse the dbt project for DAG using LoadMode.DBT_LS_CACHE","logger":"cosmos.converter","filename":"converter.py","lineno":340}
{"timestamp":"2026-06-29T06:21:30.271034Z","level":"info","event":"Project /tmp/airflow/dag_bundles/my-git-repo/tracking_repo/dbt_project does not have {'dependencies.yml', 'packages.yml'}","logger":"cosmos.dbt.project","filename":"project.py","lineno":40}
{"timestamp":"2026-06-29T06:21:30.271436Z","level":"info","event":"Project /tmp/airflow/dag_bundles/my-git-repo/tracking_repo/dbt_project does not have {'dependencies.yml', 'packages.yml'}","logger":"cosmos.dbt.project","filename":"project.py","lineno":40}
{"timestamp":"2026-06-29T06:21:30.271887Z","level":"info","event":"Project /tmp/airflow/dag_bundles/my-git-repo/tracking_repo/dbt_project does not have {'dependencies.yml', 'packages.yml'}","logger":"cosmos.dbt.project","filename":"project.py","lineno":40}
{"timestamp":"2026-06-29T06:21:30.272301Z","level":"info","event":"Project /tmp/airflow/dag_bundles/my-git-repo/tracking_repo/dbt_project does not have {'dependencies.yml', 'packages.yml'}","logger":"cosmos.dbt.project","filename":"project.py","lineno":40}
{"timestamp":"2026-06-29T06:21:30.272664Z","level":"info","event":"Project /tmp/airflow/dag_bundles/my-git-repo/tracking_repo/dbt_project does not have {'dependencies.yml', 'packages.yml'}","logger":"cosmos.dbt.project","filename":"project.py","lineno":40}
{"timestamp":"2026-06-29T06:21:30.273019Z","level":"info","event":"Project /tmp/airflow/dag_bundles/my-git-repo/tracking_repo/dbt_project does not have {'dependencies.yml', 'packages.yml'}","logger":"cosmos.dbt.project","filename":"project.py","lineno":40}
{"timestamp":"2026-06-29T06:21:30.273387Z","level":"info","event":"Project /tmp/airflow/dag_bundles/my-git-repo/tracking_repo/dbt_project does not have {'dependencies.yml', 'packages.yml'}","logger":"cosmos.dbt.project","filename":"project.py","lineno":40}
{"timestamp":"2026-06-29T06:21:30.273588Z","level":"info","event":"Cosmos performance (get_games_metadata__dbt_transform) - [d2f09bca74c9|2742]: It took 0.0028s to build the Airflow DAG.","logger":"cosmos.converter","filename":"converter.py","lineno":387}
{"timestamp":"2026-06-29T06:21:30.273626Z","level":"info","event":"::endgroup::Cosmos DAG parsing logs","logger":"cosmos.converter","filename":"converter.py","lineno":390}
{"timestamp":"2026-06-29T06:22:00.953090Z","level":"info","event":"Filling up the DagBag from /tmp/airflow/dag_bundles/my-git-repo/tracking_repo/airflow-dags/steam/DAG_steam_api.py","logger":"airflow.models.dagbag.DagBag","filename":"dagbag.py","lineno":593}
{"timestamp":"2026-06-29T06:22:01.352058Z","level":"info","event":"Project /tmp/airflow/dag_bundles/my-git-repo/tracking_repo/dbt_project does not have {'dependencies.yml', 'packages.yml'}","logger":"cosmos.dbt.project","filename":"project.py","lineno":40}
{"timestamp":"2026-06-29T06:22:01.352696Z","level":"info","event":"::group::Cosmos DAG parsing logs","logger":"cosmos.converter","filename":"converter.py","lineno":293}
{"timestamp":"2026-06-29T06:22:01.353005Z","level":"info","event":"Trying to parse the dbt project using dbt ls cache cosmos_cache__get_games_metadata__dbt_transform...","logger":"cosmos.dbt.graph","filename":"graph.py","lineno":781}
{"timestamp":"2026-06-29T06:22:01.359629Z","level":"info","event":"Cosmos performance: time to calculate cache identifier cosmos_cache__get_games_metadata__dbt_transform for current version: 0.00036375000127009116","logger":"cosmos.cache","filename":"cache.py","lineno":333}
{"timestamp":"2026-06-29T06:22:01.359686Z","level":"info","event":"Cosmos performance [d2f09bca74c9|2770]: The cache size for cosmos_cache__get_games_metadata__dbt_transform is 5873","logger":"cosmos.dbt.graph","filename":"graph.py","lineno":798}
{"timestamp":"2026-06-29T06:22:01.359866Z","level":"info","event":"Cosmos performance: Cache hit for cosmos_cache__get_games_metadata__dbt_transform - 5d5dc19a4d21d68d9e2dd97b4b147311,84441d245827577361e239eef1354057","logger":"cosmos.dbt.graph","filename":"graph.py","lineno":806}
{"timestamp":"2026-06-29T06:22:01.360035Z","level":"info","event":"Total nodes: 6","logger":"cosmos.dbt.graph","filename":"graph.py","lineno":711}
{"timestamp":"2026-06-29T06:22:01.360071Z","level":"info","event":"Total filtered nodes: 6","logger":"cosmos.dbt.graph","filename":"graph.py","lineno":712}
{"timestamp":"2026-06-29T06:22:01.360104Z","level":"info","event":"Cosmos performance (get_games_metadata__dbt_transform) -  [d2f09bca74c9|2770]: It took 0.00713s to parse the dbt project for DAG using LoadMode.DBT_LS_CACHE","logger":"cosmos.converter","filename":"converter.py","lineno":340}
{"timestamp":"2026-06-29T06:22:01.360346Z","level":"info","event":"Project /tmp/airflow/dag_bundles/my-git-repo/tracking_repo/dbt_project does not have {'dependencies.yml', 'packages.yml'}","logger":"cosmos.dbt.project","filename":"project.py","lineno":40}
{"timestamp":"2026-06-29T06:22:01.360725Z","level":"info","event":"Project /tmp/airflow/dag_bundles/my-git-repo/tracking_repo/dbt_project does not have {'dependencies.yml', 'packages.yml'}","logger":"cosmos.dbt.project","filename":"project.py","lineno":40}
{"timestamp":"2026-06-29T06:22:01.361143Z","level":"info","event":"Project /tmp/airflow/dag_bundles/my-git-repo/tracking_repo/dbt_project does not have {'dependencies.yml', 'packages.yml'}","logger":"cosmos.dbt.project","filename":"project.py","lineno":40}
{"timestamp":"2026-06-29T06:22:01.361531Z","level":"info","event":"Project /tmp/airflow/dag_bundles/my-git-repo/tracking_repo/dbt_project does not have {'dependencies.yml', 'packages.yml'}","logger":"cosmos.dbt.project","filename":"project.py","lineno":40}
{"timestamp":"2026-06-29T06:22:01.361898Z","level":"info","event":"Project /tmp/airflow/dag_bundles/my-git-repo/tracking_repo/dbt_project does not have {'dependencies.yml', 'packages.yml'}","logger":"cosmos.dbt.project","filename":"project.py","lineno":40}
{"timestamp":"2026-06-29T06:22:01.362253Z","level":"info","event":"Project /tmp/airflow/dag_bundles/my-git-repo/tracking_repo/dbt_project does not have {'dependencies.yml', 'packages.yml'}","logger":"cosmos.dbt.project","filename":"project.py","lineno":40}
{"timestamp":"2026-06-29T06:22:01.362673Z","level":"info","event":"Project /tmp/airflow/dag_bundles/my-git-repo/tracking_repo/dbt_project does not have {'dependencies.yml', 'packages.yml'}","logger":"cosmos.dbt.project","filename":"project.py","lineno":40}
{"timestamp":"2026-06-29T06:22:01.362919Z","level":"info","event":"Cosmos performance (get_games_metadata__dbt_transform) - [d2f09bca74c9|2770]: It took 0.00281s to build the Airflow DAG.","logger":"cosmos.converter","filename":"converter.py","lineno":387}
{"timestamp":"2026-06-29T06:22:01.362955Z","level":"info","event":"::endgroup::Cosmos DAG parsing logs","logger":"cosmos.converter","filename":"converter.py","lineno":390}
{"timestamp":"2026-06-29T06:22:32.690344Z","level":"info","event":"Filling up the DagBag from /tmp/airflow/dag_bundles/my-git-repo/tracking_repo/airflow-dags/steam/DAG_steam_api.py","logger":"airflow.models.dagbag.DagBag","filename":"dagbag.py","lineno":593}
{"timestamp":"2026-06-29T06:22:33.078879Z","level":"info","event":"Project /tmp/airflow/dag_bundles/my-git-repo/tracking_repo/dbt_project does not have {'dependencies.yml', 'packages.yml'}","logger":"cosmos.dbt.project","filename":"project.py","lineno":40}
{"timestamp":"2026-06-29T06:22:33.079451Z","level":"info","event":"::group::Cosmos DAG parsing logs","logger":"cosmos.converter","filename":"converter.py","lineno":293}
{"timestamp":"2026-06-29T06:22:33.079722Z","level":"info","event":"Trying to parse the dbt project using dbt ls cache cosmos_cache__get_games_metadata__dbt_transform...","logger":"cosmos.dbt.graph","filename":"graph.py","lineno":781}
{"timestamp":"2026-06-29T06:22:33.087316Z","level":"info","event":"Cosmos performance: time to calculate cache identifier cosmos_cache__get_games_metadata__dbt_transform for current version: 0.0003951250000682194","logger":"cosmos.cache","filename":"cache.py","lineno":333}
{"timestamp":"2026-06-29T06:22:33.087377Z","level":"info","event":"Cosmos performance [d2f09bca74c9|2813]: The cache size for cosmos_cache__get_games_metadata__dbt_transform is 5873","logger":"cosmos.dbt.graph","filename":"graph.py","lineno":798}
{"timestamp":"2026-06-29T06:22:33.087516Z","level":"info","event":"Cosmos performance: Cache hit for cosmos_cache__get_games_metadata__dbt_transform - 5d5dc19a4d21d68d9e2dd97b4b147311,84441d245827577361e239eef1354057","logger":"cosmos.dbt.graph","filename":"graph.py","lineno":806}
{"timestamp":"2026-06-29T06:22:33.087696Z","level":"info","event":"Total nodes: 6","logger":"cosmos.dbt.graph","filename":"graph.py","lineno":711}
{"timestamp":"2026-06-29T06:22:33.087734Z","level":"info","event":"Total filtered nodes: 6","logger":"cosmos.dbt.graph","filename":"graph.py","lineno":712}
{"timestamp":"2026-06-29T06:22:33.087769Z","level":"info","event":"Cosmos performance (get_games_metadata__dbt_transform) -  [d2f09bca74c9|2813]: It took 0.00807s to parse the dbt project for DAG using LoadMode.DBT_LS_CACHE","logger":"cosmos.converter","filename":"converter.py","lineno":340}
{"timestamp":"2026-06-29T06:22:33.087993Z","level":"info","event":"Project /tmp/airflow/dag_bundles/my-git-repo/tracking_repo/dbt_project does not have {'dependencies.yml', 'packages.yml'}","logger":"cosmos.dbt.project","filename":"project.py","lineno":40}
{"timestamp":"2026-06-29T06:22:33.088397Z","level":"info","event":"Project /tmp/airflow/dag_bundles/my-git-repo/tracking_repo/dbt_project does not have {'dependencies.yml', 'packages.yml'}","logger":"cosmos.dbt.project","filename":"project.py","lineno":40}
{"timestamp":"2026-06-29T06:22:33.088813Z","level":"info","event":"Project /tmp/airflow/dag_bundles/my-git-repo/tracking_repo/dbt_project does not have {'dependencies.yml', 'packages.yml'}","logger":"cosmos.dbt.project","filename":"project.py","lineno":40}
{"timestamp":"2026-06-29T06:22:33.089198Z","level":"info","event":"Project /tmp/airflow/dag_bundles/my-git-repo/tracking_repo/dbt_project does not have {'dependencies.yml', 'packages.yml'}","logger":"cosmos.dbt.project","filename":"project.py","lineno":40}
{"timestamp":"2026-06-29T06:22:33.089576Z","level":"info","event":"Project /tmp/airflow/dag_bundles/my-git-repo/tracking_repo/dbt_project does not have {'dependencies.yml', 'packages.yml'}","logger":"cosmos.dbt.project","filename":"project.py","lineno":40}
{"timestamp":"2026-06-29T06:22:33.089930Z","level":"info","event":"Project /tmp/airflow/dag_bundles/my-git-repo/tracking_repo/dbt_project does not have {'dependencies.yml', 'packages.yml'}","logger":"cosmos.dbt.project","filename":"project.py","lineno":40}
{"timestamp":"2026-06-29T06:22:33.090289Z","level":"info","event":"Project /tmp/airflow/dag_bundles/my-git-repo/tracking_repo/dbt_project does not have {'dependencies.yml', 'packages.yml'}","logger":"cosmos.dbt.project","filename":"project.py","lineno":40}
{"timestamp":"2026-06-29T06:22:33.090507Z","level":"info","event":"Cosmos performance (get_games_metadata__dbt_transform) - [d2f09bca74c9|2813]: It took 0.00274s to build the Airflow DAG.","logger":"cosmos.converter","filename":"converter.py","lineno":387}
{"timestamp":"2026-06-29T06:22:33.090535Z","level":"info","event":"::endgroup::Cosmos DAG parsing logs","logger":"cosmos.converter","filename":"converter.py","lineno":390}
{"timestamp":"2026-06-29T06:23:03.829643Z","level":"info","event":"Filling up the DagBag from /tmp/airflow/dag_bundles/my-git-repo/tracking_repo/airflow-dags/steam/DAG_steam_api.py","logger":"airflow.models.dagbag.DagBag","filename":"dagbag.py","lineno":593}
{"timestamp":"2026-06-29T06:23:04.226568Z","level":"info","event":"Project /tmp/airflow/dag_bundles/my-git-repo/tracking_repo/dbt_project does not have {'dependencies.yml', 'packages.yml'}","logger":"cosmos.dbt.project","filename":"project.py","lineno":40}
{"timestamp":"2026-06-29T06:23:04.227221Z","level":"info","event":"::group::Cosmos DAG parsing logs","logger":"cosmos.converter","filename":"converter.py","lineno":293}
{"timestamp":"2026-06-29T06:23:04.227494Z","level":"info","event":"Trying to parse the dbt project using dbt ls cache cosmos_cache__get_games_metadata__dbt_transform...","logger":"cosmos.dbt.graph","filename":"graph.py","lineno":781}
{"timestamp":"2026-06-29T06:23:04.233931Z","level":"info","event":"Cosmos performance: time to calculate cache identifier cosmos_cache__get_games_metadata__dbt_transform for current version: 0.00039066700264811516","logger":"cosmos.cache","filename":"cache.py","lineno":333}
{"timestamp":"2026-06-29T06:23:04.233991Z","level":"info","event":"Cosmos performance [d2f09bca74c9|2841]: The cache size for cosmos_cache__get_games_metadata__dbt_transform is 5873","logger":"cosmos.dbt.graph","filename":"graph.py","lineno":798}
{"timestamp":"2026-06-29T06:23:04.234142Z","level":"info","event":"Cosmos performance: Cache hit for cosmos_cache__get_games_metadata__dbt_transform - 5d5dc19a4d21d68d9e2dd97b4b147311,84441d245827577361e239eef1354057","logger":"cosmos.dbt.graph","filename":"graph.py","lineno":806}
{"timestamp":"2026-06-29T06:23:04.234314Z","level":"info","event":"Total nodes: 6","logger":"cosmos.dbt.graph","filename":"graph.py","lineno":711}
{"timestamp":"2026-06-29T06:23:04.234352Z","level":"info","event":"Total filtered nodes: 6","logger":"cosmos.dbt.graph","filename":"graph.py","lineno":712}
{"timestamp":"2026-06-29T06:23:04.234395Z","level":"info","event":"Cosmos performance (get_games_metadata__dbt_transform) -  [d2f09bca74c9|2841]: It took 0.00692s to parse the dbt project for DAG using LoadMode.DBT_LS_CACHE","logger":"cosmos.converter","filename":"converter.py","lineno":340}
{"timestamp":"2026-06-29T06:23:04.234632Z","level":"info","event":"Project /tmp/airflow/dag_bundles/my-git-repo/tracking_repo/dbt_project does not have {'dependencies.yml', 'packages.yml'}","logger":"cosmos.dbt.project","filename":"project.py","lineno":40}
{"timestamp":"2026-06-29T06:23:04.235001Z","level":"info","event":"Project /tmp/airflow/dag_bundles/my-git-repo/tracking_repo/dbt_project does not have {'dependencies.yml', 'packages.yml'}","logger":"cosmos.dbt.project","filename":"project.py","lineno":40}
{"timestamp":"2026-06-29T06:23:04.235397Z","level":"info","event":"Project /tmp/airflow/dag_bundles/my-git-repo/tracking_repo/dbt_project does not have {'dependencies.yml', 'packages.yml'}","logger":"cosmos.dbt.project","filename":"project.py","lineno":40}
{"timestamp":"2026-06-29T06:23:04.235810Z","level":"info","event":"Project /tmp/airflow/dag_bundles/my-git-repo/tracking_repo/dbt_project does not have {'dependencies.yml', 'packages.yml'}","logger":"cosmos.dbt.project","filename":"project.py","lineno":40}
{"timestamp":"2026-06-29T06:23:04.236178Z","level":"info","event":"Project /tmp/airflow/dag_bundles/my-git-repo/tracking_repo/dbt_project does not have {'dependencies.yml', 'packages.yml'}","logger":"cosmos.dbt.project","filename":"project.py","lineno":40}
{"timestamp":"2026-06-29T06:23:04.236521Z","level":"info","event":"Project /tmp/airflow/dag_bundles/my-git-repo/tracking_repo/dbt_project does not have {'dependencies.yml', 'packages.yml'}","logger":"cosmos.dbt.project","filename":"project.py","lineno":40}
{"timestamp":"2026-06-29T06:23:04.236956Z","level":"info","event":"Project /tmp/airflow/dag_bundles/my-git-repo/tracking_repo/dbt_project does not have {'dependencies.yml', 'packages.yml'}","logger":"cosmos.dbt.project","filename":"project.py","lineno":40}
{"timestamp":"2026-06-29T06:23:04.237180Z","level":"info","event":"Cosmos performance (get_games_metadata__dbt_transform) - [d2f09bca74c9|2841]: It took 0.00279s to build the Airflow DAG.","logger":"cosmos.converter","filename":"converter.py","lineno":387}
{"timestamp":"2026-06-29T06:23:04.237217Z","level":"info","event":"::endgroup::Cosmos DAG parsing logs","logger":"cosmos.converter","filename":"converter.py","lineno":390}
{"timestamp":"2026-06-29T06:23:35.005150Z","level":"info","event":"Filling up the DagBag from /tmp/airflow/dag_bundles/my-git-repo/tracking_repo/airflow-dags/steam/DAG_steam_api.py","logger":"airflow.models.dagbag.DagBag","filename":"dagbag.py","lineno":593}
{"timestamp":"2026-06-29T06:23:35.393296Z","level":"info","event":"Project /tmp/airflow/dag_bundles/my-git-repo/tracking_repo/dbt_project does not have {'dependencies.yml', 'packages.yml'}","logger":"cosmos.dbt.project","filename":"project.py","lineno":40}
{"timestamp":"2026-06-29T06:23:35.393934Z","level":"info","event":"::group::Cosmos DAG parsing logs","logger":"cosmos.converter","filename":"converter.py","lineno":293}
{"timestamp":"2026-06-29T06:23:35.394225Z","level":"info","event":"Trying to parse the dbt project using dbt ls cache cosmos_cache__get_games_metadata__dbt_transform...","logger":"cosmos.dbt.graph","filename":"graph.py","lineno":781}
{"timestamp":"2026-06-29T06:23:35.400705Z","level":"info","event":"Cosmos performance: time to calculate cache identifier cosmos_cache__get_games_metadata__dbt_transform for current version: 0.00037312499989639036","logger":"cosmos.cache","filename":"cache.py","lineno":333}
{"timestamp":"2026-06-29T06:23:35.400768Z","level":"info","event":"Cosmos performance [d2f09bca74c9|2869]: The cache size for cosmos_cache__get_games_metadata__dbt_transform is 5873","logger":"cosmos.dbt.graph","filename":"graph.py","lineno":798}
{"timestamp":"2026-06-29T06:23:35.400920Z","level":"info","event":"Cosmos performance: Cache hit for cosmos_cache__get_games_metadata__dbt_transform - 5d5dc19a4d21d68d9e2dd97b4b147311,84441d245827577361e239eef1354057","logger":"cosmos.dbt.graph","filename":"graph.py","lineno":806}
{"timestamp":"2026-06-29T06:23:35.401108Z","level":"info","event":"Total nodes: 6","logger":"cosmos.dbt.graph","filename":"graph.py","lineno":711}
{"timestamp":"2026-06-29T06:23:35.401142Z","level":"info","event":"Total filtered nodes: 6","logger":"cosmos.dbt.graph","filename":"graph.py","lineno":712}
{"timestamp":"2026-06-29T06:23:35.401177Z","level":"info","event":"Cosmos performance (get_games_metadata__dbt_transform) -  [d2f09bca74c9|2869]: It took 0.00697s to parse the dbt project for DAG using LoadMode.DBT_LS_CACHE","logger":"cosmos.converter","filename":"converter.py","lineno":340}
{"timestamp":"2026-06-29T06:23:35.401409Z","level":"info","event":"Project /tmp/airflow/dag_bundles/my-git-repo/tracking_repo/dbt_project does not have {'dependencies.yml', 'packages.yml'}","logger":"cosmos.dbt.project","filename":"project.py","lineno":40}
{"timestamp":"2026-06-29T06:23:35.401806Z","level":"info","event":"Project /tmp/airflow/dag_bundles/my-git-repo/tracking_repo/dbt_project does not have {'dependencies.yml', 'packages.yml'}","logger":"cosmos.dbt.project","filename":"project.py","lineno":40}
{"timestamp":"2026-06-29T06:23:35.402218Z","level":"info","event":"Project /tmp/airflow/dag_bundles/my-git-repo/tracking_repo/dbt_project does not have {'dependencies.yml', 'packages.yml'}","logger":"cosmos.dbt.project","filename":"project.py","lineno":40}
{"timestamp":"2026-06-29T06:23:35.402610Z","level":"info","event":"Project /tmp/airflow/dag_bundles/my-git-repo/tracking_repo/dbt_project does not have {'dependencies.yml', 'packages.yml'}","logger":"cosmos.dbt.project","filename":"project.py","lineno":40}
{"timestamp":"2026-06-29T06:23:35.402975Z","level":"info","event":"Project /tmp/airflow/dag_bundles/my-git-repo/tracking_repo/dbt_project does not have {'dependencies.yml', 'packages.yml'}","logger":"cosmos.dbt.project","filename":"project.py","lineno":40}
{"timestamp":"2026-06-29T06:23:35.403335Z","level":"info","event":"Project /tmp/airflow/dag_bundles/my-git-repo/tracking_repo/dbt_project does not have {'dependencies.yml', 'packages.yml'}","logger":"cosmos.dbt.project","filename":"project.py","lineno":40}
{"timestamp":"2026-06-29T06:23:35.403679Z","level":"info","event":"Project /tmp/airflow/dag_bundles/my-git-repo/tracking_repo/dbt_project does not have {'dependencies.yml', 'packages.yml'}","logger":"cosmos.dbt.project","filename":"project.py","lineno":40}
{"timestamp":"2026-06-29T06:23:35.403898Z","level":"info","event":"Cosmos performance (get_games_metadata__dbt_transform) - [d2f09bca74c9|2869]: It took 0.00272s to build the Airflow DAG.","logger":"cosmos.converter","filename":"converter.py","lineno":387}
{"timestamp":"2026-06-29T06:23:35.403926Z","level":"info","event":"::endgroup::Cosmos DAG parsing logs","logger":"cosmos.converter","filename":"converter.py","lineno":390}
{"timestamp":"2026-06-29T06:24:06.136488Z","level":"info","event":"Filling up the DagBag from /tmp/airflow/dag_bundles/my-git-repo/tracking_repo/airflow-dags/steam/DAG_steam_api.py","logger":"airflow.models.dagbag.DagBag","filename":"dagbag.py","lineno":593}
{"timestamp":"2026-06-29T06:24:06.536817Z","level":"info","event":"Project /tmp/airflow/dag_bundles/my-git-repo/tracking_repo/dbt_project does not have {'dependencies.yml', 'packages.yml'}","logger":"cosmos.dbt.project","filename":"project.py","lineno":40}
{"timestamp":"2026-06-29T06:24:06.537484Z","level":"info","event":"::group::Cosmos DAG parsing logs","logger":"cosmos.converter","filename":"converter.py","lineno":293}
{"timestamp":"2026-06-29T06:24:06.537758Z","level":"info","event":"Trying to parse the dbt project using dbt ls cache cosmos_cache__get_games_metadata__dbt_transform...","logger":"cosmos.dbt.graph","filename":"graph.py","lineno":781}
{"timestamp":"2026-06-29T06:24:06.544254Z","level":"info","event":"Cosmos performance: time to calculate cache identifier cosmos_cache__get_games_metadata__dbt_transform for current version: 0.0003741249965969473","logger":"cosmos.cache","filename":"cache.py","lineno":333}
{"timestamp":"2026-06-29T06:24:06.544315Z","level":"info","event":"Cosmos performance [d2f09bca74c9|2897]: The cache size for cosmos_cache__get_games_metadata__dbt_transform is 5873","logger":"cosmos.dbt.graph","filename":"graph.py","lineno":798}
{"timestamp":"2026-06-29T06:24:06.544481Z","level":"info","event":"Cosmos performance: Cache hit for cosmos_cache__get_games_metadata__dbt_transform - 5d5dc19a4d21d68d9e2dd97b4b147311,84441d245827577361e239eef1354057","logger":"cosmos.dbt.graph","filename":"graph.py","lineno":806}
{"timestamp":"2026-06-29T06:24:06.544664Z","level":"info","event":"Total nodes: 6","logger":"cosmos.dbt.graph","filename":"graph.py","lineno":711}
{"timestamp":"2026-06-29T06:24:06.544701Z","level":"info","event":"Total filtered nodes: 6","logger":"cosmos.dbt.graph","filename":"graph.py","lineno":712}
{"timestamp":"2026-06-29T06:24:06.544744Z","level":"info","event":"Cosmos performance (get_games_metadata__dbt_transform) -  [d2f09bca74c9|2897]: It took 0.00701s to parse the dbt project for DAG using LoadMode.DBT_LS_CACHE","logger":"cosmos.converter","filename":"converter.py","lineno":340}
{"timestamp":"2026-06-29T06:24:06.544971Z","level":"info","event":"Project /tmp/airflow/dag_bundles/my-git-repo/tracking_repo/dbt_project does not have {'dependencies.yml', 'packages.yml'}","logger":"cosmos.dbt.project","filename":"project.py","lineno":40}
{"timestamp":"2026-06-29T06:24:06.545385Z","level":"info","event":"Project /tmp/airflow/dag_bundles/my-git-repo/tracking_repo/dbt_project does not have {'dependencies.yml', 'packages.yml'}","logger":"cosmos.dbt.project","filename":"project.py","lineno":40}
{"timestamp":"2026-06-29T06:24:06.545793Z","level":"info","event":"Project /tmp/airflow/dag_bundles/my-git-repo/tracking_repo/dbt_project does not have {'dependencies.yml', 'packages.yml'}","logger":"cosmos.dbt.project","filename":"project.py","lineno":40}
{"timestamp":"2026-06-29T06:24:06.546182Z","level":"info","event":"Project /tmp/airflow/dag_bundles/my-git-repo/tracking_repo/dbt_project does not have {'dependencies.yml', 'packages.yml'}","logger":"cosmos.dbt.project","filename":"project.py","lineno":40}
{"timestamp":"2026-06-29T06:24:06.546565Z","level":"info","event":"Project /tmp/airflow/dag_bundles/my-git-repo/tracking_repo/dbt_project does not have {'dependencies.yml', 'packages.yml'}","logger":"cosmos.dbt.project","filename":"project.py","lineno":40}
{"timestamp":"2026-06-29T06:24:06.546924Z","level":"info","event":"Project /tmp/airflow/dag_bundles/my-git-repo/tracking_repo/dbt_project does not have {'dependencies.yml', 'packages.yml'}","logger":"cosmos.dbt.project","filename":"project.py","lineno":40}
{"timestamp":"2026-06-29T06:24:06.547338Z","level":"info","event":"Project /tmp/airflow/dag_bundles/my-git-repo/tracking_repo/dbt_project does not have {'dependencies.yml', 'packages.yml'}","logger":"cosmos.dbt.project","filename":"project.py","lineno":40}
{"timestamp":"2026-06-29T06:24:06.547581Z","level":"info","event":"Cosmos performance (get_games_metadata__dbt_transform) - [d2f09bca74c9|2897]: It took 0.00284s to build the Airflow DAG.","logger":"cosmos.converter","filename":"converter.py","lineno":387}
{"timestamp":"2026-06-29T06:24:06.547619Z","level":"info","event":"::endgroup::Cosmos DAG parsing logs","logger":"cosmos.converter","filename":"converter.py","lineno":390}
{"timestamp":"2026-06-29T06:24:36.900177Z","level":"info","event":"Filling up the DagBag from /tmp/airflow/dag_bundles/my-git-repo/tracking_repo/airflow-dags/steam/DAG_steam_api.py","logger":"airflow.models.dagbag.DagBag","filename":"dagbag.py","lineno":593}
{"timestamp":"2026-06-29T06:24:37.334751Z","level":"info","event":"Project /tmp/airflow/dag_bundles/my-git-repo/tracking_repo/dbt_project does not have {'dependencies.yml', 'packages.yml'}","logger":"cosmos.dbt.project","filename":"project.py","lineno":40}
{"timestamp":"2026-06-29T06:24:37.335402Z","level":"info","event":"::group::Cosmos DAG parsing logs","logger":"cosmos.converter","filename":"converter.py","lineno":293}
{"timestamp":"2026-06-29T06:24:37.335680Z","level":"info","event":"Trying to parse the dbt project using dbt ls cache cosmos_cache__get_games_metadata__dbt_transform...","logger":"cosmos.dbt.graph","filename":"graph.py","lineno":781}
{"timestamp":"2026-06-29T06:24:37.342031Z","level":"info","event":"Cosmos performance: time to calculate cache identifier cosmos_cache__get_games_metadata__dbt_transform for current version: 0.0003779580001719296","logger":"cosmos.cache","filename":"cache.py","lineno":333}
{"timestamp":"2026-06-29T06:24:37.342095Z","level":"info","event":"Cosmos performance [d2f09bca74c9|2940]: The cache size for cosmos_cache__get_games_metadata__dbt_transform is 5873","logger":"cosmos.dbt.graph","filename":"graph.py","lineno":798}
{"timestamp":"2026-06-29T06:24:37.342263Z","level":"info","event":"Cosmos performance: Cache hit for cosmos_cache__get_games_metadata__dbt_transform - 5d5dc19a4d21d68d9e2dd97b4b147311,84441d245827577361e239eef1354057","logger":"cosmos.dbt.graph","filename":"graph.py","lineno":806}
{"timestamp":"2026-06-29T06:24:37.342446Z","level":"info","event":"Total nodes: 6","logger":"cosmos.dbt.graph","filename":"graph.py","lineno":711}
{"timestamp":"2026-06-29T06:24:37.342485Z","level":"info","event":"Total filtered nodes: 6","logger":"cosmos.dbt.graph","filename":"graph.py","lineno":712}
{"timestamp":"2026-06-29T06:24:37.342521Z","level":"info","event":"Cosmos performance (get_games_metadata__dbt_transform) -  [d2f09bca74c9|2940]: It took 0.00686s to parse the dbt project for DAG using LoadMode.DBT_LS_CACHE","logger":"cosmos.converter","filename":"converter.py","lineno":340}
{"timestamp":"2026-06-29T06:24:37.342755Z","level":"info","event":"Project /tmp/airflow/dag_bundles/my-git-repo/tracking_repo/dbt_project does not have {'dependencies.yml', 'packages.yml'}","logger":"cosmos.dbt.project","filename":"project.py","lineno":40}
{"timestamp":"2026-06-29T06:24:37.343150Z","level":"info","event":"Project /tmp/airflow/dag_bundles/my-git-repo/tracking_repo/dbt_project does not have {'dependencies.yml', 'packages.yml'}","logger":"cosmos.dbt.project","filename":"project.py","lineno":40}
{"timestamp":"2026-06-29T06:24:37.343575Z","level":"info","event":"Project /tmp/airflow/dag_bundles/my-git-repo/tracking_repo/dbt_project does not have {'dependencies.yml', 'packages.yml'}","logger":"cosmos.dbt.project","filename":"project.py","lineno":40}
{"timestamp":"2026-06-29T06:24:37.343966Z","level":"info","event":"Project /tmp/airflow/dag_bundles/my-git-repo/tracking_repo/dbt_project does not have {'dependencies.yml', 'packages.yml'}","logger":"cosmos.dbt.project","filename":"project.py","lineno":40}
{"timestamp":"2026-06-29T06:24:37.344337Z","level":"info","event":"Project /tmp/airflow/dag_bundles/my-git-repo/tracking_repo/dbt_project does not have {'dependencies.yml', 'packages.yml'}","logger":"cosmos.dbt.project","filename":"project.py","lineno":40}
{"timestamp":"2026-06-29T06:24:37.344671Z","level":"info","event":"Project /tmp/airflow/dag_bundles/my-git-repo/tracking_repo/dbt_project does not have {'dependencies.yml', 'packages.yml'}","logger":"cosmos.dbt.project","filename":"project.py","lineno":40}
{"timestamp":"2026-06-29T06:24:37.345084Z","level":"info","event":"Project /tmp/airflow/dag_bundles/my-git-repo/tracking_repo/dbt_project does not have {'dependencies.yml', 'packages.yml'}","logger":"cosmos.dbt.project","filename":"project.py","lineno":40}
{"timestamp":"2026-06-29T06:24:37.345328Z","level":"info","event":"Cosmos performance (get_games_metadata__dbt_transform) - [d2f09bca74c9|2940]: It took 0.00281s to build the Airflow DAG.","logger":"cosmos.converter","filename":"converter.py","lineno":387}
{"timestamp":"2026-06-29T06:24:37.345366Z","level":"info","event":"::endgroup::Cosmos DAG parsing logs","logger":"cosmos.converter","filename":"converter.py","lineno":390}
{"timestamp":"2026-06-29T06:25:08.065210Z","level":"info","event":"Filling up the DagBag from /tmp/airflow/dag_bundles/my-git-repo/tracking_repo/airflow-dags/steam/DAG_steam_api.py","logger":"airflow.models.dagbag.DagBag","filename":"dagbag.py","lineno":593}
{"timestamp":"2026-06-29T06:25:08.466178Z","level":"info","event":"Project /tmp/airflow/dag_bundles/my-git-repo/tracking_repo/dbt_project does not have {'dependencies.yml', 'packages.yml'}","logger":"cosmos.dbt.project","filename":"project.py","lineno":40}
{"timestamp":"2026-06-29T06:25:08.466825Z","level":"info","event":"::group::Cosmos DAG parsing logs","logger":"cosmos.converter","filename":"converter.py","lineno":293}
{"timestamp":"2026-06-29T06:25:08.467101Z","level":"info","event":"Trying to parse the dbt project using dbt ls cache cosmos_cache__get_games_metadata__dbt_transform...","logger":"cosmos.dbt.graph","filename":"graph.py","lineno":781}
{"timestamp":"2026-06-29T06:25:08.473920Z","level":"info","event":"Cosmos performance: time to calculate cache identifier cosmos_cache__get_games_metadata__dbt_transform for current version: 0.0003827500004263129","logger":"cosmos.cache","filename":"cache.py","lineno":333}
{"timestamp":"2026-06-29T06:25:08.473981Z","level":"info","event":"Cosmos performance [d2f09bca74c9|2968]: The cache size for cosmos_cache__get_games_metadata__dbt_transform is 5873","logger":"cosmos.dbt.graph","filename":"graph.py","lineno":798}
{"timestamp":"2026-06-29T06:25:08.474135Z","level":"info","event":"Cosmos performance: Cache hit for cosmos_cache__get_games_metadata__dbt_transform - 5d5dc19a4d21d68d9e2dd97b4b147311,84441d245827577361e239eef1354057","logger":"cosmos.dbt.graph","filename":"graph.py","lineno":806}
{"timestamp":"2026-06-29T06:25:08.474312Z","level":"info","event":"Total nodes: 6","logger":"cosmos.dbt.graph","filename":"graph.py","lineno":711}
{"timestamp":"2026-06-29T06:25:08.474346Z","level":"info","event":"Total filtered nodes: 6","logger":"cosmos.dbt.graph","filename":"graph.py","lineno":712}
{"timestamp":"2026-06-29T06:25:08.474388Z","level":"info","event":"Cosmos performance (get_games_metadata__dbt_transform) -  [d2f09bca74c9|2968]: It took 0.00731s to parse the dbt project for DAG using LoadMode.DBT_LS_CACHE","logger":"cosmos.converter","filename":"converter.py","lineno":340}
{"timestamp":"2026-06-29T06:25:08.474654Z","level":"info","event":"Project /tmp/airflow/dag_bundles/my-git-repo/tracking_repo/dbt_project does not have {'dependencies.yml', 'packages.yml'}","logger":"cosmos.dbt.project","filename":"project.py","lineno":40}
{"timestamp":"2026-06-29T06:25:08.475043Z","level":"info","event":"Project /tmp/airflow/dag_bundles/my-git-repo/tracking_repo/dbt_project does not have {'dependencies.yml', 'packages.yml'}","logger":"cosmos.dbt.project","filename":"project.py","lineno":40}
{"timestamp":"2026-06-29T06:25:08.475490Z","level":"info","event":"Project /tmp/airflow/dag_bundles/my-git-repo/tracking_repo/dbt_project does not have {'dependencies.yml', 'packages.yml'}","logger":"cosmos.dbt.project","filename":"project.py","lineno":40}
{"timestamp":"2026-06-29T06:25:08.475888Z","level":"info","event":"Project /tmp/airflow/dag_bundles/my-git-repo/tracking_repo/dbt_project does not have {'dependencies.yml', 'packages.yml'}","logger":"cosmos.dbt.project","filename":"project.py","lineno":40}
{"timestamp":"2026-06-29T06:25:08.476265Z","level":"info","event":"Project /tmp/airflow/dag_bundles/my-git-repo/tracking_repo/dbt_project does not have {'dependencies.yml', 'packages.yml'}","logger":"cosmos.dbt.project","filename":"project.py","lineno":40}
{"timestamp":"2026-06-29T06:25:08.476639Z","level":"info","event":"Project /tmp/airflow/dag_bundles/my-git-repo/tracking_repo/dbt_project does not have {'dependencies.yml', 'packages.yml'}","logger":"cosmos.dbt.project","filename":"project.py","lineno":40}
{"timestamp":"2026-06-29T06:25:08.476990Z","level":"info","event":"Project /tmp/airflow/dag_bundles/my-git-repo/tracking_repo/dbt_project does not have {'dependencies.yml', 'packages.yml'}","logger":"cosmos.dbt.project","filename":"project.py","lineno":40}
{"timestamp":"2026-06-29T06:25:08.477220Z","level":"info","event":"Cosmos performance (get_games_metadata__dbt_transform) - [d2f09bca74c9|2968]: It took 0.00283s to build the Airflow DAG.","logger":"cosmos.converter","filename":"converter.py","lineno":387}
{"timestamp":"2026-06-29T06:25:08.477256Z","level":"info","event":"::endgroup::Cosmos DAG parsing logs","logger":"cosmos.converter","filename":"converter.py","lineno":390}
{"timestamp":"2026-06-29T06:25:39.231913Z","level":"info","event":"Filling up the DagBag from /tmp/airflow/dag_bundles/my-git-repo/tracking_repo/airflow-dags/steam/DAG_steam_api.py","logger":"airflow.models.dagbag.DagBag","filename":"dagbag.py","lineno":593}
{"timestamp":"2026-06-29T06:25:39.647613Z","level":"info","event":"Project /tmp/airflow/dag_bundles/my-git-repo/tracking_repo/dbt_project does not have {'dependencies.yml', 'packages.yml'}","logger":"cosmos.dbt.project","filename":"project.py","lineno":40}
{"timestamp":"2026-06-29T06:25:39.648269Z","level":"info","event":"::group::Cosmos DAG parsing logs","logger":"cosmos.converter","filename":"converter.py","lineno":293}
{"timestamp":"2026-06-29T06:25:39.648550Z","level":"info","event":"Trying to parse the dbt project using dbt ls cache cosmos_cache__get_games_metadata__dbt_transform...","logger":"cosmos.dbt.graph","filename":"graph.py","lineno":781}
{"timestamp":"2026-06-29T06:25:39.655090Z","level":"info","event":"Cosmos performance: time to calculate cache identifier cosmos_cache__get_games_metadata__dbt_transform for current version: 0.0003762499982258305","logger":"cosmos.cache","filename":"cache.py","lineno":333}
{"timestamp":"2026-06-29T06:25:39.655148Z","level":"info","event":"Cosmos performance [d2f09bca74c9|2996]: The cache size for cosmos_cache__get_games_metadata__dbt_transform is 5873","logger":"cosmos.dbt.graph","filename":"graph.py","lineno":798}
{"timestamp":"2026-06-29T06:25:39.655293Z","level":"info","event":"Cosmos performance: Cache hit for cosmos_cache__get_games_metadata__dbt_transform - 5d5dc19a4d21d68d9e2dd97b4b147311,84441d245827577361e239eef1354057","logger":"cosmos.dbt.graph","filename":"graph.py","lineno":806}
{"timestamp":"2026-06-29T06:25:39.655473Z","level":"info","event":"Total nodes: 6","logger":"cosmos.dbt.graph","filename":"graph.py","lineno":711}
{"timestamp":"2026-06-29T06:25:39.655510Z","level":"info","event":"Total filtered nodes: 6","logger":"cosmos.dbt.graph","filename":"graph.py","lineno":712}
{"timestamp":"2026-06-29T06:25:39.655550Z","level":"info","event":"Cosmos performance (get_games_metadata__dbt_transform) -  [d2f09bca74c9|2996]: It took 0.00702s to parse the dbt project for DAG using LoadMode.DBT_LS_CACHE","logger":"cosmos.converter","filename":"converter.py","lineno":340}
{"timestamp":"2026-06-29T06:25:39.655786Z","level":"info","event":"Project /tmp/airflow/dag_bundles/my-git-repo/tracking_repo/dbt_project does not have {'dependencies.yml', 'packages.yml'}","logger":"cosmos.dbt.project","filename":"project.py","lineno":40}
{"timestamp":"2026-06-29T06:25:39.656188Z","level":"info","event":"Project /tmp/airflow/dag_bundles/my-git-repo/tracking_repo/dbt_project does not have {'dependencies.yml', 'packages.yml'}","logger":"cosmos.dbt.project","filename":"project.py","lineno":40}
{"timestamp":"2026-06-29T06:25:39.656592Z","level":"info","event":"Project /tmp/airflow/dag_bundles/my-git-repo/tracking_repo/dbt_project does not have {'dependencies.yml', 'packages.yml'}","logger":"cosmos.dbt.project","filename":"project.py","lineno":40}
{"timestamp":"2026-06-29T06:25:39.656977Z","level":"info","event":"Project /tmp/airflow/dag_bundles/my-git-repo/tracking_repo/dbt_project does not have {'dependencies.yml', 'packages.yml'}","logger":"cosmos.dbt.project","filename":"project.py","lineno":40}
{"timestamp":"2026-06-29T06:25:39.657358Z","level":"info","event":"Project /tmp/airflow/dag_bundles/my-git-repo/tracking_repo/dbt_project does not have {'dependencies.yml', 'packages.yml'}","logger":"cosmos.dbt.project","filename":"project.py","lineno":40}
{"timestamp":"2026-06-29T06:25:39.657711Z","level":"info","event":"Project /tmp/airflow/dag_bundles/my-git-repo/tracking_repo/dbt_project does not have {'dependencies.yml', 'packages.yml'}","logger":"cosmos.dbt.project","filename":"project.py","lineno":40}
{"timestamp":"2026-06-29T06:25:39.658146Z","level":"info","event":"Project /tmp/airflow/dag_bundles/my-git-repo/tracking_repo/dbt_project does not have {'dependencies.yml', 'packages.yml'}","logger":"cosmos.dbt.project","filename":"project.py","lineno":40}
{"timestamp":"2026-06-29T06:25:39.658377Z","level":"info","event":"Cosmos performance (get_games_metadata__dbt_transform) - [d2f09bca74c9|2996]: It took 0.00282s to build the Airflow DAG.","logger":"cosmos.converter","filename":"converter.py","lineno":387}
{"timestamp":"2026-06-29T06:25:39.658408Z","level":"info","event":"::endgroup::Cosmos DAG parsing logs","logger":"cosmos.converter","filename":"converter.py","lineno":390}
{"timestamp":"2026-06-29T06:26:10.410032Z","level":"info","event":"Filling up the DagBag from /tmp/airflow/dag_bundles/my-git-repo/tracking_repo/airflow-dags/steam/DAG_steam_api.py","logger":"airflow.models.dagbag.DagBag","filename":"dagbag.py","lineno":593}
{"timestamp":"2026-06-29T06:26:10.799423Z","level":"info","event":"Project /tmp/airflow/dag_bundles/my-git-repo/tracking_repo/dbt_project does not have {'dependencies.yml', 'packages.yml'}","logger":"cosmos.dbt.project","filename":"project.py","lineno":40}
{"timestamp":"2026-06-29T06:26:10.800059Z","level":"info","event":"::group::Cosmos DAG parsing logs","logger":"cosmos.converter","filename":"converter.py","lineno":293}
{"timestamp":"2026-06-29T06:26:10.800344Z","level":"info","event":"Trying to parse the dbt project using dbt ls cache cosmos_cache__get_games_metadata__dbt_transform...","logger":"cosmos.dbt.graph","filename":"graph.py","lineno":781}
{"timestamp":"2026-06-29T06:26:10.806797Z","level":"info","event":"Cosmos performance: time to calculate cache identifier cosmos_cache__get_games_metadata__dbt_transform for current version: 0.00037733299905085005","logger":"cosmos.cache","filename":"cache.py","lineno":333}
{"timestamp":"2026-06-29T06:26:10.806859Z","level":"info","event":"Cosmos performance [d2f09bca74c9|3024]: The cache size for cosmos_cache__get_games_metadata__dbt_transform is 5873","logger":"cosmos.dbt.graph","filename":"graph.py","lineno":798}
{"timestamp":"2026-06-29T06:26:10.806998Z","level":"info","event":"Cosmos performance: Cache hit for cosmos_cache__get_games_metadata__dbt_transform - 5d5dc19a4d21d68d9e2dd97b4b147311,84441d245827577361e239eef1354057","logger":"cosmos.dbt.graph","filename":"graph.py","lineno":806}
{"timestamp":"2026-06-29T06:26:10.807182Z","level":"info","event":"Total nodes: 6","logger":"cosmos.dbt.graph","filename":"graph.py","lineno":711}
{"timestamp":"2026-06-29T06:26:10.807219Z","level":"info","event":"Total filtered nodes: 6","logger":"cosmos.dbt.graph","filename":"graph.py","lineno":712}
{"timestamp":"2026-06-29T06:26:10.807259Z","level":"info","event":"Cosmos performance (get_games_metadata__dbt_transform) -  [d2f09bca74c9|3024]: It took 0.00694s to parse the dbt project for DAG using LoadMode.DBT_LS_CACHE","logger":"cosmos.converter","filename":"converter.py","lineno":340}
{"timestamp":"2026-06-29T06:26:10.807493Z","level":"info","event":"Project /tmp/airflow/dag_bundles/my-git-repo/tracking_repo/dbt_project does not have {'dependencies.yml', 'packages.yml'}","logger":"cosmos.dbt.project","filename":"project.py","lineno":40}
{"timestamp":"2026-06-29T06:26:10.807878Z","level":"info","event":"Project /tmp/airflow/dag_bundles/my-git-repo/tracking_repo/dbt_project does not have {'dependencies.yml', 'packages.yml'}","logger":"cosmos.dbt.project","filename":"project.py","lineno":40}
{"timestamp":"2026-06-29T06:26:10.808314Z","level":"info","event":"Project /tmp/airflow/dag_bundles/my-git-repo/tracking_repo/dbt_project does not have {'dependencies.yml', 'packages.yml'}","logger":"cosmos.dbt.project","filename":"project.py","lineno":40}
{"timestamp":"2026-06-29T06:26:10.808687Z","level":"info","event":"Project /tmp/airflow/dag_bundles/my-git-repo/tracking_repo/dbt_project does not have {'dependencies.yml', 'packages.yml'}","logger":"cosmos.dbt.project","filename":"project.py","lineno":40}
{"timestamp":"2026-06-29T06:26:10.809077Z","level":"info","event":"Project /tmp/airflow/dag_bundles/my-git-repo/tracking_repo/dbt_project does not have {'dependencies.yml', 'packages.yml'}","logger":"cosmos.dbt.project","filename":"project.py","lineno":40}
{"timestamp":"2026-06-29T06:26:10.809428Z","level":"info","event":"Project /tmp/airflow/dag_bundles/my-git-repo/tracking_repo/dbt_project does not have {'dependencies.yml', 'packages.yml'}","logger":"cosmos.dbt.project","filename":"project.py","lineno":40}
{"timestamp":"2026-06-29T06:26:10.809847Z","level":"info","event":"Project /tmp/airflow/dag_bundles/my-git-repo/tracking_repo/dbt_project does not have {'dependencies.yml', 'packages.yml'}","logger":"cosmos.dbt.project","filename":"project.py","lineno":40}
{"timestamp":"2026-06-29T06:26:10.810103Z","level":"info","event":"Cosmos performance (get_games_metadata__dbt_transform) - [d2f09bca74c9|3024]: It took 0.00284s to build the Airflow DAG.","logger":"cosmos.converter","filename":"converter.py","lineno":387}
{"timestamp":"2026-06-29T06:26:10.810133Z","level":"info","event":"::endgroup::Cosmos DAG parsing logs","logger":"cosmos.converter","filename":"converter.py","lineno":390}
{"timestamp":"2026-06-29T06:26:41.167101Z","level":"info","event":"Filling up the DagBag from /tmp/airflow/dag_bundles/my-git-repo/tracking_repo/airflow-dags/steam/DAG_steam_api.py","logger":"airflow.models.dagbag.DagBag","filename":"dagbag.py","lineno":593}
{"timestamp":"2026-06-29T06:26:41.556427Z","level":"info","event":"Project /tmp/airflow/dag_bundles/my-git-repo/tracking_repo/dbt_project does not have {'dependencies.yml', 'packages.yml'}","logger":"cosmos.dbt.project","filename":"project.py","lineno":40}
{"timestamp":"2026-06-29T06:26:41.557067Z","level":"info","event":"::group::Cosmos DAG parsing logs","logger":"cosmos.converter","filename":"converter.py","lineno":293}
{"timestamp":"2026-06-29T06:26:41.557344Z","level":"info","event":"Trying to parse the dbt project using dbt ls cache cosmos_cache__get_games_metadata__dbt_transform...","logger":"cosmos.dbt.graph","filename":"graph.py","lineno":781}
{"timestamp":"2026-06-29T06:26:41.563698Z","level":"info","event":"Cosmos performance: time to calculate cache identifier cosmos_cache__get_games_metadata__dbt_transform for current version: 0.0003809590016317088","logger":"cosmos.cache","filename":"cache.py","lineno":333}
{"timestamp":"2026-06-29T06:26:41.563762Z","level":"info","event":"Cosmos performance [d2f09bca74c9|3067]: The cache size for cosmos_cache__get_games_metadata__dbt_transform is 5873","logger":"cosmos.dbt.graph","filename":"graph.py","lineno":798}
{"timestamp":"2026-06-29T06:26:41.563934Z","level":"info","event":"Cosmos performance: Cache hit for cosmos_cache__get_games_metadata__dbt_transform - 5d5dc19a4d21d68d9e2dd97b4b147311,84441d245827577361e239eef1354057","logger":"cosmos.dbt.graph","filename":"graph.py","lineno":806}
{"timestamp":"2026-06-29T06:26:41.564105Z","level":"info","event":"Total nodes: 6","logger":"cosmos.dbt.graph","filename":"graph.py","lineno":711}
{"timestamp":"2026-06-29T06:26:41.564144Z","level":"info","event":"Total filtered nodes: 6","logger":"cosmos.dbt.graph","filename":"graph.py","lineno":712}
{"timestamp":"2026-06-29T06:26:41.564177Z","level":"info","event":"Cosmos performance (get_games_metadata__dbt_transform) -  [d2f09bca74c9|3067]: It took 0.00685s to parse the dbt project for DAG using LoadMode.DBT_LS_CACHE","logger":"cosmos.converter","filename":"converter.py","lineno":340}
{"timestamp":"2026-06-29T06:26:41.564407Z","level":"info","event":"Project /tmp/airflow/dag_bundles/my-git-repo/tracking_repo/dbt_project does not have {'dependencies.yml', 'packages.yml'}","logger":"cosmos.dbt.project","filename":"project.py","lineno":40}
{"timestamp":"2026-06-29T06:26:41.564831Z","level":"info","event":"Project /tmp/airflow/dag_bundles/my-git-repo/tracking_repo/dbt_project does not have {'dependencies.yml', 'packages.yml'}","logger":"cosmos.dbt.project","filename":"project.py","lineno":40}
{"timestamp":"2026-06-29T06:26:41.565255Z","level":"info","event":"Project /tmp/airflow/dag_bundles/my-git-repo/tracking_repo/dbt_project does not have {'dependencies.yml', 'packages.yml'}","logger":"cosmos.dbt.project","filename":"project.py","lineno":40}
{"timestamp":"2026-06-29T06:26:41.565640Z","level":"info","event":"Project /tmp/airflow/dag_bundles/my-git-repo/tracking_repo/dbt_project does not have {'dependencies.yml', 'packages.yml'}","logger":"cosmos.dbt.project","filename":"project.py","lineno":40}
{"timestamp":"2026-06-29T06:26:41.566009Z","level":"info","event":"Project /tmp/airflow/dag_bundles/my-git-repo/tracking_repo/dbt_project does not have {'dependencies.yml', 'packages.yml'}","logger":"cosmos.dbt.project","filename":"project.py","lineno":40}
{"timestamp":"2026-06-29T06:26:41.566361Z","level":"info","event":"Project /tmp/airflow/dag_bundles/my-git-repo/tracking_repo/dbt_project does not have {'dependencies.yml', 'packages.yml'}","logger":"cosmos.dbt.project","filename":"project.py","lineno":40}
{"timestamp":"2026-06-29T06:26:41.566790Z","level":"info","event":"Project /tmp/airflow/dag_bundles/my-git-repo/tracking_repo/dbt_project does not have {'dependencies.yml', 'packages.yml'}","logger":"cosmos.dbt.project","filename":"project.py","lineno":40}
{"timestamp":"2026-06-29T06:26:41.567020Z","level":"info","event":"Cosmos performance (get_games_metadata__dbt_transform) - [d2f09bca74c9|3067]: It took 0.00284s to build the Airflow DAG.","logger":"cosmos.converter","filename":"converter.py","lineno":387}
{"timestamp":"2026-06-29T06:26:41.567048Z","level":"info","event":"::endgroup::Cosmos DAG parsing logs","logger":"cosmos.converter","filename":"converter.py","lineno":390}
{"timestamp":"2026-06-29T06:27:12.287973Z","level":"info","event":"Filling up the DagBag from /tmp/airflow/dag_bundles/my-git-repo/tracking_repo/airflow-dags/steam/DAG_steam_api.py","logger":"airflow.models.dagbag.DagBag","filename":"dagbag.py","lineno":593}
{"timestamp":"2026-06-29T06:27:12.676449Z","level":"info","event":"Project /tmp/airflow/dag_bundles/my-git-repo/tracking_repo/dbt_project does not have {'dependencies.yml', 'packages.yml'}","logger":"cosmos.dbt.project","filename":"project.py","lineno":40}
{"timestamp":"2026-06-29T06:27:12.677111Z","level":"info","event":"::group::Cosmos DAG parsing logs","logger":"cosmos.converter","filename":"converter.py","lineno":293}
{"timestamp":"2026-06-29T06:27:12.677391Z","level":"info","event":"Trying to parse the dbt project using dbt ls cache cosmos_cache__get_games_metadata__dbt_transform...","logger":"cosmos.dbt.graph","filename":"graph.py","lineno":781}
{"timestamp":"2026-06-29T06:27:12.683757Z","level":"info","event":"Cosmos performance: time to calculate cache identifier cosmos_cache__get_games_metadata__dbt_transform for current version: 0.0003661250011646189","logger":"cosmos.cache","filename":"cache.py","lineno":333}
{"timestamp":"2026-06-29T06:27:12.683815Z","level":"info","event":"Cosmos performance [d2f09bca74c9|3094]: The cache size for cosmos_cache__get_games_metadata__dbt_transform is 5873","logger":"cosmos.dbt.graph","filename":"graph.py","lineno":798}
{"timestamp":"2026-06-29T06:27:12.683968Z","level":"info","event":"Cosmos performance: Cache hit for cosmos_cache__get_games_metadata__dbt_transform - 5d5dc19a4d21d68d9e2dd97b4b147311,84441d245827577361e239eef1354057","logger":"cosmos.dbt.graph","filename":"graph.py","lineno":806}
{"timestamp":"2026-06-29T06:27:12.684142Z","level":"info","event":"Total nodes: 6","logger":"cosmos.dbt.graph","filename":"graph.py","lineno":711}
{"timestamp":"2026-06-29T06:27:12.684182Z","level":"info","event":"Total filtered nodes: 6","logger":"cosmos.dbt.graph","filename":"graph.py","lineno":712}
{"timestamp":"2026-06-29T06:27:12.684224Z","level":"info","event":"Cosmos performance (get_games_metadata__dbt_transform) -  [d2f09bca74c9|3094]: It took 0.00686s to parse the dbt project for DAG using LoadMode.DBT_LS_CACHE","logger":"cosmos.converter","filename":"converter.py","lineno":340}
{"timestamp":"2026-06-29T06:27:12.684472Z","level":"info","event":"Project /tmp/airflow/dag_bundles/my-git-repo/tracking_repo/dbt_project does not have {'dependencies.yml', 'packages.yml'}","logger":"cosmos.dbt.project","filename":"project.py","lineno":40}
{"timestamp":"2026-06-29T06:27:12.684863Z","level":"info","event":"Project /tmp/airflow/dag_bundles/my-git-repo/tracking_repo/dbt_project does not have {'dependencies.yml', 'packages.yml'}","logger":"cosmos.dbt.project","filename":"project.py","lineno":40}
{"timestamp":"2026-06-29T06:27:12.685267Z","level":"info","event":"Project /tmp/airflow/dag_bundles/my-git-repo/tracking_repo/dbt_project does not have {'dependencies.yml', 'packages.yml'}","logger":"cosmos.dbt.project","filename":"project.py","lineno":40}
{"timestamp":"2026-06-29T06:27:12.685650Z","level":"info","event":"Project /tmp/airflow/dag_bundles/my-git-repo/tracking_repo/dbt_project does not have {'dependencies.yml', 'packages.yml'}","logger":"cosmos.dbt.project","filename":"project.py","lineno":40}
{"timestamp":"2026-06-29T06:27:12.686016Z","level":"info","event":"Project /tmp/airflow/dag_bundles/my-git-repo/tracking_repo/dbt_project does not have {'dependencies.yml', 'packages.yml'}","logger":"cosmos.dbt.project","filename":"project.py","lineno":40}
{"timestamp":"2026-06-29T06:27:12.686358Z","level":"info","event":"Project /tmp/airflow/dag_bundles/my-git-repo/tracking_repo/dbt_project does not have {'dependencies.yml', 'packages.yml'}","logger":"cosmos.dbt.project","filename":"project.py","lineno":40}
{"timestamp":"2026-06-29T06:27:12.686799Z","level":"info","event":"Project /tmp/airflow/dag_bundles/my-git-repo/tracking_repo/dbt_project does not have {'dependencies.yml', 'packages.yml'}","logger":"cosmos.dbt.project","filename":"project.py","lineno":40}
{"timestamp":"2026-06-29T06:27:12.687017Z","level":"info","event":"Cosmos performance (get_games_metadata__dbt_transform) - [d2f09bca74c9|3094]: It took 0.0028s to build the Airflow DAG.","logger":"cosmos.converter","filename":"converter.py","lineno":387}
{"timestamp":"2026-06-29T06:27:12.687057Z","level":"info","event":"::endgroup::Cosmos DAG parsing logs","logger":"cosmos.converter","filename":"converter.py","lineno":390}
{"timestamp":"2026-06-29T06:27:43.389866Z","level":"info","event":"Filling up the DagBag from /tmp/airflow/dag_bundles/my-git-repo/tracking_repo/airflow-dags/steam/DAG_steam_api.py","logger":"airflow.models.dagbag.DagBag","filename":"dagbag.py","lineno":593}
{"timestamp":"2026-06-29T06:27:43.783684Z","level":"info","event":"Project /tmp/airflow/dag_bundles/my-git-repo/tracking_repo/dbt_project does not have {'dependencies.yml', 'packages.yml'}","logger":"cosmos.dbt.project","filename":"project.py","lineno":40}
{"timestamp":"2026-06-29T06:27:43.784345Z","level":"info","event":"::group::Cosmos DAG parsing logs","logger":"cosmos.converter","filename":"converter.py","lineno":293}
{"timestamp":"2026-06-29T06:27:43.784629Z","level":"info","event":"Trying to parse the dbt project using dbt ls cache cosmos_cache__get_games_metadata__dbt_transform...","logger":"cosmos.dbt.graph","filename":"graph.py","lineno":781}
{"timestamp":"2026-06-29T06:27:43.791081Z","level":"info","event":"Cosmos performance: time to calculate cache identifier cosmos_cache__get_games_metadata__dbt_transform for current version: 0.0003791250019276049","logger":"cosmos.cache","filename":"cache.py","lineno":333}
{"timestamp":"2026-06-29T06:27:43.791144Z","level":"info","event":"Cosmos performance [d2f09bca74c9|3122]: The cache size for cosmos_cache__get_games_metadata__dbt_transform is 5873","logger":"cosmos.dbt.graph","filename":"graph.py","lineno":798}
{"timestamp":"2026-06-29T06:27:43.791297Z","level":"info","event":"Cosmos performance: Cache hit for cosmos_cache__get_games_metadata__dbt_transform - 5d5dc19a4d21d68d9e2dd97b4b147311,84441d245827577361e239eef1354057","logger":"cosmos.dbt.graph","filename":"graph.py","lineno":806}
{"timestamp":"2026-06-29T06:27:43.791499Z","level":"info","event":"Total nodes: 6","logger":"cosmos.dbt.graph","filename":"graph.py","lineno":711}
{"timestamp":"2026-06-29T06:27:43.791542Z","level":"info","event":"Total filtered nodes: 6","logger":"cosmos.dbt.graph","filename":"graph.py","lineno":712}
{"timestamp":"2026-06-29T06:27:43.791577Z","level":"info","event":"Cosmos performance (get_games_metadata__dbt_transform) -  [d2f09bca74c9|3122]: It took 0.00697s to parse the dbt project for DAG using LoadMode.DBT_LS_CACHE","logger":"cosmos.converter","filename":"converter.py","lineno":340}
{"timestamp":"2026-06-29T06:27:43.791804Z","level":"info","event":"Project /tmp/airflow/dag_bundles/my-git-repo/tracking_repo/dbt_project does not have {'dependencies.yml', 'packages.yml'}","logger":"cosmos.dbt.project","filename":"project.py","lineno":40}
{"timestamp":"2026-06-29T06:27:43.792190Z","level":"info","event":"Project /tmp/airflow/dag_bundles/my-git-repo/tracking_repo/dbt_project does not have {'dependencies.yml', 'packages.yml'}","logger":"cosmos.dbt.project","filename":"project.py","lineno":40}
{"timestamp":"2026-06-29T06:27:43.792606Z","level":"info","event":"Project /tmp/airflow/dag_bundles/my-git-repo/tracking_repo/dbt_project does not have {'dependencies.yml', 'packages.yml'}","logger":"cosmos.dbt.project","filename":"project.py","lineno":40}
{"timestamp":"2026-06-29T06:27:43.792984Z","level":"info","event":"Project /tmp/airflow/dag_bundles/my-git-repo/tracking_repo/dbt_project does not have {'dependencies.yml', 'packages.yml'}","logger":"cosmos.dbt.project","filename":"project.py","lineno":40}
{"timestamp":"2026-06-29T06:27:43.793349Z","level":"info","event":"Project /tmp/airflow/dag_bundles/my-git-repo/tracking_repo/dbt_project does not have {'dependencies.yml', 'packages.yml'}","logger":"cosmos.dbt.project","filename":"project.py","lineno":40}
{"timestamp":"2026-06-29T06:27:43.793709Z","level":"info","event":"Project /tmp/airflow/dag_bundles/my-git-repo/tracking_repo/dbt_project does not have {'dependencies.yml', 'packages.yml'}","logger":"cosmos.dbt.project","filename":"project.py","lineno":40}
{"timestamp":"2026-06-29T06:27:43.794966Z","level":"info","event":"Project /tmp/airflow/dag_bundles/my-git-repo/tracking_repo/dbt_project does not have {'dependencies.yml', 'packages.yml'}","logger":"cosmos.dbt.project","filename":"project.py","lineno":40}
{"timestamp":"2026-06-29T06:27:43.795208Z","level":"info","event":"Cosmos performance (get_games_metadata__dbt_transform) - [d2f09bca74c9|3122]: It took 0.00363s to build the Airflow DAG.","logger":"cosmos.converter","filename":"converter.py","lineno":387}
{"timestamp":"2026-06-29T06:27:43.795239Z","level":"info","event":"::endgroup::Cosmos DAG parsing logs","logger":"cosmos.converter","filename":"converter.py","lineno":390}
{"timestamp":"2026-06-29T06:28:14.631131Z","level":"info","event":"Filling up the DagBag from /tmp/airflow/dag_bundles/my-git-repo/tracking_repo/airflow-dags/steam/DAG_steam_api.py","logger":"airflow.models.dagbag.DagBag","filename":"dagbag.py","lineno":593}
{"timestamp":"2026-06-29T06:28:15.025233Z","level":"info","event":"Project /tmp/airflow/dag_bundles/my-git-repo/tracking_repo/dbt_project does not have {'dependencies.yml', 'packages.yml'}","logger":"cosmos.dbt.project","filename":"project.py","lineno":40}
{"timestamp":"2026-06-29T06:28:15.025857Z","level":"info","event":"::group::Cosmos DAG parsing logs","logger":"cosmos.converter","filename":"converter.py","lineno":293}
{"timestamp":"2026-06-29T06:28:15.026090Z","level":"info","event":"Trying to parse the dbt project using dbt ls cache cosmos_cache__get_games_metadata__dbt_transform...","logger":"cosmos.dbt.graph","filename":"graph.py","lineno":781}
{"timestamp":"2026-06-29T06:28:15.035962Z","level":"info","event":"Cosmos performance: time to calculate cache identifier cosmos_cache__get_games_metadata__dbt_transform for current version: 0.00037370799691416323","logger":"cosmos.cache","filename":"cache.py","lineno":333}
{"timestamp":"2026-06-29T06:28:15.036020Z","level":"info","event":"Cosmos performance [d2f09bca74c9|3150]: The cache size for cosmos_cache__get_games_metadata__dbt_transform is 5873","logger":"cosmos.dbt.graph","filename":"graph.py","lineno":798}
{"timestamp":"2026-06-29T06:28:15.036161Z","level":"info","event":"Cosmos performance: Cache hit for cosmos_cache__get_games_metadata__dbt_transform - 5d5dc19a4d21d68d9e2dd97b4b147311,84441d245827577361e239eef1354057","logger":"cosmos.dbt.graph","filename":"graph.py","lineno":806}
{"timestamp":"2026-06-29T06:28:15.036349Z","level":"info","event":"Total nodes: 6","logger":"cosmos.dbt.graph","filename":"graph.py","lineno":711}
{"timestamp":"2026-06-29T06:28:15.036391Z","level":"info","event":"Total filtered nodes: 6","logger":"cosmos.dbt.graph","filename":"graph.py","lineno":712}
{"timestamp":"2026-06-29T06:28:15.036433Z","level":"info","event":"Cosmos performance (get_games_metadata__dbt_transform) -  [d2f09bca74c9|3150]: It took 0.0104s to parse the dbt project for DAG using LoadMode.DBT_LS_CACHE","logger":"cosmos.converter","filename":"converter.py","lineno":340}
{"timestamp":"2026-06-29T06:28:15.036662Z","level":"info","event":"Project /tmp/airflow/dag_bundles/my-git-repo/tracking_repo/dbt_project does not have {'dependencies.yml', 'packages.yml'}","logger":"cosmos.dbt.project","filename":"project.py","lineno":40}
{"timestamp":"2026-06-29T06:28:15.037035Z","level":"info","event":"Project /tmp/airflow/dag_bundles/my-git-repo/tracking_repo/dbt_project does not have {'dependencies.yml', 'packages.yml'}","logger":"cosmos.dbt.project","filename":"project.py","lineno":40}
{"timestamp":"2026-06-29T06:28:15.037434Z","level":"info","event":"Project /tmp/airflow/dag_bundles/my-git-repo/tracking_repo/dbt_project does not have {'dependencies.yml', 'packages.yml'}","logger":"cosmos.dbt.project","filename":"project.py","lineno":40}
{"timestamp":"2026-06-29T06:28:15.037815Z","level":"info","event":"Project /tmp/airflow/dag_bundles/my-git-repo/tracking_repo/dbt_project does not have {'dependencies.yml', 'packages.yml'}","logger":"cosmos.dbt.project","filename":"project.py","lineno":40}
{"timestamp":"2026-06-29T06:28:15.038168Z","level":"info","event":"Project /tmp/airflow/dag_bundles/my-git-repo/tracking_repo/dbt_project does not have {'dependencies.yml', 'packages.yml'}","logger":"cosmos.dbt.project","filename":"project.py","lineno":40}
{"timestamp":"2026-06-29T06:28:15.038530Z","level":"info","event":"Project /tmp/airflow/dag_bundles/my-git-repo/tracking_repo/dbt_project does not have {'dependencies.yml', 'packages.yml'}","logger":"cosmos.dbt.project","filename":"project.py","lineno":40}
{"timestamp":"2026-06-29T06:28:15.038936Z","level":"info","event":"Project /tmp/airflow/dag_bundles/my-git-repo/tracking_repo/dbt_project does not have {'dependencies.yml', 'packages.yml'}","logger":"cosmos.dbt.project","filename":"project.py","lineno":40}
{"timestamp":"2026-06-29T06:28:15.039141Z","level":"info","event":"Cosmos performance (get_games_metadata__dbt_transform) - [d2f09bca74c9|3150]: It took 0.00271s to build the Airflow DAG.","logger":"cosmos.converter","filename":"converter.py","lineno":387}
{"timestamp":"2026-06-29T06:28:15.039179Z","level":"info","event":"::endgroup::Cosmos DAG parsing logs","logger":"cosmos.converter","filename":"converter.py","lineno":390}
{"timestamp":"2026-06-29T06:28:45.528995Z","level":"info","event":"Filling up the DagBag from /tmp/airflow/dag_bundles/my-git-repo/tracking_repo/airflow-dags/steam/DAG_steam_api.py","logger":"airflow.models.dagbag.DagBag","filename":"dagbag.py","lineno":593}
{"timestamp":"2026-06-29T06:28:45.917279Z","level":"info","event":"Project /tmp/airflow/dag_bundles/my-git-repo/tracking_repo/dbt_project does not have {'dependencies.yml', 'packages.yml'}","logger":"cosmos.dbt.project","filename":"project.py","lineno":40}
{"timestamp":"2026-06-29T06:28:45.917915Z","level":"info","event":"::group::Cosmos DAG parsing logs","logger":"cosmos.converter","filename":"converter.py","lineno":293}
{"timestamp":"2026-06-29T06:28:45.918212Z","level":"info","event":"Trying to parse the dbt project using dbt ls cache cosmos_cache__get_games_metadata__dbt_transform...","logger":"cosmos.dbt.graph","filename":"graph.py","lineno":781}
{"timestamp":"2026-06-29T06:28:45.924655Z","level":"info","event":"Cosmos performance: time to calculate cache identifier cosmos_cache__get_games_metadata__dbt_transform for current version: 0.00037091600097483024","logger":"cosmos.cache","filename":"cache.py","lineno":333}
{"timestamp":"2026-06-29T06:28:45.924713Z","level":"info","event":"Cosmos performance [d2f09bca74c9|3193]: The cache size for cosmos_cache__get_games_metadata__dbt_transform is 5873","logger":"cosmos.dbt.graph","filename":"graph.py","lineno":798}
{"timestamp":"2026-06-29T06:28:45.924857Z","level":"info","event":"Cosmos performance: Cache hit for cosmos_cache__get_games_metadata__dbt_transform - 5d5dc19a4d21d68d9e2dd97b4b147311,84441d245827577361e239eef1354057","logger":"cosmos.dbt.graph","filename":"graph.py","lineno":806}
{"timestamp":"2026-06-29T06:28:45.925039Z","level":"info","event":"Total nodes: 6","logger":"cosmos.dbt.graph","filename":"graph.py","lineno":711}
{"timestamp":"2026-06-29T06:28:45.925093Z","level":"info","event":"Total filtered nodes: 6","logger":"cosmos.dbt.graph","filename":"graph.py","lineno":712}
{"timestamp":"2026-06-29T06:28:45.925128Z","level":"info","event":"Cosmos performance (get_games_metadata__dbt_transform) -  [d2f09bca74c9|3193]: It took 0.00694s to parse the dbt project for DAG using LoadMode.DBT_LS_CACHE","logger":"cosmos.converter","filename":"converter.py","lineno":340}
{"timestamp":"2026-06-29T06:28:45.925371Z","level":"info","event":"Project /tmp/airflow/dag_bundles/my-git-repo/tracking_repo/dbt_project does not have {'dependencies.yml', 'packages.yml'}","logger":"cosmos.dbt.project","filename":"project.py","lineno":40}
{"timestamp":"2026-06-29T06:28:45.925759Z","level":"info","event":"Project /tmp/airflow/dag_bundles/my-git-repo/tracking_repo/dbt_project does not have {'dependencies.yml', 'packages.yml'}","logger":"cosmos.dbt.project","filename":"project.py","lineno":40}
{"timestamp":"2026-06-29T06:28:45.926185Z","level":"info","event":"Project /tmp/airflow/dag_bundles/my-git-repo/tracking_repo/dbt_project does not have {'dependencies.yml', 'packages.yml'}","logger":"cosmos.dbt.project","filename":"project.py","lineno":40}
{"timestamp":"2026-06-29T06:28:45.926550Z","level":"info","event":"Project /tmp/airflow/dag_bundles/my-git-repo/tracking_repo/dbt_project does not have {'dependencies.yml', 'packages.yml'}","logger":"cosmos.dbt.project","filename":"project.py","lineno":40}
{"timestamp":"2026-06-29T06:28:45.926910Z","level":"info","event":"Project /tmp/airflow/dag_bundles/my-git-repo/tracking_repo/dbt_project does not have {'dependencies.yml', 'packages.yml'}","logger":"cosmos.dbt.project","filename":"project.py","lineno":40}
{"timestamp":"2026-06-29T06:28:45.927291Z","level":"info","event":"Project /tmp/airflow/dag_bundles/my-git-repo/tracking_repo/dbt_project does not have {'dependencies.yml', 'packages.yml'}","logger":"cosmos.dbt.project","filename":"project.py","lineno":40}
{"timestamp":"2026-06-29T06:28:45.927634Z","level":"info","event":"Project /tmp/airflow/dag_bundles/my-git-repo/tracking_repo/dbt_project does not have {'dependencies.yml', 'packages.yml'}","logger":"cosmos.dbt.project","filename":"project.py","lineno":40}
{"timestamp":"2026-06-29T06:28:45.927840Z","level":"info","event":"Cosmos performance (get_games_metadata__dbt_transform) - [d2f09bca74c9|3193]: It took 0.00271s to build the Airflow DAG.","logger":"cosmos.converter","filename":"converter.py","lineno":387}
{"timestamp":"2026-06-29T06:28:45.927877Z","level":"info","event":"::endgroup::Cosmos DAG parsing logs","logger":"cosmos.converter","filename":"converter.py","lineno":390}
{"timestamp":"2026-06-29T06:29:16.738766Z","level":"info","event":"Filling up the DagBag from /tmp/airflow/dag_bundles/my-git-repo/tracking_repo/airflow-dags/steam/DAG_steam_api.py","logger":"airflow.models.dagbag.DagBag","filename":"dagbag.py","lineno":593}
{"timestamp":"2026-06-29T06:29:17.154026Z","level":"info","event":"Project /tmp/airflow/dag_bundles/my-git-repo/tracking_repo/dbt_project does not have {'dependencies.yml', 'packages.yml'}","logger":"cosmos.dbt.project","filename":"project.py","lineno":40}
{"timestamp":"2026-06-29T06:29:17.154733Z","level":"info","event":"::group::Cosmos DAG parsing logs","logger":"cosmos.converter","filename":"converter.py","lineno":293}
{"timestamp":"2026-06-29T06:29:17.155010Z","level":"info","event":"Trying to parse the dbt project using dbt ls cache cosmos_cache__get_games_metadata__dbt_transform...","logger":"cosmos.dbt.graph","filename":"graph.py","lineno":781}
{"timestamp":"2026-06-29T06:29:17.161510Z","level":"info","event":"Cosmos performance: time to calculate cache identifier cosmos_cache__get_games_metadata__dbt_transform for current version: 0.00037795900061610155","logger":"cosmos.cache","filename":"cache.py","lineno":333}
{"timestamp":"2026-06-29T06:29:17.161579Z","level":"info","event":"Cosmos performance [d2f09bca74c9|3221]: The cache size for cosmos_cache__get_games_metadata__dbt_transform is 5873","logger":"cosmos.dbt.graph","filename":"graph.py","lineno":798}
{"timestamp":"2026-06-29T06:29:17.161794Z","level":"info","event":"Cosmos performance: Cache hit for cosmos_cache__get_games_metadata__dbt_transform - 5d5dc19a4d21d68d9e2dd97b4b147311,84441d245827577361e239eef1354057","logger":"cosmos.dbt.graph","filename":"graph.py","lineno":806}
{"timestamp":"2026-06-29T06:29:17.161983Z","level":"info","event":"Total nodes: 6","logger":"cosmos.dbt.graph","filename":"graph.py","lineno":711}
{"timestamp":"2026-06-29T06:29:17.162017Z","level":"info","event":"Total filtered nodes: 6","logger":"cosmos.dbt.graph","filename":"graph.py","lineno":712}
{"timestamp":"2026-06-29T06:29:17.162057Z","level":"info","event":"Cosmos performance (get_games_metadata__dbt_transform) -  [d2f09bca74c9|3221]: It took 0.00707s to parse the dbt project for DAG using LoadMode.DBT_LS_CACHE","logger":"cosmos.converter","filename":"converter.py","lineno":340}
{"timestamp":"2026-06-29T06:29:17.162281Z","level":"info","event":"Project /tmp/airflow/dag_bundles/my-git-repo/tracking_repo/dbt_project does not have {'dependencies.yml', 'packages.yml'}","logger":"cosmos.dbt.project","filename":"project.py","lineno":40}
{"timestamp":"2026-06-29T06:29:17.162673Z","level":"info","event":"Project /tmp/airflow/dag_bundles/my-git-repo/tracking_repo/dbt_project does not have {'dependencies.yml', 'packages.yml'}","logger":"cosmos.dbt.project","filename":"project.py","lineno":40}
{"timestamp":"2026-06-29T06:29:17.163092Z","level":"info","event":"Project /tmp/airflow/dag_bundles/my-git-repo/tracking_repo/dbt_project does not have {'dependencies.yml', 'packages.yml'}","logger":"cosmos.dbt.project","filename":"project.py","lineno":40}
{"timestamp":"2026-06-29T06:29:17.163458Z","level":"info","event":"Project /tmp/airflow/dag_bundles/my-git-repo/tracking_repo/dbt_project does not have {'dependencies.yml', 'packages.yml'}","logger":"cosmos.dbt.project","filename":"project.py","lineno":40}
{"timestamp":"2026-06-29T06:29:17.163799Z","level":"info","event":"Project /tmp/airflow/dag_bundles/my-git-repo/tracking_repo/dbt_project does not have {'dependencies.yml', 'packages.yml'}","logger":"cosmos.dbt.project","filename":"project.py","lineno":40}
{"timestamp":"2026-06-29T06:29:17.164153Z","level":"info","event":"Project /tmp/airflow/dag_bundles/my-git-repo/tracking_repo/dbt_project does not have {'dependencies.yml', 'packages.yml'}","logger":"cosmos.dbt.project","filename":"project.py","lineno":40}
{"timestamp":"2026-06-29T06:29:17.164574Z","level":"info","event":"Project /tmp/airflow/dag_bundles/my-git-repo/tracking_repo/dbt_project does not have {'dependencies.yml', 'packages.yml'}","logger":"cosmos.dbt.project","filename":"project.py","lineno":40}
{"timestamp":"2026-06-29T06:29:17.164792Z","level":"info","event":"Cosmos performance (get_games_metadata__dbt_transform) - [d2f09bca74c9|3221]: It took 0.00274s to build the Airflow DAG.","logger":"cosmos.converter","filename":"converter.py","lineno":387}
{"timestamp":"2026-06-29T06:29:17.164828Z","level":"info","event":"::endgroup::Cosmos DAG parsing logs","logger":"cosmos.converter","filename":"converter.py","lineno":390}
{"timestamp":"2026-06-29T06:29:47.936564Z","level":"info","event":"Filling up the DagBag from /tmp/airflow/dag_bundles/my-git-repo/tracking_repo/airflow-dags/steam/DAG_steam_api.py","logger":"airflow.models.dagbag.DagBag","filename":"dagbag.py","lineno":593}
{"timestamp":"2026-06-29T06:29:48.366089Z","level":"info","event":"Project /tmp/airflow/dag_bundles/my-git-repo/tracking_repo/dbt_project does not have {'dependencies.yml', 'packages.yml'}","logger":"cosmos.dbt.project","filename":"project.py","lineno":40}
{"timestamp":"2026-06-29T06:29:48.366759Z","level":"info","event":"::group::Cosmos DAG parsing logs","logger":"cosmos.converter","filename":"converter.py","lineno":293}
{"timestamp":"2026-06-29T06:29:48.367077Z","level":"info","event":"Trying to parse the dbt project using dbt ls cache cosmos_cache__get_games_metadata__dbt_transform...","logger":"cosmos.dbt.graph","filename":"graph.py","lineno":781}
{"timestamp":"2026-06-29T06:29:48.374034Z","level":"info","event":"Cosmos performance: time to calculate cache identifier cosmos_cache__get_games_metadata__dbt_transform for current version: 0.000462208001408726","logger":"cosmos.cache","filename":"cache.py","lineno":333}
{"timestamp":"2026-06-29T06:29:48.374096Z","level":"info","event":"Cosmos performance [d2f09bca74c9|3250]: The cache size for cosmos_cache__get_games_metadata__dbt_transform is 5873","logger":"cosmos.dbt.graph","filename":"graph.py","lineno":798}
{"timestamp":"2026-06-29T06:29:48.374263Z","level":"info","event":"Cosmos performance: Cache hit for cosmos_cache__get_games_metadata__dbt_transform - 5d5dc19a4d21d68d9e2dd97b4b147311,84441d245827577361e239eef1354057","logger":"cosmos.dbt.graph","filename":"graph.py","lineno":806}
{"timestamp":"2026-06-29T06:29:48.374453Z","level":"info","event":"Total nodes: 6","logger":"cosmos.dbt.graph","filename":"graph.py","lineno":711}
{"timestamp":"2026-06-29T06:29:48.374487Z","level":"info","event":"Total filtered nodes: 6","logger":"cosmos.dbt.graph","filename":"graph.py","lineno":712}
{"timestamp":"2026-06-29T06:29:48.374533Z","level":"info","event":"Cosmos performance (get_games_metadata__dbt_transform) -  [d2f09bca74c9|3250]: It took 0.00748s to parse the dbt project for DAG using LoadMode.DBT_LS_CACHE","logger":"cosmos.converter","filename":"converter.py","lineno":340}
{"timestamp":"2026-06-29T06:29:48.374783Z","level":"info","event":"Project /tmp/airflow/dag_bundles/my-git-repo/tracking_repo/dbt_project does not have {'dependencies.yml', 'packages.yml'}","logger":"cosmos.dbt.project","filename":"project.py","lineno":40}
{"timestamp":"2026-06-29T06:29:48.375184Z","level":"info","event":"Project /tmp/airflow/dag_bundles/my-git-repo/tracking_repo/dbt_project does not have {'dependencies.yml', 'packages.yml'}","logger":"cosmos.dbt.project","filename":"project.py","lineno":40}
{"timestamp":"2026-06-29T06:29:48.375609Z","level":"info","event":"Project /tmp/airflow/dag_bundles/my-git-repo/tracking_repo/dbt_project does not have {'dependencies.yml', 'packages.yml'}","logger":"cosmos.dbt.project","filename":"project.py","lineno":40}
{"timestamp":"2026-06-29T06:29:48.376008Z","level":"info","event":"Project /tmp/airflow/dag_bundles/my-git-repo/tracking_repo/dbt_project does not have {'dependencies.yml', 'packages.yml'}","logger":"cosmos.dbt.project","filename":"project.py","lineno":40}
{"timestamp":"2026-06-29T06:29:48.376390Z","level":"info","event":"Project /tmp/airflow/dag_bundles/my-git-repo/tracking_repo/dbt_project does not have {'dependencies.yml', 'packages.yml'}","logger":"cosmos.dbt.project","filename":"project.py","lineno":40}
{"timestamp":"2026-06-29T06:29:48.376738Z","level":"info","event":"Project /tmp/airflow/dag_bundles/my-git-repo/tracking_repo/dbt_project does not have {'dependencies.yml', 'packages.yml'}","logger":"cosmos.dbt.project","filename":"project.py","lineno":40}
{"timestamp":"2026-06-29T06:29:48.377119Z","level":"info","event":"Project /tmp/airflow/dag_bundles/my-git-repo/tracking_repo/dbt_project does not have {'dependencies.yml', 'packages.yml'}","logger":"cosmos.dbt.project","filename":"project.py","lineno":40}
{"timestamp":"2026-06-29T06:29:48.377354Z","level":"info","event":"Cosmos performance (get_games_metadata__dbt_transform) - [d2f09bca74c9|3250]: It took 0.00282s to build the Airflow DAG.","logger":"cosmos.converter","filename":"converter.py","lineno":387}
{"timestamp":"2026-06-29T06:29:48.377391Z","level":"info","event":"::endgroup::Cosmos DAG parsing logs","logger":"cosmos.converter","filename":"converter.py","lineno":390}
{"timestamp":"2026-06-29T06:30:19.159995Z","level":"info","event":"Filling up the DagBag from /tmp/airflow/dag_bundles/my-git-repo/tracking_repo/airflow-dags/steam/DAG_steam_api.py","logger":"airflow.models.dagbag.DagBag","filename":"dagbag.py","lineno":593}
{"timestamp":"2026-06-29T06:30:19.701038Z","level":"info","event":"Project /tmp/airflow/dag_bundles/my-git-repo/tracking_repo/dbt_project does not have {'dependencies.yml', 'packages.yml'}","logger":"cosmos.dbt.project","filename":"project.py","lineno":40}
{"timestamp":"2026-06-29T06:30:19.701789Z","level":"info","event":"::group::Cosmos DAG parsing logs","logger":"cosmos.converter","filename":"converter.py","lineno":293}
{"timestamp":"2026-06-29T06:30:19.702098Z","level":"info","event":"Trying to parse the dbt project using dbt ls cache cosmos_cache__get_games_metadata__dbt_transform...","logger":"cosmos.dbt.graph","filename":"graph.py","lineno":781}
{"timestamp":"2026-06-29T06:30:19.708953Z","level":"info","event":"Cosmos performance: time to calculate cache identifier cosmos_cache__get_games_metadata__dbt_transform for current version: 0.00039449999894713983","logger":"cosmos.cache","filename":"cache.py","lineno":333}
{"timestamp":"2026-06-29T06:30:19.709017Z","level":"info","event":"Cosmos performance [d2f09bca74c9|3278]: The cache size for cosmos_cache__get_games_metadata__dbt_transform is 5873","logger":"cosmos.dbt.graph","filename":"graph.py","lineno":798}
{"timestamp":"2026-06-29T06:30:19.709161Z","level":"info","event":"Cosmos performance: Cache hit for cosmos_cache__get_games_metadata__dbt_transform - 5d5dc19a4d21d68d9e2dd97b4b147311,84441d245827577361e239eef1354057","logger":"cosmos.dbt.graph","filename":"graph.py","lineno":806}
{"timestamp":"2026-06-29T06:30:19.709344Z","level":"info","event":"Total nodes: 6","logger":"cosmos.dbt.graph","filename":"graph.py","lineno":711}
{"timestamp":"2026-06-29T06:30:19.709383Z","level":"info","event":"Total filtered nodes: 6","logger":"cosmos.dbt.graph","filename":"graph.py","lineno":712}
{"timestamp":"2026-06-29T06:30:19.709425Z","level":"info","event":"Cosmos performance (get_games_metadata__dbt_transform) -  [d2f09bca74c9|3278]: It took 0.00736s to parse the dbt project for DAG using LoadMode.DBT_LS_CACHE","logger":"cosmos.converter","filename":"converter.py","lineno":340}
{"timestamp":"2026-06-29T06:30:19.709668Z","level":"info","event":"Project /tmp/airflow/dag_bundles/my-git-repo/tracking_repo/dbt_project does not have {'dependencies.yml', 'packages.yml'}","logger":"cosmos.dbt.project","filename":"project.py","lineno":40}
{"timestamp":"2026-06-29T06:30:19.710074Z","level":"info","event":"Project /tmp/airflow/dag_bundles/my-git-repo/tracking_repo/dbt_project does not have {'dependencies.yml', 'packages.yml'}","logger":"cosmos.dbt.project","filename":"project.py","lineno":40}
{"timestamp":"2026-06-29T06:30:19.710485Z","level":"info","event":"Project /tmp/airflow/dag_bundles/my-git-repo/tracking_repo/dbt_project does not have {'dependencies.yml', 'packages.yml'}","logger":"cosmos.dbt.project","filename":"project.py","lineno":40}
{"timestamp":"2026-06-29T06:30:19.710881Z","level":"info","event":"Project /tmp/airflow/dag_bundles/my-git-repo/tracking_repo/dbt_project does not have {'dependencies.yml', 'packages.yml'}","logger":"cosmos.dbt.project","filename":"project.py","lineno":40}
{"timestamp":"2026-06-29T06:30:19.711249Z","level":"info","event":"Project /tmp/airflow/dag_bundles/my-git-repo/tracking_repo/dbt_project does not have {'dependencies.yml', 'packages.yml'}","logger":"cosmos.dbt.project","filename":"project.py","lineno":40}
{"timestamp":"2026-06-29T06:30:19.711595Z","level":"info","event":"Project /tmp/airflow/dag_bundles/my-git-repo/tracking_repo/dbt_project does not have {'dependencies.yml', 'packages.yml'}","logger":"cosmos.dbt.project","filename":"project.py","lineno":40}
{"timestamp":"2026-06-29T06:30:19.712009Z","level":"info","event":"Project /tmp/airflow/dag_bundles/my-git-repo/tracking_repo/dbt_project does not have {'dependencies.yml', 'packages.yml'}","logger":"cosmos.dbt.project","filename":"project.py","lineno":40}
{"timestamp":"2026-06-29T06:30:19.712240Z","level":"info","event":"Cosmos performance (get_games_metadata__dbt_transform) - [d2f09bca74c9|3278]: It took 0.00282s to build the Airflow DAG.","logger":"cosmos.converter","filename":"converter.py","lineno":387}
{"timestamp":"2026-06-29T06:30:19.712278Z","level":"info","event":"::endgroup::Cosmos DAG parsing logs","logger":"cosmos.converter","filename":"converter.py","lineno":390}
{"timestamp":"2026-06-29T06:30:50.157551Z","level":"info","event":"Filling up the DagBag from /tmp/airflow/dag_bundles/my-git-repo/tracking_repo/airflow-dags/steam/DAG_steam_api.py","logger":"airflow.models.dagbag.DagBag","filename":"dagbag.py","lineno":593}
{"timestamp":"2026-06-29T06:30:50.777653Z","level":"info","event":"Project /tmp/airflow/dag_bundles/my-git-repo/tracking_repo/dbt_project does not have {'dependencies.yml', 'packages.yml'}","logger":"cosmos.dbt.project","filename":"project.py","lineno":40}
{"timestamp":"2026-06-29T06:30:50.778660Z","level":"info","event":"::group::Cosmos DAG parsing logs","logger":"cosmos.converter","filename":"converter.py","lineno":293}
{"timestamp":"2026-06-29T06:30:50.779074Z","level":"info","event":"Trying to parse the dbt project using dbt ls cache cosmos_cache__get_games_metadata__dbt_transform...","logger":"cosmos.dbt.graph","filename":"graph.py","lineno":781}
{"timestamp":"2026-06-29T06:30:50.795866Z","level":"info","event":"Cosmos performance: time to calculate cache identifier cosmos_cache__get_games_metadata__dbt_transform for current version: 0.0004432499990798533","logger":"cosmos.cache","filename":"cache.py","lineno":333}
{"timestamp":"2026-06-29T06:30:50.795951Z","level":"info","event":"Cosmos performance [d2f09bca74c9|3320]: The cache size for cosmos_cache__get_games_metadata__dbt_transform is 5873","logger":"cosmos.dbt.graph","filename":"graph.py","lineno":798}
{"timestamp":"2026-06-29T06:30:50.796342Z","level":"info","event":"Cosmos performance: Cache hit for cosmos_cache__get_games_metadata__dbt_transform - 5d5dc19a4d21d68d9e2dd97b4b147311,84441d245827577361e239eef1354057","logger":"cosmos.dbt.graph","filename":"graph.py","lineno":806}
{"timestamp":"2026-06-29T06:30:50.796683Z","level":"info","event":"Total nodes: 6","logger":"cosmos.dbt.graph","filename":"graph.py","lineno":711}
{"timestamp":"2026-06-29T06:30:50.796730Z","level":"info","event":"Total filtered nodes: 6","logger":"cosmos.dbt.graph","filename":"graph.py","lineno":712}
{"timestamp":"2026-06-29T06:30:50.796788Z","level":"info","event":"Cosmos performance (get_games_metadata__dbt_transform) -  [d2f09bca74c9|3320]: It took 0.0177s to parse the dbt project for DAG using LoadMode.DBT_LS_CACHE","logger":"cosmos.converter","filename":"converter.py","lineno":340}
{"timestamp":"2026-06-29T06:30:50.797066Z","level":"info","event":"Project /tmp/airflow/dag_bundles/my-git-repo/tracking_repo/dbt_project does not have {'dependencies.yml', 'packages.yml'}","logger":"cosmos.dbt.project","filename":"project.py","lineno":40}
{"timestamp":"2026-06-29T06:30:50.797588Z","level":"info","event":"Project /tmp/airflow/dag_bundles/my-git-repo/tracking_repo/dbt_project does not have {'dependencies.yml', 'packages.yml'}","logger":"cosmos.dbt.project","filename":"project.py","lineno":40}
{"timestamp":"2026-06-29T06:30:50.798216Z","level":"info","event":"Project /tmp/airflow/dag_bundles/my-git-repo/tracking_repo/dbt_project does not have {'dependencies.yml', 'packages.yml'}","logger":"cosmos.dbt.project","filename":"project.py","lineno":40}
{"timestamp":"2026-06-29T06:30:50.798626Z","level":"info","event":"Project /tmp/airflow/dag_bundles/my-git-repo/tracking_repo/dbt_project does not have {'dependencies.yml', 'packages.yml'}","logger":"cosmos.dbt.project","filename":"project.py","lineno":40}
{"timestamp":"2026-06-29T06:30:50.799024Z","level":"info","event":"Project /tmp/airflow/dag_bundles/my-git-repo/tracking_repo/dbt_project does not have {'dependencies.yml', 'packages.yml'}","logger":"cosmos.dbt.project","filename":"project.py","lineno":40}
{"timestamp":"2026-06-29T06:30:50.799383Z","level":"info","event":"Project /tmp/airflow/dag_bundles/my-git-repo/tracking_repo/dbt_project does not have {'dependencies.yml', 'packages.yml'}","logger":"cosmos.dbt.project","filename":"project.py","lineno":40}
{"timestamp":"2026-06-29T06:30:50.799818Z","level":"info","event":"Project /tmp/airflow/dag_bundles/my-git-repo/tracking_repo/dbt_project does not have {'dependencies.yml', 'packages.yml'}","logger":"cosmos.dbt.project","filename":"project.py","lineno":40}
{"timestamp":"2026-06-29T06:30:50.800074Z","level":"info","event":"Cosmos performance (get_games_metadata__dbt_transform) - [d2f09bca74c9|3320]: It took 0.00329s to build the Airflow DAG.","logger":"cosmos.converter","filename":"converter.py","lineno":387}
{"timestamp":"2026-06-29T06:30:50.800110Z","level":"info","event":"::endgroup::Cosmos DAG parsing logs","logger":"cosmos.converter","filename":"converter.py","lineno":390}
{"timestamp":"2026-06-29T06:31:21.610990Z","level":"info","event":"Filling up the DagBag from /tmp/airflow/dag_bundles/my-git-repo/tracking_repo/airflow-dags/steam/DAG_steam_api.py","logger":"airflow.models.dagbag.DagBag","filename":"dagbag.py","lineno":593}
{"timestamp":"2026-06-29T06:31:22.134635Z","level":"info","event":"Project /tmp/airflow/dag_bundles/my-git-repo/tracking_repo/dbt_project does not have {'dependencies.yml', 'packages.yml'}","logger":"cosmos.dbt.project","filename":"project.py","lineno":40}
{"timestamp":"2026-06-29T06:31:22.135386Z","level":"info","event":"::group::Cosmos DAG parsing logs","logger":"cosmos.converter","filename":"converter.py","lineno":293}
{"timestamp":"2026-06-29T06:31:22.135709Z","level":"info","event":"Trying to parse the dbt project using dbt ls cache cosmos_cache__get_games_metadata__dbt_transform...","logger":"cosmos.dbt.graph","filename":"graph.py","lineno":781}
{"timestamp":"2026-06-29T06:31:22.147252Z","level":"info","event":"Cosmos performance: time to calculate cache identifier cosmos_cache__get_games_metadata__dbt_transform for current version: 0.0003726249997271225","logger":"cosmos.cache","filename":"cache.py","lineno":333}
{"timestamp":"2026-06-29T06:31:22.147319Z","level":"info","event":"Cosmos performance [d2f09bca74c9|3348]: The cache size for cosmos_cache__get_games_metadata__dbt_transform is 5873","logger":"cosmos.dbt.graph","filename":"graph.py","lineno":798}
{"timestamp":"2026-06-29T06:31:22.147503Z","level":"info","event":"Cosmos performance: Cache hit for cosmos_cache__get_games_metadata__dbt_transform - 5d5dc19a4d21d68d9e2dd97b4b147311,84441d245827577361e239eef1354057","logger":"cosmos.dbt.graph","filename":"graph.py","lineno":806}
{"timestamp":"2026-06-29T06:31:22.147722Z","level":"info","event":"Total nodes: 6","logger":"cosmos.dbt.graph","filename":"graph.py","lineno":711}
{"timestamp":"2026-06-29T06:31:22.147759Z","level":"info","event":"Total filtered nodes: 6","logger":"cosmos.dbt.graph","filename":"graph.py","lineno":712}
{"timestamp":"2026-06-29T06:31:22.147799Z","level":"info","event":"Cosmos performance (get_games_metadata__dbt_transform) -  [d2f09bca74c9|3348]: It took 0.0121s to parse the dbt project for DAG using LoadMode.DBT_LS_CACHE","logger":"cosmos.converter","filename":"converter.py","lineno":340}
{"timestamp":"2026-06-29T06:31:22.148055Z","level":"info","event":"Project /tmp/airflow/dag_bundles/my-git-repo/tracking_repo/dbt_project does not have {'dependencies.yml', 'packages.yml'}","logger":"cosmos.dbt.project","filename":"project.py","lineno":40}
{"timestamp":"2026-06-29T06:31:22.148482Z","level":"info","event":"Project /tmp/airflow/dag_bundles/my-git-repo/tracking_repo/dbt_project does not have {'dependencies.yml', 'packages.yml'}","logger":"cosmos.dbt.project","filename":"project.py","lineno":40}
{"timestamp":"2026-06-29T06:31:22.148915Z","level":"info","event":"Project /tmp/airflow/dag_bundles/my-git-repo/tracking_repo/dbt_project does not have {'dependencies.yml', 'packages.yml'}","logger":"cosmos.dbt.project","filename":"project.py","lineno":40}
{"timestamp":"2026-06-29T06:31:22.149291Z","level":"info","event":"Project /tmp/airflow/dag_bundles/my-git-repo/tracking_repo/dbt_project does not have {'dependencies.yml', 'packages.yml'}","logger":"cosmos.dbt.project","filename":"project.py","lineno":40}
{"timestamp":"2026-06-29T06:31:22.149641Z","level":"info","event":"Project /tmp/airflow/dag_bundles/my-git-repo/tracking_repo/dbt_project does not have {'dependencies.yml', 'packages.yml'}","logger":"cosmos.dbt.project","filename":"project.py","lineno":40}
{"timestamp":"2026-06-29T06:31:22.149981Z","level":"info","event":"Project /tmp/airflow/dag_bundles/my-git-repo/tracking_repo/dbt_project does not have {'dependencies.yml', 'packages.yml'}","logger":"cosmos.dbt.project","filename":"project.py","lineno":40}
{"timestamp":"2026-06-29T06:31:22.150311Z","level":"info","event":"Project /tmp/airflow/dag_bundles/my-git-repo/tracking_repo/dbt_project does not have {'dependencies.yml', 'packages.yml'}","logger":"cosmos.dbt.project","filename":"project.py","lineno":40}
{"timestamp":"2026-06-29T06:31:22.150555Z","level":"info","event":"Cosmos performance (get_games_metadata__dbt_transform) - [d2f09bca74c9|3348]: It took 0.00275s to build the Airflow DAG.","logger":"cosmos.converter","filename":"converter.py","lineno":387}
{"timestamp":"2026-06-29T06:31:22.150589Z","level":"info","event":"::endgroup::Cosmos DAG parsing logs","logger":"cosmos.converter","filename":"converter.py","lineno":390}
{"timestamp":"2026-06-29T06:31:52.993837Z","level":"info","event":"Filling up the DagBag from /tmp/airflow/dag_bundles/my-git-repo/tracking_repo/airflow-dags/steam/DAG_steam_api.py","logger":"airflow.models.dagbag.DagBag","filename":"dagbag.py","lineno":593}
{"timestamp":"2026-06-29T06:31:53.486101Z","level":"info","event":"Project /tmp/airflow/dag_bundles/my-git-repo/tracking_repo/dbt_project does not have {'dependencies.yml', 'packages.yml'}","logger":"cosmos.dbt.project","filename":"project.py","lineno":40}
{"timestamp":"2026-06-29T06:31:53.486905Z","level":"info","event":"::group::Cosmos DAG parsing logs","logger":"cosmos.converter","filename":"converter.py","lineno":293}
{"timestamp":"2026-06-29T06:31:53.487304Z","level":"info","event":"Trying to parse the dbt project using dbt ls cache cosmos_cache__get_games_metadata__dbt_transform...","logger":"cosmos.dbt.graph","filename":"graph.py","lineno":781}
{"timestamp":"2026-06-29T06:31:53.500818Z","level":"info","event":"Cosmos performance: time to calculate cache identifier cosmos_cache__get_games_metadata__dbt_transform for current version: 0.0003763330023502931","logger":"cosmos.cache","filename":"cache.py","lineno":333}
{"timestamp":"2026-06-29T06:31:53.500899Z","level":"info","event":"Cosmos performance [d2f09bca74c9|3369]: The cache size for cosmos_cache__get_games_metadata__dbt_transform is 5873","logger":"cosmos.dbt.graph","filename":"graph.py","lineno":798}
{"timestamp":"2026-06-29T06:31:53.501071Z","level":"info","event":"Cosmos performance: Cache hit for cosmos_cache__get_games_metadata__dbt_transform - 5d5dc19a4d21d68d9e2dd97b4b147311,84441d245827577361e239eef1354057","logger":"cosmos.dbt.graph","filename":"graph.py","lineno":806}
{"timestamp":"2026-06-29T06:31:53.501371Z","level":"info","event":"Total nodes: 6","logger":"cosmos.dbt.graph","filename":"graph.py","lineno":711}
{"timestamp":"2026-06-29T06:31:53.501410Z","level":"info","event":"Total filtered nodes: 6","logger":"cosmos.dbt.graph","filename":"graph.py","lineno":712}
{"timestamp":"2026-06-29T06:31:53.501451Z","level":"info","event":"Cosmos performance (get_games_metadata__dbt_transform) -  [d2f09bca74c9|3369]: It took 0.0142s to parse the dbt project for DAG using LoadMode.DBT_LS_CACHE","logger":"cosmos.converter","filename":"converter.py","lineno":340}
{"timestamp":"2026-06-29T06:31:53.501689Z","level":"info","event":"Project /tmp/airflow/dag_bundles/my-git-repo/tracking_repo/dbt_project does not have {'dependencies.yml', 'packages.yml'}","logger":"cosmos.dbt.project","filename":"project.py","lineno":40}
{"timestamp":"2026-06-29T06:31:53.502082Z","level":"info","event":"Project /tmp/airflow/dag_bundles/my-git-repo/tracking_repo/dbt_project does not have {'dependencies.yml', 'packages.yml'}","logger":"cosmos.dbt.project","filename":"project.py","lineno":40}
{"timestamp":"2026-06-29T06:31:53.502505Z","level":"info","event":"Project /tmp/airflow/dag_bundles/my-git-repo/tracking_repo/dbt_project does not have {'dependencies.yml', 'packages.yml'}","logger":"cosmos.dbt.project","filename":"project.py","lineno":40}
{"timestamp":"2026-06-29T06:31:53.502855Z","level":"info","event":"Project /tmp/airflow/dag_bundles/my-git-repo/tracking_repo/dbt_project does not have {'dependencies.yml', 'packages.yml'}","logger":"cosmos.dbt.project","filename":"project.py","lineno":40}
{"timestamp":"2026-06-29T06:31:53.503201Z","level":"info","event":"Project /tmp/airflow/dag_bundles/my-git-repo/tracking_repo/dbt_project does not have {'dependencies.yml', 'packages.yml'}","logger":"cosmos.dbt.project","filename":"project.py","lineno":40}
{"timestamp":"2026-06-29T06:31:53.503528Z","level":"info","event":"Project /tmp/airflow/dag_bundles/my-git-repo/tracking_repo/dbt_project does not have {'dependencies.yml', 'packages.yml'}","logger":"cosmos.dbt.project","filename":"project.py","lineno":40}
{"timestamp":"2026-06-29T06:31:53.504070Z","level":"info","event":"Project /tmp/airflow/dag_bundles/my-git-repo/tracking_repo/dbt_project does not have {'dependencies.yml', 'packages.yml'}","logger":"cosmos.dbt.project","filename":"project.py","lineno":40}
{"timestamp":"2026-06-29T06:31:53.504833Z","level":"info","event":"Cosmos performance (get_games_metadata__dbt_transform) - [d2f09bca74c9|3369]: It took 0.00337s to build the Airflow DAG.","logger":"cosmos.converter","filename":"converter.py","lineno":387}
{"timestamp":"2026-06-29T06:31:53.505049Z","level":"info","event":"::endgroup::Cosmos DAG parsing logs","logger":"cosmos.converter","filename":"converter.py","lineno":390}
{"timestamp":"2026-06-29T06:32:24.408209Z","level":"info","event":"Filling up the DagBag from /tmp/airflow/dag_bundles/my-git-repo/tracking_repo/airflow-dags/steam/DAG_steam_api.py","logger":"airflow.models.dagbag.DagBag","filename":"dagbag.py","lineno":593}
{"timestamp":"2026-06-29T06:32:24.845762Z","level":"info","event":"Project /tmp/airflow/dag_bundles/my-git-repo/tracking_repo/dbt_project does not have {'dependencies.yml', 'packages.yml'}","logger":"cosmos.dbt.project","filename":"project.py","lineno":40}
{"timestamp":"2026-06-29T06:32:24.846492Z","level":"info","event":"::group::Cosmos DAG parsing logs","logger":"cosmos.converter","filename":"converter.py","lineno":293}
{"timestamp":"2026-06-29T06:32:24.846822Z","level":"info","event":"Trying to parse the dbt project using dbt ls cache cosmos_cache__get_games_metadata__dbt_transform...","logger":"cosmos.dbt.graph","filename":"graph.py","lineno":781}
{"timestamp":"2026-06-29T06:32:24.854897Z","level":"info","event":"Cosmos performance: time to calculate cache identifier cosmos_cache__get_games_metadata__dbt_transform for current version: 0.0004282909976609517","logger":"cosmos.cache","filename":"cache.py","lineno":333}
{"timestamp":"2026-06-29T06:32:24.854965Z","level":"info","event":"Cosmos performance [d2f09bca74c9|3397]: The cache size for cosmos_cache__get_games_metadata__dbt_transform is 5873","logger":"cosmos.dbt.graph","filename":"graph.py","lineno":798}
{"timestamp":"2026-06-29T06:32:24.855138Z","level":"info","event":"Cosmos performance: Cache hit for cosmos_cache__get_games_metadata__dbt_transform - 5d5dc19a4d21d68d9e2dd97b4b147311,84441d245827577361e239eef1354057","logger":"cosmos.dbt.graph","filename":"graph.py","lineno":806}
{"timestamp":"2026-06-29T06:32:24.855365Z","level":"info","event":"Total nodes: 6","logger":"cosmos.dbt.graph","filename":"graph.py","lineno":711}
{"timestamp":"2026-06-29T06:32:24.855405Z","level":"info","event":"Total filtered nodes: 6","logger":"cosmos.dbt.graph","filename":"graph.py","lineno":712}
{"timestamp":"2026-06-29T06:32:24.855441Z","level":"info","event":"Cosmos performance (get_games_metadata__dbt_transform) -  [d2f09bca74c9|3397]: It took 0.00864s to parse the dbt project for DAG using LoadMode.DBT_LS_CACHE","logger":"cosmos.converter","filename":"converter.py","lineno":340}
{"timestamp":"2026-06-29T06:32:24.855693Z","level":"info","event":"Project /tmp/airflow/dag_bundles/my-git-repo/tracking_repo/dbt_project does not have {'dependencies.yml', 'packages.yml'}","logger":"cosmos.dbt.project","filename":"project.py","lineno":40}
{"timestamp":"2026-06-29T06:32:24.856121Z","level":"info","event":"Project /tmp/airflow/dag_bundles/my-git-repo/tracking_repo/dbt_project does not have {'dependencies.yml', 'packages.yml'}","logger":"cosmos.dbt.project","filename":"project.py","lineno":40}
{"timestamp":"2026-06-29T06:32:24.856566Z","level":"info","event":"Project /tmp/airflow/dag_bundles/my-git-repo/tracking_repo/dbt_project does not have {'dependencies.yml', 'packages.yml'}","logger":"cosmos.dbt.project","filename":"project.py","lineno":40}
{"timestamp":"2026-06-29T06:32:24.856971Z","level":"info","event":"Project /tmp/airflow/dag_bundles/my-git-repo/tracking_repo/dbt_project does not have {'dependencies.yml', 'packages.yml'}","logger":"cosmos.dbt.project","filename":"project.py","lineno":40}
{"timestamp":"2026-06-29T06:32:24.857355Z","level":"info","event":"Project /tmp/airflow/dag_bundles/my-git-repo/tracking_repo/dbt_project does not have {'dependencies.yml', 'packages.yml'}","logger":"cosmos.dbt.project","filename":"project.py","lineno":40}
{"timestamp":"2026-06-29T06:32:24.857707Z","level":"info","event":"Project /tmp/airflow/dag_bundles/my-git-repo/tracking_repo/dbt_project does not have {'dependencies.yml', 'packages.yml'}","logger":"cosmos.dbt.project","filename":"project.py","lineno":40}
{"timestamp":"2026-06-29T06:32:24.858126Z","level":"info","event":"Project /tmp/airflow/dag_bundles/my-git-repo/tracking_repo/dbt_project does not have {'dependencies.yml', 'packages.yml'}","logger":"cosmos.dbt.project","filename":"project.py","lineno":40}
{"timestamp":"2026-06-29T06:32:24.858359Z","level":"info","event":"Cosmos performance (get_games_metadata__dbt_transform) - [d2f09bca74c9|3397]: It took 0.00292s to build the Airflow DAG.","logger":"cosmos.converter","filename":"converter.py","lineno":387}
{"timestamp":"2026-06-29T06:32:24.858399Z","level":"info","event":"::endgroup::Cosmos DAG parsing logs","logger":"cosmos.converter","filename":"converter.py","lineno":390}
{"timestamp":"2026-06-29T06:32:55.327540Z","level":"info","event":"Filling up the DagBag from /tmp/airflow/dag_bundles/my-git-repo/tracking_repo/airflow-dags/steam/DAG_steam_api.py","logger":"airflow.models.dagbag.DagBag","filename":"dagbag.py","lineno":593}
{"timestamp":"2026-06-29T06:32:55.733812Z","level":"info","event":"Project /tmp/airflow/dag_bundles/my-git-repo/tracking_repo/dbt_project does not have {'dependencies.yml', 'packages.yml'}","logger":"cosmos.dbt.project","filename":"project.py","lineno":40}
{"timestamp":"2026-06-29T06:32:55.734480Z","level":"info","event":"::group::Cosmos DAG parsing logs","logger":"cosmos.converter","filename":"converter.py","lineno":293}
{"timestamp":"2026-06-29T06:32:55.734777Z","level":"info","event":"Trying to parse the dbt project using dbt ls cache cosmos_cache__get_games_metadata__dbt_transform...","logger":"cosmos.dbt.graph","filename":"graph.py","lineno":781}
{"timestamp":"2026-06-29T06:32:55.741526Z","level":"info","event":"Cosmos performance: time to calculate cache identifier cosmos_cache__get_games_metadata__dbt_transform for current version: 0.00039320799987763166","logger":"cosmos.cache","filename":"cache.py","lineno":333}
{"timestamp":"2026-06-29T06:32:55.741592Z","level":"info","event":"Cosmos performance [d2f09bca74c9|3440]: The cache size for cosmos_cache__get_games_metadata__dbt_transform is 5873","logger":"cosmos.dbt.graph","filename":"graph.py","lineno":798}
{"timestamp":"2026-06-29T06:32:55.741757Z","level":"info","event":"Cosmos performance: Cache hit for cosmos_cache__get_games_metadata__dbt_transform - 5d5dc19a4d21d68d9e2dd97b4b147311,84441d245827577361e239eef1354057","logger":"cosmos.dbt.graph","filename":"graph.py","lineno":806}
{"timestamp":"2026-06-29T06:32:55.741970Z","level":"info","event":"Total nodes: 6","logger":"cosmos.dbt.graph","filename":"graph.py","lineno":711}
{"timestamp":"2026-06-29T06:32:55.742007Z","level":"info","event":"Total filtered nodes: 6","logger":"cosmos.dbt.graph","filename":"graph.py","lineno":712}
{"timestamp":"2026-06-29T06:32:55.742045Z","level":"info","event":"Cosmos performance (get_games_metadata__dbt_transform) -  [d2f09bca74c9|3440]: It took 0.00729s to parse the dbt project for DAG using LoadMode.DBT_LS_CACHE","logger":"cosmos.converter","filename":"converter.py","lineno":340}
{"timestamp":"2026-06-29T06:32:55.742285Z","level":"info","event":"Project /tmp/airflow/dag_bundles/my-git-repo/tracking_repo/dbt_project does not have {'dependencies.yml', 'packages.yml'}","logger":"cosmos.dbt.project","filename":"project.py","lineno":40}
{"timestamp":"2026-06-29T06:32:55.742700Z","level":"info","event":"Project /tmp/airflow/dag_bundles/my-git-repo/tracking_repo/dbt_project does not have {'dependencies.yml', 'packages.yml'}","logger":"cosmos.dbt.project","filename":"project.py","lineno":40}
{"timestamp":"2026-06-29T06:32:55.743127Z","level":"info","event":"Project /tmp/airflow/dag_bundles/my-git-repo/tracking_repo/dbt_project does not have {'dependencies.yml', 'packages.yml'}","logger":"cosmos.dbt.project","filename":"project.py","lineno":40}
{"timestamp":"2026-06-29T06:32:55.743479Z","level":"info","event":"Project /tmp/airflow/dag_bundles/my-git-repo/tracking_repo/dbt_project does not have {'dependencies.yml', 'packages.yml'}","logger":"cosmos.dbt.project","filename":"project.py","lineno":40}
{"timestamp":"2026-06-29T06:32:55.743873Z","level":"info","event":"Project /tmp/airflow/dag_bundles/my-git-repo/tracking_repo/dbt_project does not have {'dependencies.yml', 'packages.yml'}","logger":"cosmos.dbt.project","filename":"project.py","lineno":40}
{"timestamp":"2026-06-29T06:32:55.744217Z","level":"info","event":"Project /tmp/airflow/dag_bundles/my-git-repo/tracking_repo/dbt_project does not have {'dependencies.yml', 'packages.yml'}","logger":"cosmos.dbt.project","filename":"project.py","lineno":40}
{"timestamp":"2026-06-29T06:32:55.744646Z","level":"info","event":"Project /tmp/airflow/dag_bundles/my-git-repo/tracking_repo/dbt_project does not have {'dependencies.yml', 'packages.yml'}","logger":"cosmos.dbt.project","filename":"project.py","lineno":40}
{"timestamp":"2026-06-29T06:32:55.744891Z","level":"info","event":"Cosmos performance (get_games_metadata__dbt_transform) - [d2f09bca74c9|3440]: It took 0.00285s to build the Airflow DAG.","logger":"cosmos.converter","filename":"converter.py","lineno":387}
{"timestamp":"2026-06-29T06:32:55.744922Z","level":"info","event":"::endgroup::Cosmos DAG parsing logs","logger":"cosmos.converter","filename":"converter.py","lineno":390}
{"timestamp":"2026-06-29T06:33:26.555708Z","level":"info","event":"Filling up the DagBag from /tmp/airflow/dag_bundles/my-git-repo/tracking_repo/airflow-dags/steam/DAG_steam_api.py","logger":"airflow.models.dagbag.DagBag","filename":"dagbag.py","lineno":593}
{"timestamp":"2026-06-29T06:33:26.977681Z","level":"info","event":"Project /tmp/airflow/dag_bundles/my-git-repo/tracking_repo/dbt_project does not have {'dependencies.yml', 'packages.yml'}","logger":"cosmos.dbt.project","filename":"project.py","lineno":40}
{"timestamp":"2026-06-29T06:33:26.978345Z","level":"info","event":"::group::Cosmos DAG parsing logs","logger":"cosmos.converter","filename":"converter.py","lineno":293}
{"timestamp":"2026-06-29T06:33:26.978641Z","level":"info","event":"Trying to parse the dbt project using dbt ls cache cosmos_cache__get_games_metadata__dbt_transform...","logger":"cosmos.dbt.graph","filename":"graph.py","lineno":781}
{"timestamp":"2026-06-29T06:33:26.985420Z","level":"info","event":"Cosmos performance: time to calculate cache identifier cosmos_cache__get_games_metadata__dbt_transform for current version: 0.00042808299986063503","logger":"cosmos.cache","filename":"cache.py","lineno":333}
{"timestamp":"2026-06-29T06:33:26.985492Z","level":"info","event":"Cosmos performance [d2f09bca74c9|3468]: The cache size for cosmos_cache__get_games_metadata__dbt_transform is 5873","logger":"cosmos.dbt.graph","filename":"graph.py","lineno":798}
{"timestamp":"2026-06-29T06:33:26.985660Z","level":"info","event":"Cosmos performance: Cache hit for cosmos_cache__get_games_metadata__dbt_transform - 5d5dc19a4d21d68d9e2dd97b4b147311,84441d245827577361e239eef1354057","logger":"cosmos.dbt.graph","filename":"graph.py","lineno":806}
{"timestamp":"2026-06-29T06:33:26.985848Z","level":"info","event":"Total nodes: 6","logger":"cosmos.dbt.graph","filename":"graph.py","lineno":711}
{"timestamp":"2026-06-29T06:33:26.985888Z","level":"info","event":"Total filtered nodes: 6","logger":"cosmos.dbt.graph","filename":"graph.py","lineno":712}
{"timestamp":"2026-06-29T06:33:26.985934Z","level":"info","event":"Cosmos performance (get_games_metadata__dbt_transform) -  [d2f09bca74c9|3468]: It took 0.00731s to parse the dbt project for DAG using LoadMode.DBT_LS_CACHE","logger":"cosmos.converter","filename":"converter.py","lineno":340}
{"timestamp":"2026-06-29T06:33:26.986170Z","level":"info","event":"Project /tmp/airflow/dag_bundles/my-git-repo/tracking_repo/dbt_project does not have {'dependencies.yml', 'packages.yml'}","logger":"cosmos.dbt.project","filename":"project.py","lineno":40}
{"timestamp":"2026-06-29T06:33:26.986572Z","level":"info","event":"Project /tmp/airflow/dag_bundles/my-git-repo/tracking_repo/dbt_project does not have {'dependencies.yml', 'packages.yml'}","logger":"cosmos.dbt.project","filename":"project.py","lineno":40}
{"timestamp":"2026-06-29T06:33:26.986987Z","level":"info","event":"Project /tmp/airflow/dag_bundles/my-git-repo/tracking_repo/dbt_project does not have {'dependencies.yml', 'packages.yml'}","logger":"cosmos.dbt.project","filename":"project.py","lineno":40}
{"timestamp":"2026-06-29T06:33:26.987375Z","level":"info","event":"Project /tmp/airflow/dag_bundles/my-git-repo/tracking_repo/dbt_project does not have {'dependencies.yml', 'packages.yml'}","logger":"cosmos.dbt.project","filename":"project.py","lineno":40}
{"timestamp":"2026-06-29T06:33:26.987761Z","level":"info","event":"Project /tmp/airflow/dag_bundles/my-git-repo/tracking_repo/dbt_project does not have {'dependencies.yml', 'packages.yml'}","logger":"cosmos.dbt.project","filename":"project.py","lineno":40}
{"timestamp":"2026-06-29T06:33:26.988229Z","level":"info","event":"Project /tmp/airflow/dag_bundles/my-git-repo/tracking_repo/dbt_project does not have {'dependencies.yml', 'packages.yml'}","logger":"cosmos.dbt.project","filename":"project.py","lineno":40}
{"timestamp":"2026-06-29T06:33:26.988789Z","level":"info","event":"Project /tmp/airflow/dag_bundles/my-git-repo/tracking_repo/dbt_project does not have {'dependencies.yml', 'packages.yml'}","logger":"cosmos.dbt.project","filename":"project.py","lineno":40}
{"timestamp":"2026-06-29T06:33:26.989027Z","level":"info","event":"Cosmos performance (get_games_metadata__dbt_transform) - [d2f09bca74c9|3468]: It took 0.00309s to build the Airflow DAG.","logger":"cosmos.converter","filename":"converter.py","lineno":387}
{"timestamp":"2026-06-29T06:33:26.989062Z","level":"info","event":"::endgroup::Cosmos DAG parsing logs","logger":"cosmos.converter","filename":"converter.py","lineno":390}
{"timestamp":"2026-06-29T06:33:57.825441Z","level":"info","event":"Filling up the DagBag from /tmp/airflow/dag_bundles/my-git-repo/tracking_repo/airflow-dags/steam/DAG_steam_api.py","logger":"airflow.models.dagbag.DagBag","filename":"dagbag.py","lineno":593}
{"timestamp":"2026-06-29T06:33:58.263131Z","level":"info","event":"Project /tmp/airflow/dag_bundles/my-git-repo/tracking_repo/dbt_project does not have {'dependencies.yml', 'packages.yml'}","logger":"cosmos.dbt.project","filename":"project.py","lineno":40}
{"timestamp":"2026-06-29T06:33:58.263820Z","level":"info","event":"::group::Cosmos DAG parsing logs","logger":"cosmos.converter","filename":"converter.py","lineno":293}
{"timestamp":"2026-06-29T06:33:58.264128Z","level":"info","event":"Trying to parse the dbt project using dbt ls cache cosmos_cache__get_games_metadata__dbt_transform...","logger":"cosmos.dbt.graph","filename":"graph.py","lineno":781}
{"timestamp":"2026-06-29T06:33:58.270708Z","level":"info","event":"Cosmos performance: time to calculate cache identifier cosmos_cache__get_games_metadata__dbt_transform for current version: 0.0003849579989037011","logger":"cosmos.cache","filename":"cache.py","lineno":333}
{"timestamp":"2026-06-29T06:33:58.270773Z","level":"info","event":"Cosmos performance [d2f09bca74c9|3496]: The cache size for cosmos_cache__get_games_metadata__dbt_transform is 5873","logger":"cosmos.dbt.graph","filename":"graph.py","lineno":798}
{"timestamp":"2026-06-29T06:33:58.270921Z","level":"info","event":"Cosmos performance: Cache hit for cosmos_cache__get_games_metadata__dbt_transform - 5d5dc19a4d21d68d9e2dd97b4b147311,84441d245827577361e239eef1354057","logger":"cosmos.dbt.graph","filename":"graph.py","lineno":806}
{"timestamp":"2026-06-29T06:33:58.271112Z","level":"info","event":"Total nodes: 6","logger":"cosmos.dbt.graph","filename":"graph.py","lineno":711}
{"timestamp":"2026-06-29T06:33:58.271149Z","level":"info","event":"Total filtered nodes: 6","logger":"cosmos.dbt.graph","filename":"graph.py","lineno":712}
{"timestamp":"2026-06-29T06:33:58.271189Z","level":"info","event":"Cosmos performance (get_games_metadata__dbt_transform) -  [d2f09bca74c9|3496]: It took 0.00709s to parse the dbt project for DAG using LoadMode.DBT_LS_CACHE","logger":"cosmos.converter","filename":"converter.py","lineno":340}
{"timestamp":"2026-06-29T06:33:58.271437Z","level":"info","event":"Project /tmp/airflow/dag_bundles/my-git-repo/tracking_repo/dbt_project does not have {'dependencies.yml', 'packages.yml'}","logger":"cosmos.dbt.project","filename":"project.py","lineno":40}
{"timestamp":"2026-06-29T06:33:58.271830Z","level":"info","event":"Project /tmp/airflow/dag_bundles/my-git-repo/tracking_repo/dbt_project does not have {'dependencies.yml', 'packages.yml'}","logger":"cosmos.dbt.project","filename":"project.py","lineno":40}
{"timestamp":"2026-06-29T06:33:58.272242Z","level":"info","event":"Project /tmp/airflow/dag_bundles/my-git-repo/tracking_repo/dbt_project does not have {'dependencies.yml', 'packages.yml'}","logger":"cosmos.dbt.project","filename":"project.py","lineno":40}
{"timestamp":"2026-06-29T06:33:58.272632Z","level":"info","event":"Project /tmp/airflow/dag_bundles/my-git-repo/tracking_repo/dbt_project does not have {'dependencies.yml', 'packages.yml'}","logger":"cosmos.dbt.project","filename":"project.py","lineno":40}
{"timestamp":"2026-06-29T06:33:58.273006Z","level":"info","event":"Project /tmp/airflow/dag_bundles/my-git-repo/tracking_repo/dbt_project does not have {'dependencies.yml', 'packages.yml'}","logger":"cosmos.dbt.project","filename":"project.py","lineno":40}
{"timestamp":"2026-06-29T06:33:58.273351Z","level":"info","event":"Project /tmp/airflow/dag_bundles/my-git-repo/tracking_repo/dbt_project does not have {'dependencies.yml', 'packages.yml'}","logger":"cosmos.dbt.project","filename":"project.py","lineno":40}
{"timestamp":"2026-06-29T06:33:58.274703Z","level":"info","event":"Project /tmp/airflow/dag_bundles/my-git-repo/tracking_repo/dbt_project does not have {'dependencies.yml', 'packages.yml'}","logger":"cosmos.dbt.project","filename":"project.py","lineno":40}
{"timestamp":"2026-06-29T06:33:58.274957Z","level":"info","event":"Cosmos performance (get_games_metadata__dbt_transform) - [d2f09bca74c9|3496]: It took 0.00377s to build the Airflow DAG.","logger":"cosmos.converter","filename":"converter.py","lineno":387}
{"timestamp":"2026-06-29T06:33:58.274989Z","level":"info","event":"::endgroup::Cosmos DAG parsing logs","logger":"cosmos.converter","filename":"converter.py","lineno":390}
{"timestamp":"2026-06-29T06:34:29.073108Z","level":"info","event":"Filling up the DagBag from /tmp/airflow/dag_bundles/my-git-repo/tracking_repo/airflow-dags/steam/DAG_steam_api.py","logger":"airflow.models.dagbag.DagBag","filename":"dagbag.py","lineno":593}
{"timestamp":"2026-06-29T06:34:29.517861Z","level":"info","event":"Project /tmp/airflow/dag_bundles/my-git-repo/tracking_repo/dbt_project does not have {'dependencies.yml', 'packages.yml'}","logger":"cosmos.dbt.project","filename":"project.py","lineno":40}
{"timestamp":"2026-06-29T06:34:29.518541Z","level":"info","event":"::group::Cosmos DAG parsing logs","logger":"cosmos.converter","filename":"converter.py","lineno":293}
{"timestamp":"2026-06-29T06:34:29.518828Z","level":"info","event":"Trying to parse the dbt project using dbt ls cache cosmos_cache__get_games_metadata__dbt_transform...","logger":"cosmos.dbt.graph","filename":"graph.py","lineno":781}
{"timestamp":"2026-06-29T06:34:29.526064Z","level":"info","event":"Cosmos performance: time to calculate cache identifier cosmos_cache__get_games_metadata__dbt_transform for current version: 0.00038087500070105307","logger":"cosmos.cache","filename":"cache.py","lineno":333}
{"timestamp":"2026-06-29T06:34:29.526126Z","level":"info","event":"Cosmos performance [d2f09bca74c9|3524]: The cache size for cosmos_cache__get_games_metadata__dbt_transform is 5873","logger":"cosmos.dbt.graph","filename":"graph.py","lineno":798}
{"timestamp":"2026-06-29T06:34:29.526274Z","level":"info","event":"Cosmos performance: Cache hit for cosmos_cache__get_games_metadata__dbt_transform - 5d5dc19a4d21d68d9e2dd97b4b147311,84441d245827577361e239eef1354057","logger":"cosmos.dbt.graph","filename":"graph.py","lineno":806}
{"timestamp":"2026-06-29T06:34:29.526478Z","level":"info","event":"Total nodes: 6","logger":"cosmos.dbt.graph","filename":"graph.py","lineno":711}
{"timestamp":"2026-06-29T06:34:29.526519Z","level":"info","event":"Total filtered nodes: 6","logger":"cosmos.dbt.graph","filename":"graph.py","lineno":712}
{"timestamp":"2026-06-29T06:34:29.526555Z","level":"info","event":"Cosmos performance (get_games_metadata__dbt_transform) -  [d2f09bca74c9|3524]: It took 0.00775s to parse the dbt project for DAG using LoadMode.DBT_LS_CACHE","logger":"cosmos.converter","filename":"converter.py","lineno":340}
{"timestamp":"2026-06-29T06:34:29.526798Z","level":"info","event":"Project /tmp/airflow/dag_bundles/my-git-repo/tracking_repo/dbt_project does not have {'dependencies.yml', 'packages.yml'}","logger":"cosmos.dbt.project","filename":"project.py","lineno":40}
{"timestamp":"2026-06-29T06:34:29.527226Z","level":"info","event":"Project /tmp/airflow/dag_bundles/my-git-repo/tracking_repo/dbt_project does not have {'dependencies.yml', 'packages.yml'}","logger":"cosmos.dbt.project","filename":"project.py","lineno":40}
{"timestamp":"2026-06-29T06:34:29.527666Z","level":"info","event":"Project /tmp/airflow/dag_bundles/my-git-repo/tracking_repo/dbt_project does not have {'dependencies.yml', 'packages.yml'}","logger":"cosmos.dbt.project","filename":"project.py","lineno":40}
{"timestamp":"2026-06-29T06:34:29.528065Z","level":"info","event":"Project /tmp/airflow/dag_bundles/my-git-repo/tracking_repo/dbt_project does not have {'dependencies.yml', 'packages.yml'}","logger":"cosmos.dbt.project","filename":"project.py","lineno":40}
{"timestamp":"2026-06-29T06:34:29.528451Z","level":"info","event":"Project /tmp/airflow/dag_bundles/my-git-repo/tracking_repo/dbt_project does not have {'dependencies.yml', 'packages.yml'}","logger":"cosmos.dbt.project","filename":"project.py","lineno":40}
{"timestamp":"2026-06-29T06:34:29.528801Z","level":"info","event":"Project /tmp/airflow/dag_bundles/my-git-repo/tracking_repo/dbt_project does not have {'dependencies.yml', 'packages.yml'}","logger":"cosmos.dbt.project","filename":"project.py","lineno":40}
{"timestamp":"2026-06-29T06:34:29.529253Z","level":"info","event":"Project /tmp/airflow/dag_bundles/my-git-repo/tracking_repo/dbt_project does not have {'dependencies.yml', 'packages.yml'}","logger":"cosmos.dbt.project","filename":"project.py","lineno":40}
{"timestamp":"2026-06-29T06:34:29.529485Z","level":"info","event":"Cosmos performance (get_games_metadata__dbt_transform) - [d2f09bca74c9|3524]: It took 0.00292s to build the Airflow DAG.","logger":"cosmos.converter","filename":"converter.py","lineno":387}
{"timestamp":"2026-06-29T06:34:29.529518Z","level":"info","event":"::endgroup::Cosmos DAG parsing logs","logger":"cosmos.converter","filename":"converter.py","lineno":390}
{"timestamp":"2026-06-29T06:34:59.959615Z","level":"info","event":"Filling up the DagBag from /tmp/airflow/dag_bundles/my-git-repo/tracking_repo/airflow-dags/steam/DAG_steam_api.py","logger":"airflow.models.dagbag.DagBag","filename":"dagbag.py","lineno":593}
{"timestamp":"2026-06-29T06:35:00.398093Z","level":"info","event":"Project /tmp/airflow/dag_bundles/my-git-repo/tracking_repo/dbt_project does not have {'dependencies.yml', 'packages.yml'}","logger":"cosmos.dbt.project","filename":"project.py","lineno":40}
{"timestamp":"2026-06-29T06:35:00.398815Z","level":"info","event":"::group::Cosmos DAG parsing logs","logger":"cosmos.converter","filename":"converter.py","lineno":293}
{"timestamp":"2026-06-29T06:35:00.399115Z","level":"info","event":"Trying to parse the dbt project using dbt ls cache cosmos_cache__get_games_metadata__dbt_transform...","logger":"cosmos.dbt.graph","filename":"graph.py","lineno":781}
{"timestamp":"2026-06-29T06:35:00.405853Z","level":"info","event":"Cosmos performance: time to calculate cache identifier cosmos_cache__get_games_metadata__dbt_transform for current version: 0.00042129199937335216","logger":"cosmos.cache","filename":"cache.py","lineno":333}
{"timestamp":"2026-06-29T06:35:00.405910Z","level":"info","event":"Cosmos performance [d2f09bca74c9|3567]: The cache size for cosmos_cache__get_games_metadata__dbt_transform is 5873","logger":"cosmos.dbt.graph","filename":"graph.py","lineno":798}
{"timestamp":"2026-06-29T06:35:00.406086Z","level":"info","event":"Cosmos performance: Cache hit for cosmos_cache__get_games_metadata__dbt_transform - 5d5dc19a4d21d68d9e2dd97b4b147311,84441d245827577361e239eef1354057","logger":"cosmos.dbt.graph","filename":"graph.py","lineno":806}
{"timestamp":"2026-06-29T06:35:00.406286Z","level":"info","event":"Total nodes: 6","logger":"cosmos.dbt.graph","filename":"graph.py","lineno":711}
{"timestamp":"2026-06-29T06:35:00.406316Z","level":"info","event":"Total filtered nodes: 6","logger":"cosmos.dbt.graph","filename":"graph.py","lineno":712}
{"timestamp":"2026-06-29T06:35:00.406358Z","level":"info","event":"Cosmos performance (get_games_metadata__dbt_transform) -  [d2f09bca74c9|3567]: It took 0.00726s to parse the dbt project for DAG using LoadMode.DBT_LS_CACHE","logger":"cosmos.converter","filename":"converter.py","lineno":340}
{"timestamp":"2026-06-29T06:35:00.406592Z","level":"info","event":"Project /tmp/airflow/dag_bundles/my-git-repo/tracking_repo/dbt_project does not have {'dependencies.yml', 'packages.yml'}","logger":"cosmos.dbt.project","filename":"project.py","lineno":40}
{"timestamp":"2026-06-29T06:35:00.407014Z","level":"info","event":"Project /tmp/airflow/dag_bundles/my-git-repo/tracking_repo/dbt_project does not have {'dependencies.yml', 'packages.yml'}","logger":"cosmos.dbt.project","filename":"project.py","lineno":40}
{"timestamp":"2026-06-29T06:35:00.407446Z","level":"info","event":"Project /tmp/airflow/dag_bundles/my-git-repo/tracking_repo/dbt_project does not have {'dependencies.yml', 'packages.yml'}","logger":"cosmos.dbt.project","filename":"project.py","lineno":40}
{"timestamp":"2026-06-29T06:35:00.407811Z","level":"info","event":"Project /tmp/airflow/dag_bundles/my-git-repo/tracking_repo/dbt_project does not have {'dependencies.yml', 'packages.yml'}","logger":"cosmos.dbt.project","filename":"project.py","lineno":40}
{"timestamp":"2026-06-29T06:35:00.408196Z","level":"info","event":"Project /tmp/airflow/dag_bundles/my-git-repo/tracking_repo/dbt_project does not have {'dependencies.yml', 'packages.yml'}","logger":"cosmos.dbt.project","filename":"project.py","lineno":40}
{"timestamp":"2026-06-29T06:35:00.408569Z","level":"info","event":"Project /tmp/airflow/dag_bundles/my-git-repo/tracking_repo/dbt_project does not have {'dependencies.yml', 'packages.yml'}","logger":"cosmos.dbt.project","filename":"project.py","lineno":40}
{"timestamp":"2026-06-29T06:35:00.408931Z","level":"info","event":"Project /tmp/airflow/dag_bundles/my-git-repo/tracking_repo/dbt_project does not have {'dependencies.yml', 'packages.yml'}","logger":"cosmos.dbt.project","filename":"project.py","lineno":40}
{"timestamp":"2026-06-29T06:35:00.409180Z","level":"info","event":"Cosmos performance (get_games_metadata__dbt_transform) - [d2f09bca74c9|3567]: It took 0.00282s to build the Airflow DAG.","logger":"cosmos.converter","filename":"converter.py","lineno":387}
{"timestamp":"2026-06-29T06:35:00.409221Z","level":"info","event":"::endgroup::Cosmos DAG parsing logs","logger":"cosmos.converter","filename":"converter.py","lineno":390}
{"timestamp":"2026-06-29T06:35:31.221990Z","level":"info","event":"Filling up the DagBag from /tmp/airflow/dag_bundles/my-git-repo/tracking_repo/airflow-dags/steam/DAG_steam_api.py","logger":"airflow.models.dagbag.DagBag","filename":"dagbag.py","lineno":593}
{"timestamp":"2026-06-29T06:35:31.630429Z","level":"info","event":"Project /tmp/airflow/dag_bundles/my-git-repo/tracking_repo/dbt_project does not have {'dependencies.yml', 'packages.yml'}","logger":"cosmos.dbt.project","filename":"project.py","lineno":40}
{"timestamp":"2026-06-29T06:35:31.631105Z","level":"info","event":"::group::Cosmos DAG parsing logs","logger":"cosmos.converter","filename":"converter.py","lineno":293}
{"timestamp":"2026-06-29T06:35:31.631386Z","level":"info","event":"Trying to parse the dbt project using dbt ls cache cosmos_cache__get_games_metadata__dbt_transform...","logger":"cosmos.dbt.graph","filename":"graph.py","lineno":781}
{"timestamp":"2026-06-29T06:35:31.638008Z","level":"info","event":"Cosmos performance: time to calculate cache identifier cosmos_cache__get_games_metadata__dbt_transform for current version: 0.0003864999998768326","logger":"cosmos.cache","filename":"cache.py","lineno":333}
{"timestamp":"2026-06-29T06:35:31.638082Z","level":"info","event":"Cosmos performance [d2f09bca74c9|3595]: The cache size for cosmos_cache__get_games_metadata__dbt_transform is 5873","logger":"cosmos.dbt.graph","filename":"graph.py","lineno":798}
{"timestamp":"2026-06-29T06:35:31.638238Z","level":"info","event":"Cosmos performance: Cache hit for cosmos_cache__get_games_metadata__dbt_transform - 5d5dc19a4d21d68d9e2dd97b4b147311,84441d245827577361e239eef1354057","logger":"cosmos.dbt.graph","filename":"graph.py","lineno":806}
{"timestamp":"2026-06-29T06:35:31.638438Z","level":"info","event":"Total nodes: 6","logger":"cosmos.dbt.graph","filename":"graph.py","lineno":711}
{"timestamp":"2026-06-29T06:35:31.638467Z","level":"info","event":"Total filtered nodes: 6","logger":"cosmos.dbt.graph","filename":"graph.py","lineno":712}
{"timestamp":"2026-06-29T06:35:31.638510Z","level":"info","event":"Cosmos performance (get_games_metadata__dbt_transform) -  [d2f09bca74c9|3595]: It took 0.00714s to parse the dbt project for DAG using LoadMode.DBT_LS_CACHE","logger":"cosmos.converter","filename":"converter.py","lineno":340}
{"timestamp":"2026-06-29T06:35:31.638746Z","level":"info","event":"Project /tmp/airflow/dag_bundles/my-git-repo/tracking_repo/dbt_project does not have {'dependencies.yml', 'packages.yml'}","logger":"cosmos.dbt.project","filename":"project.py","lineno":40}
{"timestamp":"2026-06-29T06:35:31.639158Z","level":"info","event":"Project /tmp/airflow/dag_bundles/my-git-repo/tracking_repo/dbt_project does not have {'dependencies.yml', 'packages.yml'}","logger":"cosmos.dbt.project","filename":"project.py","lineno":40}
{"timestamp":"2026-06-29T06:35:31.639596Z","level":"info","event":"Project /tmp/airflow/dag_bundles/my-git-repo/tracking_repo/dbt_project does not have {'dependencies.yml', 'packages.yml'}","logger":"cosmos.dbt.project","filename":"project.py","lineno":40}
{"timestamp":"2026-06-29T06:35:31.639978Z","level":"info","event":"Project /tmp/airflow/dag_bundles/my-git-repo/tracking_repo/dbt_project does not have {'dependencies.yml', 'packages.yml'}","logger":"cosmos.dbt.project","filename":"project.py","lineno":40}
{"timestamp":"2026-06-29T06:35:31.640366Z","level":"info","event":"Project /tmp/airflow/dag_bundles/my-git-repo/tracking_repo/dbt_project does not have {'dependencies.yml', 'packages.yml'}","logger":"cosmos.dbt.project","filename":"project.py","lineno":40}
{"timestamp":"2026-06-29T06:35:31.640709Z","level":"info","event":"Project /tmp/airflow/dag_bundles/my-git-repo/tracking_repo/dbt_project does not have {'dependencies.yml', 'packages.yml'}","logger":"cosmos.dbt.project","filename":"project.py","lineno":40}
{"timestamp":"2026-06-29T06:35:31.641129Z","level":"info","event":"Project /tmp/airflow/dag_bundles/my-git-repo/tracking_repo/dbt_project does not have {'dependencies.yml', 'packages.yml'}","logger":"cosmos.dbt.project","filename":"project.py","lineno":40}
{"timestamp":"2026-06-29T06:35:31.641363Z","level":"info","event":"Cosmos performance (get_games_metadata__dbt_transform) - [d2f09bca74c9|3595]: It took 0.00286s to build the Airflow DAG.","logger":"cosmos.converter","filename":"converter.py","lineno":387}
{"timestamp":"2026-06-29T06:35:31.641391Z","level":"info","event":"::endgroup::Cosmos DAG parsing logs","logger":"cosmos.converter","filename":"converter.py","lineno":390}
{"timestamp":"2026-06-29T06:36:02.544729Z","level":"info","event":"Filling up the DagBag from /tmp/airflow/dag_bundles/my-git-repo/tracking_repo/airflow-dags/steam/DAG_steam_api.py","logger":"airflow.models.dagbag.DagBag","filename":"dagbag.py","lineno":593}
{"timestamp":"2026-06-29T06:36:02.951971Z","level":"info","event":"Project /tmp/airflow/dag_bundles/my-git-repo/tracking_repo/dbt_project does not have {'dependencies.yml', 'packages.yml'}","logger":"cosmos.dbt.project","filename":"project.py","lineno":40}
{"timestamp":"2026-06-29T06:36:02.952636Z","level":"info","event":"::group::Cosmos DAG parsing logs","logger":"cosmos.converter","filename":"converter.py","lineno":293}
{"timestamp":"2026-06-29T06:36:02.952922Z","level":"info","event":"Trying to parse the dbt project using dbt ls cache cosmos_cache__get_games_metadata__dbt_transform...","logger":"cosmos.dbt.graph","filename":"graph.py","lineno":781}
{"timestamp":"2026-06-29T06:36:02.959882Z","level":"info","event":"Cosmos performance: time to calculate cache identifier cosmos_cache__get_games_metadata__dbt_transform for current version: 0.00038045899782446213","logger":"cosmos.cache","filename":"cache.py","lineno":333}
{"timestamp":"2026-06-29T06:36:02.959945Z","level":"info","event":"Cosmos performance [d2f09bca74c9|3624]: The cache size for cosmos_cache__get_games_metadata__dbt_transform is 5873","logger":"cosmos.dbt.graph","filename":"graph.py","lineno":798}
{"timestamp":"2026-06-29T06:36:02.960089Z","level":"info","event":"Cosmos performance: Cache hit for cosmos_cache__get_games_metadata__dbt_transform - 5d5dc19a4d21d68d9e2dd97b4b147311,84441d245827577361e239eef1354057","logger":"cosmos.dbt.graph","filename":"graph.py","lineno":806}
{"timestamp":"2026-06-29T06:36:02.960277Z","level":"info","event":"Total nodes: 6","logger":"cosmos.dbt.graph","filename":"graph.py","lineno":711}
{"timestamp":"2026-06-29T06:36:02.960314Z","level":"info","event":"Total filtered nodes: 6","logger":"cosmos.dbt.graph","filename":"graph.py","lineno":712}
{"timestamp":"2026-06-29T06:36:02.960354Z","level":"info","event":"Cosmos performance (get_games_metadata__dbt_transform) -  [d2f09bca74c9|3624]: It took 0.00746s to parse the dbt project for DAG using LoadMode.DBT_LS_CACHE","logger":"cosmos.converter","filename":"converter.py","lineno":340}
{"timestamp":"2026-06-29T06:36:02.960589Z","level":"info","event":"Project /tmp/airflow/dag_bundles/my-git-repo/tracking_repo/dbt_project does not have {'dependencies.yml', 'packages.yml'}","logger":"cosmos.dbt.project","filename":"project.py","lineno":40}
{"timestamp":"2026-06-29T06:36:02.960990Z","level":"info","event":"Project /tmp/airflow/dag_bundles/my-git-repo/tracking_repo/dbt_project does not have {'dependencies.yml', 'packages.yml'}","logger":"cosmos.dbt.project","filename":"project.py","lineno":40}
{"timestamp":"2026-06-29T06:36:02.961412Z","level":"info","event":"Project /tmp/airflow/dag_bundles/my-git-repo/tracking_repo/dbt_project does not have {'dependencies.yml', 'packages.yml'}","logger":"cosmos.dbt.project","filename":"project.py","lineno":40}
{"timestamp":"2026-06-29T06:36:02.961782Z","level":"info","event":"Project /tmp/airflow/dag_bundles/my-git-repo/tracking_repo/dbt_project does not have {'dependencies.yml', 'packages.yml'}","logger":"cosmos.dbt.project","filename":"project.py","lineno":40}
{"timestamp":"2026-06-29T06:36:02.962155Z","level":"info","event":"Project /tmp/airflow/dag_bundles/my-git-repo/tracking_repo/dbt_project does not have {'dependencies.yml', 'packages.yml'}","logger":"cosmos.dbt.project","filename":"project.py","lineno":40}
{"timestamp":"2026-06-29T06:36:02.962525Z","level":"info","event":"Project /tmp/airflow/dag_bundles/my-git-repo/tracking_repo/dbt_project does not have {'dependencies.yml', 'packages.yml'}","logger":"cosmos.dbt.project","filename":"project.py","lineno":40}
{"timestamp":"2026-06-29T06:36:02.962870Z","level":"info","event":"Project /tmp/airflow/dag_bundles/my-git-repo/tracking_repo/dbt_project does not have {'dependencies.yml', 'packages.yml'}","logger":"cosmos.dbt.project","filename":"project.py","lineno":40}
{"timestamp":"2026-06-29T06:36:02.963105Z","level":"info","event":"Cosmos performance (get_games_metadata__dbt_transform) - [d2f09bca74c9|3624]: It took 0.00274s to build the Airflow DAG.","logger":"cosmos.converter","filename":"converter.py","lineno":387}
{"timestamp":"2026-06-29T06:36:02.963139Z","level":"info","event":"::endgroup::Cosmos DAG parsing logs","logger":"cosmos.converter","filename":"converter.py","lineno":390}
{"timestamp":"2026-06-29T06:36:33.810054Z","level":"info","event":"Filling up the DagBag from /tmp/airflow/dag_bundles/my-git-repo/tracking_repo/airflow-dags/steam/DAG_steam_api.py","logger":"airflow.models.dagbag.DagBag","filename":"dagbag.py","lineno":593}
{"timestamp":"2026-06-29T06:36:34.216311Z","level":"info","event":"Project /tmp/airflow/dag_bundles/my-git-repo/tracking_repo/dbt_project does not have {'dependencies.yml', 'packages.yml'}","logger":"cosmos.dbt.project","filename":"project.py","lineno":40}
{"timestamp":"2026-06-29T06:36:34.216994Z","level":"info","event":"::group::Cosmos DAG parsing logs","logger":"cosmos.converter","filename":"converter.py","lineno":293}
{"timestamp":"2026-06-29T06:36:34.217299Z","level":"info","event":"Trying to parse the dbt project using dbt ls cache cosmos_cache__get_games_metadata__dbt_transform...","logger":"cosmos.dbt.graph","filename":"graph.py","lineno":781}
{"timestamp":"2026-06-29T06:36:34.224242Z","level":"info","event":"Cosmos performance: time to calculate cache identifier cosmos_cache__get_games_metadata__dbt_transform for current version: 0.00038533399856532924","logger":"cosmos.cache","filename":"cache.py","lineno":333}
{"timestamp":"2026-06-29T06:36:34.224308Z","level":"info","event":"Cosmos performance [d2f09bca74c9|3652]: The cache size for cosmos_cache__get_games_metadata__dbt_transform is 5873","logger":"cosmos.dbt.graph","filename":"graph.py","lineno":798}
{"timestamp":"2026-06-29T06:36:34.224460Z","level":"info","event":"Cosmos performance: Cache hit for cosmos_cache__get_games_metadata__dbt_transform - 5d5dc19a4d21d68d9e2dd97b4b147311,84441d245827577361e239eef1354057","logger":"cosmos.dbt.graph","filename":"graph.py","lineno":806}
{"timestamp":"2026-06-29T06:36:34.224662Z","level":"info","event":"Total nodes: 6","logger":"cosmos.dbt.graph","filename":"graph.py","lineno":711}
{"timestamp":"2026-06-29T06:36:34.224703Z","level":"info","event":"Total filtered nodes: 6","logger":"cosmos.dbt.graph","filename":"graph.py","lineno":712}
{"timestamp":"2026-06-29T06:36:34.224740Z","level":"info","event":"Cosmos performance (get_games_metadata__dbt_transform) -  [d2f09bca74c9|3652]: It took 0.00747s to parse the dbt project for DAG using LoadMode.DBT_LS_CACHE","logger":"cosmos.converter","filename":"converter.py","lineno":340}
{"timestamp":"2026-06-29T06:36:34.224980Z","level":"info","event":"Project /tmp/airflow/dag_bundles/my-git-repo/tracking_repo/dbt_project does not have {'dependencies.yml', 'packages.yml'}","logger":"cosmos.dbt.project","filename":"project.py","lineno":40}
{"timestamp":"2026-06-29T06:36:34.225398Z","level":"info","event":"Project /tmp/airflow/dag_bundles/my-git-repo/tracking_repo/dbt_project does not have {'dependencies.yml', 'packages.yml'}","logger":"cosmos.dbt.project","filename":"project.py","lineno":40}
{"timestamp":"2026-06-29T06:36:34.225830Z","level":"info","event":"Project /tmp/airflow/dag_bundles/my-git-repo/tracking_repo/dbt_project does not have {'dependencies.yml', 'packages.yml'}","logger":"cosmos.dbt.project","filename":"project.py","lineno":40}
{"timestamp":"2026-06-29T06:36:34.226225Z","level":"info","event":"Project /tmp/airflow/dag_bundles/my-git-repo/tracking_repo/dbt_project does not have {'dependencies.yml', 'packages.yml'}","logger":"cosmos.dbt.project","filename":"project.py","lineno":40}
{"timestamp":"2026-06-29T06:36:34.226589Z","level":"info","event":"Project /tmp/airflow/dag_bundles/my-git-repo/tracking_repo/dbt_project does not have {'dependencies.yml', 'packages.yml'}","logger":"cosmos.dbt.project","filename":"project.py","lineno":40}
{"timestamp":"2026-06-29T06:36:34.226944Z","level":"info","event":"Project /tmp/airflow/dag_bundles/my-git-repo/tracking_repo/dbt_project does not have {'dependencies.yml', 'packages.yml'}","logger":"cosmos.dbt.project","filename":"project.py","lineno":40}
{"timestamp":"2026-06-29T06:36:34.227370Z","level":"info","event":"Project /tmp/airflow/dag_bundles/my-git-repo/tracking_repo/dbt_project does not have {'dependencies.yml', 'packages.yml'}","logger":"cosmos.dbt.project","filename":"project.py","lineno":40}
{"timestamp":"2026-06-29T06:36:34.227588Z","level":"info","event":"Cosmos performance (get_games_metadata__dbt_transform) - [d2f09bca74c9|3652]: It took 0.00285s to build the Airflow DAG.","logger":"cosmos.converter","filename":"converter.py","lineno":387}
{"timestamp":"2026-06-29T06:36:34.227617Z","level":"info","event":"::endgroup::Cosmos DAG parsing logs","logger":"cosmos.converter","filename":"converter.py","lineno":390}
{"timestamp":"2026-06-29T06:37:04.653148Z","level":"info","event":"Filling up the DagBag from /tmp/airflow/dag_bundles/my-git-repo/tracking_repo/airflow-dags/steam/DAG_steam_api.py","logger":"airflow.models.dagbag.DagBag","filename":"dagbag.py","lineno":593}
{"timestamp":"2026-06-29T06:37:05.076993Z","level":"info","event":"Project /tmp/airflow/dag_bundles/my-git-repo/tracking_repo/dbt_project does not have {'dependencies.yml', 'packages.yml'}","logger":"cosmos.dbt.project","filename":"project.py","lineno":40}
{"timestamp":"2026-06-29T06:37:05.077719Z","level":"info","event":"::group::Cosmos DAG parsing logs","logger":"cosmos.converter","filename":"converter.py","lineno":293}
{"timestamp":"2026-06-29T06:37:05.078029Z","level":"info","event":"Trying to parse the dbt project using dbt ls cache cosmos_cache__get_games_metadata__dbt_transform...","logger":"cosmos.dbt.graph","filename":"graph.py","lineno":781}
{"timestamp":"2026-06-29T06:37:05.085739Z","level":"info","event":"Cosmos performance: time to calculate cache identifier cosmos_cache__get_games_metadata__dbt_transform for current version: 0.00042962499719578773","logger":"cosmos.cache","filename":"cache.py","lineno":333}
{"timestamp":"2026-06-29T06:37:05.085807Z","level":"info","event":"Cosmos performance [d2f09bca74c9|3695]: The cache size for cosmos_cache__get_games_metadata__dbt_transform is 5873","logger":"cosmos.dbt.graph","filename":"graph.py","lineno":798}
{"timestamp":"2026-06-29T06:37:05.085967Z","level":"info","event":"Cosmos performance: Cache hit for cosmos_cache__get_games_metadata__dbt_transform - 5d5dc19a4d21d68d9e2dd97b4b147311,84441d245827577361e239eef1354057","logger":"cosmos.dbt.graph","filename":"graph.py","lineno":806}
{"timestamp":"2026-06-29T06:37:05.086205Z","level":"info","event":"Total nodes: 6","logger":"cosmos.dbt.graph","filename":"graph.py","lineno":711}
{"timestamp":"2026-06-29T06:37:05.086242Z","level":"info","event":"Total filtered nodes: 6","logger":"cosmos.dbt.graph","filename":"graph.py","lineno":712}
{"timestamp":"2026-06-29T06:37:05.086301Z","level":"info","event":"Cosmos performance (get_games_metadata__dbt_transform) -  [d2f09bca74c9|3695]: It took 0.00828s to parse the dbt project for DAG using LoadMode.DBT_LS_CACHE","logger":"cosmos.converter","filename":"converter.py","lineno":340}
{"timestamp":"2026-06-29T06:37:05.086544Z","level":"info","event":"Project /tmp/airflow/dag_bundles/my-git-repo/tracking_repo/dbt_project does not have {'dependencies.yml', 'packages.yml'}","logger":"cosmos.dbt.project","filename":"project.py","lineno":40}
{"timestamp":"2026-06-29T06:37:05.086940Z","level":"info","event":"Project /tmp/airflow/dag_bundles/my-git-repo/tracking_repo/dbt_project does not have {'dependencies.yml', 'packages.yml'}","logger":"cosmos.dbt.project","filename":"project.py","lineno":40}
{"timestamp":"2026-06-29T06:37:05.087388Z","level":"info","event":"Project /tmp/airflow/dag_bundles/my-git-repo/tracking_repo/dbt_project does not have {'dependencies.yml', 'packages.yml'}","logger":"cosmos.dbt.project","filename":"project.py","lineno":40}
{"timestamp":"2026-06-29T06:37:05.087765Z","level":"info","event":"Project /tmp/airflow/dag_bundles/my-git-repo/tracking_repo/dbt_project does not have {'dependencies.yml', 'packages.yml'}","logger":"cosmos.dbt.project","filename":"project.py","lineno":40}
{"timestamp":"2026-06-29T06:37:05.088147Z","level":"info","event":"Project /tmp/airflow/dag_bundles/my-git-repo/tracking_repo/dbt_project does not have {'dependencies.yml', 'packages.yml'}","logger":"cosmos.dbt.project","filename":"project.py","lineno":40}
{"timestamp":"2026-06-29T06:37:05.088507Z","level":"info","event":"Project /tmp/airflow/dag_bundles/my-git-repo/tracking_repo/dbt_project does not have {'dependencies.yml', 'packages.yml'}","logger":"cosmos.dbt.project","filename":"project.py","lineno":40}
{"timestamp":"2026-06-29T06:37:05.088929Z","level":"info","event":"Project /tmp/airflow/dag_bundles/my-git-repo/tracking_repo/dbt_project does not have {'dependencies.yml', 'packages.yml'}","logger":"cosmos.dbt.project","filename":"project.py","lineno":40}
{"timestamp":"2026-06-29T06:37:05.089146Z","level":"info","event":"Cosmos performance (get_games_metadata__dbt_transform) - [d2f09bca74c9|3695]: It took 0.00286s to build the Airflow DAG.","logger":"cosmos.converter","filename":"converter.py","lineno":387}
{"timestamp":"2026-06-29T06:37:05.089175Z","level":"info","event":"::endgroup::Cosmos DAG parsing logs","logger":"cosmos.converter","filename":"converter.py","lineno":390}
{"timestamp":"2026-06-29T06:37:35.853114Z","level":"info","event":"Filling up the DagBag from /tmp/airflow/dag_bundles/my-git-repo/tracking_repo/airflow-dags/steam/DAG_steam_api.py","logger":"airflow.models.dagbag.DagBag","filename":"dagbag.py","lineno":593}
{"timestamp":"2026-06-29T06:37:36.265034Z","level":"info","event":"Project /tmp/airflow/dag_bundles/my-git-repo/tracking_repo/dbt_project does not have {'dependencies.yml', 'packages.yml'}","logger":"cosmos.dbt.project","filename":"project.py","lineno":40}
{"timestamp":"2026-06-29T06:37:36.265696Z","level":"info","event":"::group::Cosmos DAG parsing logs","logger":"cosmos.converter","filename":"converter.py","lineno":293}
{"timestamp":"2026-06-29T06:37:36.265982Z","level":"info","event":"Trying to parse the dbt project using dbt ls cache cosmos_cache__get_games_metadata__dbt_transform...","logger":"cosmos.dbt.graph","filename":"graph.py","lineno":781}
{"timestamp":"2026-06-29T06:37:36.272894Z","level":"info","event":"Cosmos performance: time to calculate cache identifier cosmos_cache__get_games_metadata__dbt_transform for current version: 0.00039841699617682025","logger":"cosmos.cache","filename":"cache.py","lineno":333}
{"timestamp":"2026-06-29T06:37:36.272959Z","level":"info","event":"Cosmos performance [d2f09bca74c9|3723]: The cache size for cosmos_cache__get_games_metadata__dbt_transform is 5873","logger":"cosmos.dbt.graph","filename":"graph.py","lineno":798}
{"timestamp":"2026-06-29T06:37:36.273108Z","level":"info","event":"Cosmos performance: Cache hit for cosmos_cache__get_games_metadata__dbt_transform - 5d5dc19a4d21d68d9e2dd97b4b147311,84441d245827577361e239eef1354057","logger":"cosmos.dbt.graph","filename":"graph.py","lineno":806}
{"timestamp":"2026-06-29T06:37:36.273317Z","level":"info","event":"Total nodes: 6","logger":"cosmos.dbt.graph","filename":"graph.py","lineno":711}
{"timestamp":"2026-06-29T06:37:36.273353Z","level":"info","event":"Total filtered nodes: 6","logger":"cosmos.dbt.graph","filename":"graph.py","lineno":712}
{"timestamp":"2026-06-29T06:37:36.273389Z","level":"info","event":"Cosmos performance (get_games_metadata__dbt_transform) -  [d2f09bca74c9|3723]: It took 0.00743s to parse the dbt project for DAG using LoadMode.DBT_LS_CACHE","logger":"cosmos.converter","filename":"converter.py","lineno":340}
{"timestamp":"2026-06-29T06:37:36.273652Z","level":"info","event":"Project /tmp/airflow/dag_bundles/my-git-repo/tracking_repo/dbt_project does not have {'dependencies.yml', 'packages.yml'}","logger":"cosmos.dbt.project","filename":"project.py","lineno":40}
{"timestamp":"2026-06-29T06:37:36.274066Z","level":"info","event":"Project /tmp/airflow/dag_bundles/my-git-repo/tracking_repo/dbt_project does not have {'dependencies.yml', 'packages.yml'}","logger":"cosmos.dbt.project","filename":"project.py","lineno":40}
{"timestamp":"2026-06-29T06:37:36.274478Z","level":"info","event":"Project /tmp/airflow/dag_bundles/my-git-repo/tracking_repo/dbt_project does not have {'dependencies.yml', 'packages.yml'}","logger":"cosmos.dbt.project","filename":"project.py","lineno":40}
{"timestamp":"2026-06-29T06:37:36.274870Z","level":"info","event":"Project /tmp/airflow/dag_bundles/my-git-repo/tracking_repo/dbt_project does not have {'dependencies.yml', 'packages.yml'}","logger":"cosmos.dbt.project","filename":"project.py","lineno":40}
{"timestamp":"2026-06-29T06:37:36.275252Z","level":"info","event":"Project /tmp/airflow/dag_bundles/my-git-repo/tracking_repo/dbt_project does not have {'dependencies.yml', 'packages.yml'}","logger":"cosmos.dbt.project","filename":"project.py","lineno":40}
{"timestamp":"2026-06-29T06:37:36.275604Z","level":"info","event":"Project /tmp/airflow/dag_bundles/my-git-repo/tracking_repo/dbt_project does not have {'dependencies.yml', 'packages.yml'}","logger":"cosmos.dbt.project","filename":"project.py","lineno":40}
{"timestamp":"2026-06-29T06:37:36.275949Z","level":"info","event":"Project /tmp/airflow/dag_bundles/my-git-repo/tracking_repo/dbt_project does not have {'dependencies.yml', 'packages.yml'}","logger":"cosmos.dbt.project","filename":"project.py","lineno":40}
{"timestamp":"2026-06-29T06:37:36.276175Z","level":"info","event":"Cosmos performance (get_games_metadata__dbt_transform) - [d2f09bca74c9|3723]: It took 0.00278s to build the Airflow DAG.","logger":"cosmos.converter","filename":"converter.py","lineno":387}
{"timestamp":"2026-06-29T06:37:36.276205Z","level":"info","event":"::endgroup::Cosmos DAG parsing logs","logger":"cosmos.converter","filename":"converter.py","lineno":390}
{"timestamp":"2026-06-29T06:38:07.057569Z","level":"info","event":"Filling up the DagBag from /tmp/airflow/dag_bundles/my-git-repo/tracking_repo/airflow-dags/steam/DAG_steam_api.py","logger":"airflow.models.dagbag.DagBag","filename":"dagbag.py","lineno":593}
{"timestamp":"2026-06-29T06:38:07.559332Z","level":"info","event":"Project /tmp/airflow/dag_bundles/my-git-repo/tracking_repo/dbt_project does not have {'dependencies.yml', 'packages.yml'}","logger":"cosmos.dbt.project","filename":"project.py","lineno":40}
{"timestamp":"2026-06-29T06:38:07.560011Z","level":"info","event":"::group::Cosmos DAG parsing logs","logger":"cosmos.converter","filename":"converter.py","lineno":293}
{"timestamp":"2026-06-29T06:38:07.560296Z","level":"info","event":"Trying to parse the dbt project using dbt ls cache cosmos_cache__get_games_metadata__dbt_transform...","logger":"cosmos.dbt.graph","filename":"graph.py","lineno":781}
{"timestamp":"2026-06-29T06:38:07.567401Z","level":"info","event":"Cosmos performance: time to calculate cache identifier cosmos_cache__get_games_metadata__dbt_transform for current version: 0.00037304199940990657","logger":"cosmos.cache","filename":"cache.py","lineno":333}
{"timestamp":"2026-06-29T06:38:07.567618Z","level":"info","event":"Cosmos performance [d2f09bca74c9|3751]: The cache size for cosmos_cache__get_games_metadata__dbt_transform is 5873","logger":"cosmos.dbt.graph","filename":"graph.py","lineno":798}
{"timestamp":"2026-06-29T06:38:07.567815Z","level":"info","event":"Cosmos performance: Cache hit for cosmos_cache__get_games_metadata__dbt_transform - 5d5dc19a4d21d68d9e2dd97b4b147311,84441d245827577361e239eef1354057","logger":"cosmos.dbt.graph","filename":"graph.py","lineno":806}
{"timestamp":"2026-06-29T06:38:07.568025Z","level":"info","event":"Total nodes: 6","logger":"cosmos.dbt.graph","filename":"graph.py","lineno":711}
{"timestamp":"2026-06-29T06:38:07.568058Z","level":"info","event":"Total filtered nodes: 6","logger":"cosmos.dbt.graph","filename":"graph.py","lineno":712}
{"timestamp":"2026-06-29T06:38:07.568099Z","level":"info","event":"Cosmos performance (get_games_metadata__dbt_transform) -  [d2f09bca74c9|3751]: It took 0.00783s to parse the dbt project for DAG using LoadMode.DBT_LS_CACHE","logger":"cosmos.converter","filename":"converter.py","lineno":340}
{"timestamp":"2026-06-29T06:38:07.568334Z","level":"info","event":"Project /tmp/airflow/dag_bundles/my-git-repo/tracking_repo/dbt_project does not have {'dependencies.yml', 'packages.yml'}","logger":"cosmos.dbt.project","filename":"project.py","lineno":40}
{"timestamp":"2026-06-29T06:38:07.568753Z","level":"info","event":"Project /tmp/airflow/dag_bundles/my-git-repo/tracking_repo/dbt_project does not have {'dependencies.yml', 'packages.yml'}","logger":"cosmos.dbt.project","filename":"project.py","lineno":40}
{"timestamp":"2026-06-29T06:38:07.569164Z","level":"info","event":"Project /tmp/airflow/dag_bundles/my-git-repo/tracking_repo/dbt_project does not have {'dependencies.yml', 'packages.yml'}","logger":"cosmos.dbt.project","filename":"project.py","lineno":40}
{"timestamp":"2026-06-29T06:38:07.569583Z","level":"info","event":"Project /tmp/airflow/dag_bundles/my-git-repo/tracking_repo/dbt_project does not have {'dependencies.yml', 'packages.yml'}","logger":"cosmos.dbt.project","filename":"project.py","lineno":40}
{"timestamp":"2026-06-29T06:38:07.569957Z","level":"info","event":"Project /tmp/airflow/dag_bundles/my-git-repo/tracking_repo/dbt_project does not have {'dependencies.yml', 'packages.yml'}","logger":"cosmos.dbt.project","filename":"project.py","lineno":40}
{"timestamp":"2026-06-29T06:38:07.570311Z","level":"info","event":"Project /tmp/airflow/dag_bundles/my-git-repo/tracking_repo/dbt_project does not have {'dependencies.yml', 'packages.yml'}","logger":"cosmos.dbt.project","filename":"project.py","lineno":40}
{"timestamp":"2026-06-29T06:38:07.570768Z","level":"info","event":"Project /tmp/airflow/dag_bundles/my-git-repo/tracking_repo/dbt_project does not have {'dependencies.yml', 'packages.yml'}","logger":"cosmos.dbt.project","filename":"project.py","lineno":40}
{"timestamp":"2026-06-29T06:38:07.570996Z","level":"info","event":"Cosmos performance (get_games_metadata__dbt_transform) - [d2f09bca74c9|3751]: It took 0.0029s to build the Airflow DAG.","logger":"cosmos.converter","filename":"converter.py","lineno":387}
{"timestamp":"2026-06-29T06:38:07.571025Z","level":"info","event":"::endgroup::Cosmos DAG parsing logs","logger":"cosmos.converter","filename":"converter.py","lineno":390}
{"timestamp":"2026-06-29T06:38:38.472615Z","level":"info","event":"Filling up the DagBag from /tmp/airflow/dag_bundles/my-git-repo/tracking_repo/airflow-dags/steam/DAG_steam_api.py","logger":"airflow.models.dagbag.DagBag","filename":"dagbag.py","lineno":593}
{"timestamp":"2026-06-29T06:38:38.900296Z","level":"info","event":"Project /tmp/airflow/dag_bundles/my-git-repo/tracking_repo/dbt_project does not have {'dependencies.yml', 'packages.yml'}","logger":"cosmos.dbt.project","filename":"project.py","lineno":40}
{"timestamp":"2026-06-29T06:38:38.901010Z","level":"info","event":"::group::Cosmos DAG parsing logs","logger":"cosmos.converter","filename":"converter.py","lineno":293}
{"timestamp":"2026-06-29T06:38:38.901312Z","level":"info","event":"Trying to parse the dbt project using dbt ls cache cosmos_cache__get_games_metadata__dbt_transform...","logger":"cosmos.dbt.graph","filename":"graph.py","lineno":781}
{"timestamp":"2026-06-29T06:38:38.910046Z","level":"info","event":"Cosmos performance: time to calculate cache identifier cosmos_cache__get_games_metadata__dbt_transform for current version: 0.00040779199480311945","logger":"cosmos.cache","filename":"cache.py","lineno":333}
{"timestamp":"2026-06-29T06:38:38.910120Z","level":"info","event":"Cosmos performance [d2f09bca74c9|3779]: The cache size for cosmos_cache__get_games_metadata__dbt_transform is 5873","logger":"cosmos.dbt.graph","filename":"graph.py","lineno":798}
{"timestamp":"2026-06-29T06:38:38.910290Z","level":"info","event":"Cosmos performance: Cache hit for cosmos_cache__get_games_metadata__dbt_transform - 5d5dc19a4d21d68d9e2dd97b4b147311,84441d245827577361e239eef1354057","logger":"cosmos.dbt.graph","filename":"graph.py","lineno":806}
{"timestamp":"2026-06-29T06:38:38.910549Z","level":"info","event":"Total nodes: 6","logger":"cosmos.dbt.graph","filename":"graph.py","lineno":711}
{"timestamp":"2026-06-29T06:38:38.910588Z","level":"info","event":"Total filtered nodes: 6","logger":"cosmos.dbt.graph","filename":"graph.py","lineno":712}
{"timestamp":"2026-06-29T06:38:38.910633Z","level":"info","event":"Cosmos performance (get_games_metadata__dbt_transform) -  [d2f09bca74c9|3779]: It took 0.00935s to parse the dbt project for DAG using LoadMode.DBT_LS_CACHE","logger":"cosmos.converter","filename":"converter.py","lineno":340}
{"timestamp":"2026-06-29T06:38:38.910883Z","level":"info","event":"Project /tmp/airflow/dag_bundles/my-git-repo/tracking_repo/dbt_project does not have {'dependencies.yml', 'packages.yml'}","logger":"cosmos.dbt.project","filename":"project.py","lineno":40}
{"timestamp":"2026-06-29T06:38:38.911294Z","level":"info","event":"Project /tmp/airflow/dag_bundles/my-git-repo/tracking_repo/dbt_project does not have {'dependencies.yml', 'packages.yml'}","logger":"cosmos.dbt.project","filename":"project.py","lineno":40}
{"timestamp":"2026-06-29T06:38:38.911744Z","level":"info","event":"Project /tmp/airflow/dag_bundles/my-git-repo/tracking_repo/dbt_project does not have {'dependencies.yml', 'packages.yml'}","logger":"cosmos.dbt.project","filename":"project.py","lineno":40}
{"timestamp":"2026-06-29T06:38:38.912141Z","level":"info","event":"Project /tmp/airflow/dag_bundles/my-git-repo/tracking_repo/dbt_project does not have {'dependencies.yml', 'packages.yml'}","logger":"cosmos.dbt.project","filename":"project.py","lineno":40}
{"timestamp":"2026-06-29T06:38:38.912529Z","level":"info","event":"Project /tmp/airflow/dag_bundles/my-git-repo/tracking_repo/dbt_project does not have {'dependencies.yml', 'packages.yml'}","logger":"cosmos.dbt.project","filename":"project.py","lineno":40}
{"timestamp":"2026-06-29T06:38:38.912905Z","level":"info","event":"Project /tmp/airflow/dag_bundles/my-git-repo/tracking_repo/dbt_project does not have {'dependencies.yml', 'packages.yml'}","logger":"cosmos.dbt.project","filename":"project.py","lineno":40}
{"timestamp":"2026-06-29T06:38:38.913332Z","level":"info","event":"Project /tmp/airflow/dag_bundles/my-git-repo/tracking_repo/dbt_project does not have {'dependencies.yml', 'packages.yml'}","logger":"cosmos.dbt.project","filename":"project.py","lineno":40}
{"timestamp":"2026-06-29T06:38:38.913559Z","level":"info","event":"Cosmos performance (get_games_metadata__dbt_transform) - [d2f09bca74c9|3779]: It took 0.00293s to build the Airflow DAG.","logger":"cosmos.converter","filename":"converter.py","lineno":387}
{"timestamp":"2026-06-29T06:38:38.913598Z","level":"info","event":"::endgroup::Cosmos DAG parsing logs","logger":"cosmos.converter","filename":"converter.py","lineno":390}
{"timestamp":"2026-06-29T06:39:09.553334Z","level":"info","event":"Filling up the DagBag from /tmp/airflow/dag_bundles/my-git-repo/tracking_repo/airflow-dags/steam/DAG_steam_api.py","logger":"airflow.models.dagbag.DagBag","filename":"dagbag.py","lineno":593}
{"timestamp":"2026-06-29T06:39:10.075368Z","level":"info","event":"Project /tmp/airflow/dag_bundles/my-git-repo/tracking_repo/dbt_project does not have {'dependencies.yml', 'packages.yml'}","logger":"cosmos.dbt.project","filename":"project.py","lineno":40}
{"timestamp":"2026-06-29T06:39:10.076140Z","level":"info","event":"::group::Cosmos DAG parsing logs","logger":"cosmos.converter","filename":"converter.py","lineno":293}
{"timestamp":"2026-06-29T06:39:10.076475Z","level":"info","event":"Trying to parse the dbt project using dbt ls cache cosmos_cache__get_games_metadata__dbt_transform...","logger":"cosmos.dbt.graph","filename":"graph.py","lineno":781}
{"timestamp":"2026-06-29T06:39:10.088743Z","level":"info","event":"Cosmos performance: time to calculate cache identifier cosmos_cache__get_games_metadata__dbt_transform for current version: 0.0005355410030460916","logger":"cosmos.cache","filename":"cache.py","lineno":333}
{"timestamp":"2026-06-29T06:39:10.088828Z","level":"info","event":"Cosmos performance [d2f09bca74c9|3822]: The cache size for cosmos_cache__get_games_metadata__dbt_transform is 5873","logger":"cosmos.dbt.graph","filename":"graph.py","lineno":798}
{"timestamp":"2026-06-29T06:39:10.089009Z","level":"info","event":"Cosmos performance: Cache hit for cosmos_cache__get_games_metadata__dbt_transform - 5d5dc19a4d21d68d9e2dd97b4b147311,84441d245827577361e239eef1354057","logger":"cosmos.dbt.graph","filename":"graph.py","lineno":806}
{"timestamp":"2026-06-29T06:39:10.089311Z","level":"info","event":"Total nodes: 6","logger":"cosmos.dbt.graph","filename":"graph.py","lineno":711}
{"timestamp":"2026-06-29T06:39:10.089349Z","level":"info","event":"Total filtered nodes: 6","logger":"cosmos.dbt.graph","filename":"graph.py","lineno":712}
{"timestamp":"2026-06-29T06:39:10.089392Z","level":"info","event":"Cosmos performance (get_games_metadata__dbt_transform) -  [d2f09bca74c9|3822]: It took 0.0129s to parse the dbt project for DAG using LoadMode.DBT_LS_CACHE","logger":"cosmos.converter","filename":"converter.py","lineno":340}
{"timestamp":"2026-06-29T06:39:10.089656Z","level":"info","event":"Project /tmp/airflow/dag_bundles/my-git-repo/tracking_repo/dbt_project does not have {'dependencies.yml', 'packages.yml'}","logger":"cosmos.dbt.project","filename":"project.py","lineno":40}
{"timestamp":"2026-06-29T06:39:10.090088Z","level":"info","event":"Project /tmp/airflow/dag_bundles/my-git-repo/tracking_repo/dbt_project does not have {'dependencies.yml', 'packages.yml'}","logger":"cosmos.dbt.project","filename":"project.py","lineno":40}
{"timestamp":"2026-06-29T06:39:10.090553Z","level":"info","event":"Project /tmp/airflow/dag_bundles/my-git-repo/tracking_repo/dbt_project does not have {'dependencies.yml', 'packages.yml'}","logger":"cosmos.dbt.project","filename":"project.py","lineno":40}
{"timestamp":"2026-06-29T06:39:10.090923Z","level":"info","event":"Project /tmp/airflow/dag_bundles/my-git-repo/tracking_repo/dbt_project does not have {'dependencies.yml', 'packages.yml'}","logger":"cosmos.dbt.project","filename":"project.py","lineno":40}
{"timestamp":"2026-06-29T06:39:10.091258Z","level":"info","event":"Project /tmp/airflow/dag_bundles/my-git-repo/tracking_repo/dbt_project does not have {'dependencies.yml', 'packages.yml'}","logger":"cosmos.dbt.project","filename":"project.py","lineno":40}
{"timestamp":"2026-06-29T06:39:10.091614Z","level":"info","event":"Project /tmp/airflow/dag_bundles/my-git-repo/tracking_repo/dbt_project does not have {'dependencies.yml', 'packages.yml'}","logger":"cosmos.dbt.project","filename":"project.py","lineno":40}
{"timestamp":"2026-06-29T06:39:10.092021Z","level":"info","event":"Project /tmp/airflow/dag_bundles/my-git-repo/tracking_repo/dbt_project does not have {'dependencies.yml', 'packages.yml'}","logger":"cosmos.dbt.project","filename":"project.py","lineno":40}
{"timestamp":"2026-06-29T06:39:10.092247Z","level":"info","event":"Cosmos performance (get_games_metadata__dbt_transform) - [d2f09bca74c9|3822]: It took 0.00286s to build the Airflow DAG.","logger":"cosmos.converter","filename":"converter.py","lineno":387}
{"timestamp":"2026-06-29T06:39:10.092278Z","level":"info","event":"::endgroup::Cosmos DAG parsing logs","logger":"cosmos.converter","filename":"converter.py","lineno":390}
{"timestamp":"2026-06-29T06:39:40.853420Z","level":"info","event":"Filling up the DagBag from /tmp/airflow/dag_bundles/my-git-repo/tracking_repo/airflow-dags/steam/DAG_steam_api.py","logger":"airflow.models.dagbag.DagBag","filename":"dagbag.py","lineno":593}
{"timestamp":"2026-06-29T06:39:41.279733Z","level":"info","event":"Project /tmp/airflow/dag_bundles/my-git-repo/tracking_repo/dbt_project does not have {'dependencies.yml', 'packages.yml'}","logger":"cosmos.dbt.project","filename":"project.py","lineno":40}
{"timestamp":"2026-06-29T06:39:41.280423Z","level":"info","event":"::group::Cosmos DAG parsing logs","logger":"cosmos.converter","filename":"converter.py","lineno":293}
{"timestamp":"2026-06-29T06:39:41.280699Z","level":"info","event":"Trying to parse the dbt project using dbt ls cache cosmos_cache__get_games_metadata__dbt_transform...","logger":"cosmos.dbt.graph","filename":"graph.py","lineno":781}
{"timestamp":"2026-06-29T06:39:41.289156Z","level":"info","event":"Cosmos performance: time to calculate cache identifier cosmos_cache__get_games_metadata__dbt_transform for current version: 0.0003948340017814189","logger":"cosmos.cache","filename":"cache.py","lineno":333}
{"timestamp":"2026-06-29T06:39:41.289225Z","level":"info","event":"Cosmos performance [d2f09bca74c9|3850]: The cache size for cosmos_cache__get_games_metadata__dbt_transform is 5873","logger":"cosmos.dbt.graph","filename":"graph.py","lineno":798}
{"timestamp":"2026-06-29T06:39:41.289387Z","level":"info","event":"Cosmos performance: Cache hit for cosmos_cache__get_games_metadata__dbt_transform - 5d5dc19a4d21d68d9e2dd97b4b147311,84441d245827577361e239eef1354057","logger":"cosmos.dbt.graph","filename":"graph.py","lineno":806}
{"timestamp":"2026-06-29T06:39:41.289602Z","level":"info","event":"Total nodes: 6","logger":"cosmos.dbt.graph","filename":"graph.py","lineno":711}
{"timestamp":"2026-06-29T06:39:41.289636Z","level":"info","event":"Total filtered nodes: 6","logger":"cosmos.dbt.graph","filename":"graph.py","lineno":712}
{"timestamp":"2026-06-29T06:39:41.289681Z","level":"info","event":"Cosmos performance (get_games_metadata__dbt_transform) -  [d2f09bca74c9|3850]: It took 0.009s to parse the dbt project for DAG using LoadMode.DBT_LS_CACHE","logger":"cosmos.converter","filename":"converter.py","lineno":340}
{"timestamp":"2026-06-29T06:39:41.289917Z","level":"info","event":"Project /tmp/airflow/dag_bundles/my-git-repo/tracking_repo/dbt_project does not have {'dependencies.yml', 'packages.yml'}","logger":"cosmos.dbt.project","filename":"project.py","lineno":40}
{"timestamp":"2026-06-29T06:39:41.290325Z","level":"info","event":"Project /tmp/airflow/dag_bundles/my-git-repo/tracking_repo/dbt_project does not have {'dependencies.yml', 'packages.yml'}","logger":"cosmos.dbt.project","filename":"project.py","lineno":40}
{"timestamp":"2026-06-29T06:39:41.290753Z","level":"info","event":"Project /tmp/airflow/dag_bundles/my-git-repo/tracking_repo/dbt_project does not have {'dependencies.yml', 'packages.yml'}","logger":"cosmos.dbt.project","filename":"project.py","lineno":40}
{"timestamp":"2026-06-29T06:39:41.291138Z","level":"info","event":"Project /tmp/airflow/dag_bundles/my-git-repo/tracking_repo/dbt_project does not have {'dependencies.yml', 'packages.yml'}","logger":"cosmos.dbt.project","filename":"project.py","lineno":40}
{"timestamp":"2026-06-29T06:39:41.291518Z","level":"info","event":"Project /tmp/airflow/dag_bundles/my-git-repo/tracking_repo/dbt_project does not have {'dependencies.yml', 'packages.yml'}","logger":"cosmos.dbt.project","filename":"project.py","lineno":40}
{"timestamp":"2026-06-29T06:39:41.291866Z","level":"info","event":"Project /tmp/airflow/dag_bundles/my-git-repo/tracking_repo/dbt_project does not have {'dependencies.yml', 'packages.yml'}","logger":"cosmos.dbt.project","filename":"project.py","lineno":40}
{"timestamp":"2026-06-29T06:39:41.292306Z","level":"info","event":"Project /tmp/airflow/dag_bundles/my-git-repo/tracking_repo/dbt_project does not have {'dependencies.yml', 'packages.yml'}","logger":"cosmos.dbt.project","filename":"project.py","lineno":40}
{"timestamp":"2026-06-29T06:39:41.292545Z","level":"info","event":"Cosmos performance (get_games_metadata__dbt_transform) - [d2f09bca74c9|3850]: It took 0.00287s to build the Airflow DAG.","logger":"cosmos.converter","filename":"converter.py","lineno":387}
{"timestamp":"2026-06-29T06:39:41.292573Z","level":"info","event":"::endgroup::Cosmos DAG parsing logs","logger":"cosmos.converter","filename":"converter.py","lineno":390}
{"timestamp":"2026-06-29T06:40:12.254076Z","level":"info","event":"Filling up the DagBag from /tmp/airflow/dag_bundles/my-git-repo/tracking_repo/airflow-dags/steam/DAG_steam_api.py","logger":"airflow.models.dagbag.DagBag","filename":"dagbag.py","lineno":593}
{"timestamp":"2026-06-29T06:40:12.664751Z","level":"info","event":"Project /tmp/airflow/dag_bundles/my-git-repo/tracking_repo/dbt_project does not have {'dependencies.yml', 'packages.yml'}","logger":"cosmos.dbt.project","filename":"project.py","lineno":40}
{"timestamp":"2026-06-29T06:40:12.665440Z","level":"info","event":"::group::Cosmos DAG parsing logs","logger":"cosmos.converter","filename":"converter.py","lineno":293}
{"timestamp":"2026-06-29T06:40:12.665728Z","level":"info","event":"Trying to parse the dbt project using dbt ls cache cosmos_cache__get_games_metadata__dbt_transform...","logger":"cosmos.dbt.graph","filename":"graph.py","lineno":781}
{"timestamp":"2026-06-29T06:40:12.672570Z","level":"info","event":"Cosmos performance: time to calculate cache identifier cosmos_cache__get_games_metadata__dbt_transform for current version: 0.00038262500311248004","logger":"cosmos.cache","filename":"cache.py","lineno":333}
{"timestamp":"2026-06-29T06:40:12.672636Z","level":"info","event":"Cosmos performance [d2f09bca74c9|3878]: The cache size for cosmos_cache__get_games_metadata__dbt_transform is 5873","logger":"cosmos.dbt.graph","filename":"graph.py","lineno":798}
{"timestamp":"2026-06-29T06:40:12.672790Z","level":"info","event":"Cosmos performance: Cache hit for cosmos_cache__get_games_metadata__dbt_transform - 5d5dc19a4d21d68d9e2dd97b4b147311,84441d245827577361e239eef1354057","logger":"cosmos.dbt.graph","filename":"graph.py","lineno":806}
{"timestamp":"2026-06-29T06:40:12.673000Z","level":"info","event":"Total nodes: 6","logger":"cosmos.dbt.graph","filename":"graph.py","lineno":711}
{"timestamp":"2026-06-29T06:40:12.673041Z","level":"info","event":"Total filtered nodes: 6","logger":"cosmos.dbt.graph","filename":"graph.py","lineno":712}
{"timestamp":"2026-06-29T06:40:12.673081Z","level":"info","event":"Cosmos performance (get_games_metadata__dbt_transform) -  [d2f09bca74c9|3878]: It took 0.00738s to parse the dbt project for DAG using LoadMode.DBT_LS_CACHE","logger":"cosmos.converter","filename":"converter.py","lineno":340}
{"timestamp":"2026-06-29T06:40:12.673314Z","level":"info","event":"Project /tmp/airflow/dag_bundles/my-git-repo/tracking_repo/dbt_project does not have {'dependencies.yml', 'packages.yml'}","logger":"cosmos.dbt.project","filename":"project.py","lineno":40}
{"timestamp":"2026-06-29T06:40:12.673727Z","level":"info","event":"Project /tmp/airflow/dag_bundles/my-git-repo/tracking_repo/dbt_project does not have {'dependencies.yml', 'packages.yml'}","logger":"cosmos.dbt.project","filename":"project.py","lineno":40}
{"timestamp":"2026-06-29T06:40:12.674166Z","level":"info","event":"Project /tmp/airflow/dag_bundles/my-git-repo/tracking_repo/dbt_project does not have {'dependencies.yml', 'packages.yml'}","logger":"cosmos.dbt.project","filename":"project.py","lineno":40}
{"timestamp":"2026-06-29T06:40:12.674533Z","level":"info","event":"Project /tmp/airflow/dag_bundles/my-git-repo/tracking_repo/dbt_project does not have {'dependencies.yml', 'packages.yml'}","logger":"cosmos.dbt.project","filename":"project.py","lineno":40}
{"timestamp":"2026-06-29T06:40:12.674899Z","level":"info","event":"Project /tmp/airflow/dag_bundles/my-git-repo/tracking_repo/dbt_project does not have {'dependencies.yml', 'packages.yml'}","logger":"cosmos.dbt.project","filename":"project.py","lineno":40}
{"timestamp":"2026-06-29T06:40:12.675264Z","level":"info","event":"Project /tmp/airflow/dag_bundles/my-git-repo/tracking_repo/dbt_project does not have {'dependencies.yml', 'packages.yml'}","logger":"cosmos.dbt.project","filename":"project.py","lineno":40}
{"timestamp":"2026-06-29T06:40:12.676557Z","level":"info","event":"Project /tmp/airflow/dag_bundles/my-git-repo/tracking_repo/dbt_project does not have {'dependencies.yml', 'packages.yml'}","logger":"cosmos.dbt.project","filename":"project.py","lineno":40}
{"timestamp":"2026-06-29T06:40:12.676816Z","level":"info","event":"Cosmos performance (get_games_metadata__dbt_transform) - [d2f09bca74c9|3878]: It took 0.00373s to build the Airflow DAG.","logger":"cosmos.converter","filename":"converter.py","lineno":387}
{"timestamp":"2026-06-29T06:40:12.676863Z","level":"info","event":"::endgroup::Cosmos DAG parsing logs","logger":"cosmos.converter","filename":"converter.py","lineno":390}
{"timestamp":"2026-06-29T06:40:42.908403Z","level":"info","event":"Filling up the DagBag from /tmp/airflow/dag_bundles/my-git-repo/tracking_repo/airflow-dags/steam/DAG_steam_api.py","logger":"airflow.models.dagbag.DagBag","filename":"dagbag.py","lineno":593}
{"timestamp":"2026-06-29T06:40:43.331672Z","level":"info","event":"Project /tmp/airflow/dag_bundles/my-git-repo/tracking_repo/dbt_project does not have {'dependencies.yml', 'packages.yml'}","logger":"cosmos.dbt.project","filename":"project.py","lineno":40}
{"timestamp":"2026-06-29T06:40:43.332319Z","level":"info","event":"::group::Cosmos DAG parsing logs","logger":"cosmos.converter","filename":"converter.py","lineno":293}
{"timestamp":"2026-06-29T06:40:43.332606Z","level":"info","event":"Trying to parse the dbt project using dbt ls cache cosmos_cache__get_games_metadata__dbt_transform...","logger":"cosmos.dbt.graph","filename":"graph.py","lineno":781}
{"timestamp":"2026-06-29T06:40:43.341972Z","level":"info","event":"Cosmos performance: time to calculate cache identifier cosmos_cache__get_games_metadata__dbt_transform for current version: 0.00036433300556382164","logger":"cosmos.cache","filename":"cache.py","lineno":333}
{"timestamp":"2026-06-29T06:40:43.342030Z","level":"info","event":"Cosmos performance [d2f09bca74c9|3906]: The cache size for cosmos_cache__get_games_metadata__dbt_transform is 5873","logger":"cosmos.dbt.graph","filename":"graph.py","lineno":798}
{"timestamp":"2026-06-29T06:40:43.342184Z","level":"info","event":"Cosmos performance: Cache hit for cosmos_cache__get_games_metadata__dbt_transform - 5d5dc19a4d21d68d9e2dd97b4b147311,84441d245827577361e239eef1354057","logger":"cosmos.dbt.graph","filename":"graph.py","lineno":806}
{"timestamp":"2026-06-29T06:40:43.342373Z","level":"info","event":"Total nodes: 6","logger":"cosmos.dbt.graph","filename":"graph.py","lineno":711}
{"timestamp":"2026-06-29T06:40:43.342408Z","level":"info","event":"Total filtered nodes: 6","logger":"cosmos.dbt.graph","filename":"graph.py","lineno":712}
{"timestamp":"2026-06-29T06:40:43.342446Z","level":"info","event":"Cosmos performance (get_games_metadata__dbt_transform) -  [d2f09bca74c9|3906]: It took 0.00987s to parse the dbt project for DAG using LoadMode.DBT_LS_CACHE","logger":"cosmos.converter","filename":"converter.py","lineno":340}
{"timestamp":"2026-06-29T06:40:43.342667Z","level":"info","event":"Project /tmp/airflow/dag_bundles/my-git-repo/tracking_repo/dbt_project does not have {'dependencies.yml', 'packages.yml'}","logger":"cosmos.dbt.project","filename":"project.py","lineno":40}
{"timestamp":"2026-06-29T06:40:43.343024Z","level":"info","event":"Project /tmp/airflow/dag_bundles/my-git-repo/tracking_repo/dbt_project does not have {'dependencies.yml', 'packages.yml'}","logger":"cosmos.dbt.project","filename":"project.py","lineno":40}
{"timestamp":"2026-06-29T06:40:43.343425Z","level":"info","event":"Project /tmp/airflow/dag_bundles/my-git-repo/tracking_repo/dbt_project does not have {'dependencies.yml', 'packages.yml'}","logger":"cosmos.dbt.project","filename":"project.py","lineno":40}
{"timestamp":"2026-06-29T06:40:43.343773Z","level":"info","event":"Project /tmp/airflow/dag_bundles/my-git-repo/tracking_repo/dbt_project does not have {'dependencies.yml', 'packages.yml'}","logger":"cosmos.dbt.project","filename":"project.py","lineno":40}
{"timestamp":"2026-06-29T06:40:43.344103Z","level":"info","event":"Project /tmp/airflow/dag_bundles/my-git-repo/tracking_repo/dbt_project does not have {'dependencies.yml', 'packages.yml'}","logger":"cosmos.dbt.project","filename":"project.py","lineno":40}
{"timestamp":"2026-06-29T06:40:43.344435Z","level":"info","event":"Project /tmp/airflow/dag_bundles/my-git-repo/tracking_repo/dbt_project does not have {'dependencies.yml', 'packages.yml'}","logger":"cosmos.dbt.project","filename":"project.py","lineno":40}
{"timestamp":"2026-06-29T06:40:43.344832Z","level":"info","event":"Project /tmp/airflow/dag_bundles/my-git-repo/tracking_repo/dbt_project does not have {'dependencies.yml', 'packages.yml'}","logger":"cosmos.dbt.project","filename":"project.py","lineno":40}
{"timestamp":"2026-06-29T06:40:43.345051Z","level":"info","event":"Cosmos performance (get_games_metadata__dbt_transform) - [d2f09bca74c9|3906]: It took 0.00261s to build the Airflow DAG.","logger":"cosmos.converter","filename":"converter.py","lineno":387}
{"timestamp":"2026-06-29T06:40:43.345081Z","level":"info","event":"::endgroup::Cosmos DAG parsing logs","logger":"cosmos.converter","filename":"converter.py","lineno":390}
{"timestamp":"2026-06-29T06:41:14.714562Z","level":"info","event":"Filling up the DagBag from /tmp/airflow/dag_bundles/my-git-repo/tracking_repo/airflow-dags/steam/DAG_steam_api.py","logger":"airflow.models.dagbag.DagBag","filename":"dagbag.py","lineno":593}
{"timestamp":"2026-06-29T06:41:15.111973Z","level":"info","event":"Project /tmp/airflow/dag_bundles/my-git-repo/tracking_repo/dbt_project does not have {'dependencies.yml', 'packages.yml'}","logger":"cosmos.dbt.project","filename":"project.py","lineno":40}
{"timestamp":"2026-06-29T06:41:15.112656Z","level":"info","event":"::group::Cosmos DAG parsing logs","logger":"cosmos.converter","filename":"converter.py","lineno":293}
{"timestamp":"2026-06-29T06:41:15.112962Z","level":"info","event":"Trying to parse the dbt project using dbt ls cache cosmos_cache__get_games_metadata__dbt_transform...","logger":"cosmos.dbt.graph","filename":"graph.py","lineno":781}
{"timestamp":"2026-06-29T06:41:15.123155Z","level":"info","event":"Cosmos performance: time to calculate cache identifier cosmos_cache__get_games_metadata__dbt_transform for current version: 0.00036983400059398264","logger":"cosmos.cache","filename":"cache.py","lineno":333}
{"timestamp":"2026-06-29T06:41:15.123214Z","level":"info","event":"Cosmos performance [d2f09bca74c9|3949]: The cache size for cosmos_cache__get_games_metadata__dbt_transform is 5873","logger":"cosmos.dbt.graph","filename":"graph.py","lineno":798}
{"timestamp":"2026-06-29T06:41:15.123381Z","level":"info","event":"Cosmos performance: Cache hit for cosmos_cache__get_games_metadata__dbt_transform - 5d5dc19a4d21d68d9e2dd97b4b147311,84441d245827577361e239eef1354057","logger":"cosmos.dbt.graph","filename":"graph.py","lineno":806}
{"timestamp":"2026-06-29T06:41:15.123595Z","level":"info","event":"Total nodes: 6","logger":"cosmos.dbt.graph","filename":"graph.py","lineno":711}
{"timestamp":"2026-06-29T06:41:15.123644Z","level":"info","event":"Total filtered nodes: 6","logger":"cosmos.dbt.graph","filename":"graph.py","lineno":712}
{"timestamp":"2026-06-29T06:41:15.123700Z","level":"info","event":"Cosmos performance (get_games_metadata__dbt_transform) -  [d2f09bca74c9|3949]: It took 0.0108s to parse the dbt project for DAG using LoadMode.DBT_LS_CACHE","logger":"cosmos.converter","filename":"converter.py","lineno":340}
{"timestamp":"2026-06-29T06:41:15.123957Z","level":"info","event":"Project /tmp/airflow/dag_bundles/my-git-repo/tracking_repo/dbt_project does not have {'dependencies.yml', 'packages.yml'}","logger":"cosmos.dbt.project","filename":"project.py","lineno":40}
{"timestamp":"2026-06-29T06:41:15.124362Z","level":"info","event":"Project /tmp/airflow/dag_bundles/my-git-repo/tracking_repo/dbt_project does not have {'dependencies.yml', 'packages.yml'}","logger":"cosmos.dbt.project","filename":"project.py","lineno":40}
{"timestamp":"2026-06-29T06:41:15.124819Z","level":"info","event":"Project /tmp/airflow/dag_bundles/my-git-repo/tracking_repo/dbt_project does not have {'dependencies.yml', 'packages.yml'}","logger":"cosmos.dbt.project","filename":"project.py","lineno":40}
{"timestamp":"2026-06-29T06:41:15.125190Z","level":"info","event":"Project /tmp/airflow/dag_bundles/my-git-repo/tracking_repo/dbt_project does not have {'dependencies.yml', 'packages.yml'}","logger":"cosmos.dbt.project","filename":"project.py","lineno":40}
{"timestamp":"2026-06-29T06:41:15.125547Z","level":"info","event":"Project /tmp/airflow/dag_bundles/my-git-repo/tracking_repo/dbt_project does not have {'dependencies.yml', 'packages.yml'}","logger":"cosmos.dbt.project","filename":"project.py","lineno":40}
{"timestamp":"2026-06-29T06:41:15.125911Z","level":"info","event":"Project /tmp/airflow/dag_bundles/my-git-repo/tracking_repo/dbt_project does not have {'dependencies.yml', 'packages.yml'}","logger":"cosmos.dbt.project","filename":"project.py","lineno":40}
{"timestamp":"2026-06-29T06:41:15.126257Z","level":"info","event":"Project /tmp/airflow/dag_bundles/my-git-repo/tracking_repo/dbt_project does not have {'dependencies.yml', 'packages.yml'}","logger":"cosmos.dbt.project","filename":"project.py","lineno":40}
{"timestamp":"2026-06-29T06:41:15.126480Z","level":"info","event":"Cosmos performance (get_games_metadata__dbt_transform) - [d2f09bca74c9|3949]: It took 0.00279s to build the Airflow DAG.","logger":"cosmos.converter","filename":"converter.py","lineno":387}
{"timestamp":"2026-06-29T06:41:15.126509Z","level":"info","event":"::endgroup::Cosmos DAG parsing logs","logger":"cosmos.converter","filename":"converter.py","lineno":390}
{"timestamp":"2026-06-29T06:41:45.953676Z","level":"info","event":"Filling up the DagBag from /tmp/airflow/dag_bundles/my-git-repo/tracking_repo/airflow-dags/steam/DAG_steam_api.py","logger":"airflow.models.dagbag.DagBag","filename":"dagbag.py","lineno":593}
{"timestamp":"2026-06-29T06:41:46.347440Z","level":"info","event":"Project /tmp/airflow/dag_bundles/my-git-repo/tracking_repo/dbt_project does not have {'dependencies.yml', 'packages.yml'}","logger":"cosmos.dbt.project","filename":"project.py","lineno":40}
{"timestamp":"2026-06-29T06:41:46.348161Z","level":"info","event":"::group::Cosmos DAG parsing logs","logger":"cosmos.converter","filename":"converter.py","lineno":293}
{"timestamp":"2026-06-29T06:41:46.348458Z","level":"info","event":"Trying to parse the dbt project using dbt ls cache cosmos_cache__get_games_metadata__dbt_transform...","logger":"cosmos.dbt.graph","filename":"graph.py","lineno":781}
{"timestamp":"2026-06-29T06:41:46.355098Z","level":"info","event":"Cosmos performance: time to calculate cache identifier cosmos_cache__get_games_metadata__dbt_transform for current version: 0.0003803329964284785","logger":"cosmos.cache","filename":"cache.py","lineno":333}
{"timestamp":"2026-06-29T06:41:46.355157Z","level":"info","event":"Cosmos performance [d2f09bca74c9|3977]: The cache size for cosmos_cache__get_games_metadata__dbt_transform is 5873","logger":"cosmos.dbt.graph","filename":"graph.py","lineno":798}
{"timestamp":"2026-06-29T06:41:46.355312Z","level":"info","event":"Cosmos performance: Cache hit for cosmos_cache__get_games_metadata__dbt_transform - 5d5dc19a4d21d68d9e2dd97b4b147311,84441d245827577361e239eef1354057","logger":"cosmos.dbt.graph","filename":"graph.py","lineno":806}
{"timestamp":"2026-06-29T06:41:46.355499Z","level":"info","event":"Total nodes: 6","logger":"cosmos.dbt.graph","filename":"graph.py","lineno":711}
{"timestamp":"2026-06-29T06:41:46.355535Z","level":"info","event":"Total filtered nodes: 6","logger":"cosmos.dbt.graph","filename":"graph.py","lineno":712}
{"timestamp":"2026-06-29T06:41:46.355572Z","level":"info","event":"Cosmos performance (get_games_metadata__dbt_transform) -  [d2f09bca74c9|3977]: It took 0.00714s to parse the dbt project for DAG using LoadMode.DBT_LS_CACHE","logger":"cosmos.converter","filename":"converter.py","lineno":340}
{"timestamp":"2026-06-29T06:41:46.355813Z","level":"info","event":"Project /tmp/airflow/dag_bundles/my-git-repo/tracking_repo/dbt_project does not have {'dependencies.yml', 'packages.yml'}","logger":"cosmos.dbt.project","filename":"project.py","lineno":40}
{"timestamp":"2026-06-29T06:41:46.356230Z","level":"info","event":"Project /tmp/airflow/dag_bundles/my-git-repo/tracking_repo/dbt_project does not have {'dependencies.yml', 'packages.yml'}","logger":"cosmos.dbt.project","filename":"project.py","lineno":40}
{"timestamp":"2026-06-29T06:41:46.356648Z","level":"info","event":"Project /tmp/airflow/dag_bundles/my-git-repo/tracking_repo/dbt_project does not have {'dependencies.yml', 'packages.yml'}","logger":"cosmos.dbt.project","filename":"project.py","lineno":40}
{"timestamp":"2026-06-29T06:41:46.357038Z","level":"info","event":"Project /tmp/airflow/dag_bundles/my-git-repo/tracking_repo/dbt_project does not have {'dependencies.yml', 'packages.yml'}","logger":"cosmos.dbt.project","filename":"project.py","lineno":40}
{"timestamp":"2026-06-29T06:41:46.357402Z","level":"info","event":"Project /tmp/airflow/dag_bundles/my-git-repo/tracking_repo/dbt_project does not have {'dependencies.yml', 'packages.yml'}","logger":"cosmos.dbt.project","filename":"project.py","lineno":40}
{"timestamp":"2026-06-29T06:41:46.357748Z","level":"info","event":"Project /tmp/airflow/dag_bundles/my-git-repo/tracking_repo/dbt_project does not have {'dependencies.yml', 'packages.yml'}","logger":"cosmos.dbt.project","filename":"project.py","lineno":40}
{"timestamp":"2026-06-29T06:41:46.358210Z","level":"info","event":"Project /tmp/airflow/dag_bundles/my-git-repo/tracking_repo/dbt_project does not have {'dependencies.yml', 'packages.yml'}","logger":"cosmos.dbt.project","filename":"project.py","lineno":40}
{"timestamp":"2026-06-29T06:41:46.358472Z","level":"info","event":"Cosmos performance (get_games_metadata__dbt_transform) - [d2f09bca74c9|3977]: It took 0.0029s to build the Airflow DAG.","logger":"cosmos.converter","filename":"converter.py","lineno":387}
{"timestamp":"2026-06-29T06:41:46.358501Z","level":"info","event":"::endgroup::Cosmos DAG parsing logs","logger":"cosmos.converter","filename":"converter.py","lineno":390}
{"timestamp":"2026-06-29T06:42:16.665994Z","level":"info","event":"Filling up the DagBag from /tmp/airflow/dag_bundles/my-git-repo/tracking_repo/airflow-dags/steam/DAG_steam_api.py","logger":"airflow.models.dagbag.DagBag","filename":"dagbag.py","lineno":593}
{"timestamp":"2026-06-29T06:42:17.092559Z","level":"info","event":"Project /tmp/airflow/dag_bundles/my-git-repo/tracking_repo/dbt_project does not have {'dependencies.yml', 'packages.yml'}","logger":"cosmos.dbt.project","filename":"project.py","lineno":40}
{"timestamp":"2026-06-29T06:42:17.093263Z","level":"info","event":"::group::Cosmos DAG parsing logs","logger":"cosmos.converter","filename":"converter.py","lineno":293}
{"timestamp":"2026-06-29T06:42:17.093574Z","level":"info","event":"Trying to parse the dbt project using dbt ls cache cosmos_cache__get_games_metadata__dbt_transform...","logger":"cosmos.dbt.graph","filename":"graph.py","lineno":781}
{"timestamp":"2026-06-29T06:42:17.100263Z","level":"info","event":"Cosmos performance: time to calculate cache identifier cosmos_cache__get_games_metadata__dbt_transform for current version: 0.00040645899571245536","logger":"cosmos.cache","filename":"cache.py","lineno":333}
{"timestamp":"2026-06-29T06:42:17.100324Z","level":"info","event":"Cosmos performance [d2f09bca74c9|4005]: The cache size for cosmos_cache__get_games_metadata__dbt_transform is 5873","logger":"cosmos.dbt.graph","filename":"graph.py","lineno":798}
{"timestamp":"2026-06-29T06:42:17.100489Z","level":"info","event":"Cosmos performance: Cache hit for cosmos_cache__get_games_metadata__dbt_transform - 5d5dc19a4d21d68d9e2dd97b4b147311,84441d245827577361e239eef1354057","logger":"cosmos.dbt.graph","filename":"graph.py","lineno":806}
{"timestamp":"2026-06-29T06:42:17.100671Z","level":"info","event":"Total nodes: 6","logger":"cosmos.dbt.graph","filename":"graph.py","lineno":711}
{"timestamp":"2026-06-29T06:42:17.100706Z","level":"info","event":"Total filtered nodes: 6","logger":"cosmos.dbt.graph","filename":"graph.py","lineno":712}
{"timestamp":"2026-06-29T06:42:17.100751Z","level":"info","event":"Cosmos performance (get_games_metadata__dbt_transform) -  [d2f09bca74c9|4005]: It took 0.0072s to parse the dbt project for DAG using LoadMode.DBT_LS_CACHE","logger":"cosmos.converter","filename":"converter.py","lineno":340}
{"timestamp":"2026-06-29T06:42:17.101003Z","level":"info","event":"Project /tmp/airflow/dag_bundles/my-git-repo/tracking_repo/dbt_project does not have {'dependencies.yml', 'packages.yml'}","logger":"cosmos.dbt.project","filename":"project.py","lineno":40}
{"timestamp":"2026-06-29T06:42:17.101417Z","level":"info","event":"Project /tmp/airflow/dag_bundles/my-git-repo/tracking_repo/dbt_project does not have {'dependencies.yml', 'packages.yml'}","logger":"cosmos.dbt.project","filename":"project.py","lineno":40}
{"timestamp":"2026-06-29T06:42:17.101843Z","level":"info","event":"Project /tmp/airflow/dag_bundles/my-git-repo/tracking_repo/dbt_project does not have {'dependencies.yml', 'packages.yml'}","logger":"cosmos.dbt.project","filename":"project.py","lineno":40}
{"timestamp":"2026-06-29T06:42:17.102247Z","level":"info","event":"Project /tmp/airflow/dag_bundles/my-git-repo/tracking_repo/dbt_project does not have {'dependencies.yml', 'packages.yml'}","logger":"cosmos.dbt.project","filename":"project.py","lineno":40}
{"timestamp":"2026-06-29T06:42:17.102640Z","level":"info","event":"Project /tmp/airflow/dag_bundles/my-git-repo/tracking_repo/dbt_project does not have {'dependencies.yml', 'packages.yml'}","logger":"cosmos.dbt.project","filename":"project.py","lineno":40}
{"timestamp":"2026-06-29T06:42:17.102984Z","level":"info","event":"Project /tmp/airflow/dag_bundles/my-git-repo/tracking_repo/dbt_project does not have {'dependencies.yml', 'packages.yml'}","logger":"cosmos.dbt.project","filename":"project.py","lineno":40}
{"timestamp":"2026-06-29T06:42:17.103420Z","level":"info","event":"Project /tmp/airflow/dag_bundles/my-git-repo/tracking_repo/dbt_project does not have {'dependencies.yml', 'packages.yml'}","logger":"cosmos.dbt.project","filename":"project.py","lineno":40}
{"timestamp":"2026-06-29T06:42:17.103650Z","level":"info","event":"Cosmos performance (get_games_metadata__dbt_transform) - [d2f09bca74c9|4005]: It took 0.0029s to build the Airflow DAG.","logger":"cosmos.converter","filename":"converter.py","lineno":387}
{"timestamp":"2026-06-29T06:42:17.103678Z","level":"info","event":"::endgroup::Cosmos DAG parsing logs","logger":"cosmos.converter","filename":"converter.py","lineno":390}
{"timestamp":"2026-06-29T06:42:47.969585Z","level":"info","event":"Filling up the DagBag from /tmp/airflow/dag_bundles/my-git-repo/tracking_repo/airflow-dags/steam/DAG_steam_api.py","logger":"airflow.models.dagbag.DagBag","filename":"dagbag.py","lineno":593}
{"timestamp":"2026-06-29T06:42:48.383424Z","level":"info","event":"Project /tmp/airflow/dag_bundles/my-git-repo/tracking_repo/dbt_project does not have {'dependencies.yml', 'packages.yml'}","logger":"cosmos.dbt.project","filename":"project.py","lineno":40}
{"timestamp":"2026-06-29T06:42:48.384164Z","level":"info","event":"::group::Cosmos DAG parsing logs","logger":"cosmos.converter","filename":"converter.py","lineno":293}
{"timestamp":"2026-06-29T06:42:48.384460Z","level":"info","event":"Trying to parse the dbt project using dbt ls cache cosmos_cache__get_games_metadata__dbt_transform...","logger":"cosmos.dbt.graph","filename":"graph.py","lineno":781}
{"timestamp":"2026-06-29T06:42:48.390843Z","level":"info","event":"Cosmos performance: time to calculate cache identifier cosmos_cache__get_games_metadata__dbt_transform for current version: 0.00041737499850569293","logger":"cosmos.cache","filename":"cache.py","lineno":333}
{"timestamp":"2026-06-29T06:42:48.390910Z","level":"info","event":"Cosmos performance [d2f09bca74c9|4033]: The cache size for cosmos_cache__get_games_metadata__dbt_transform is 5873","logger":"cosmos.dbt.graph","filename":"graph.py","lineno":798}
{"timestamp":"2026-06-29T06:42:48.391056Z","level":"info","event":"Cosmos performance: Cache hit for cosmos_cache__get_games_metadata__dbt_transform - 5d5dc19a4d21d68d9e2dd97b4b147311,84441d245827577361e239eef1354057","logger":"cosmos.dbt.graph","filename":"graph.py","lineno":806}
{"timestamp":"2026-06-29T06:42:48.391239Z","level":"info","event":"Total nodes: 6","logger":"cosmos.dbt.graph","filename":"graph.py","lineno":711}
{"timestamp":"2026-06-29T06:42:48.391278Z","level":"info","event":"Total filtered nodes: 6","logger":"cosmos.dbt.graph","filename":"graph.py","lineno":712}
{"timestamp":"2026-06-29T06:42:48.391313Z","level":"info","event":"Cosmos performance (get_games_metadata__dbt_transform) -  [d2f09bca74c9|4033]: It took 0.00689s to parse the dbt project for DAG using LoadMode.DBT_LS_CACHE","logger":"cosmos.converter","filename":"converter.py","lineno":340}
{"timestamp":"2026-06-29T06:42:48.391546Z","level":"info","event":"Project /tmp/airflow/dag_bundles/my-git-repo/tracking_repo/dbt_project does not have {'dependencies.yml', 'packages.yml'}","logger":"cosmos.dbt.project","filename":"project.py","lineno":40}
{"timestamp":"2026-06-29T06:42:48.391951Z","level":"info","event":"Project /tmp/airflow/dag_bundles/my-git-repo/tracking_repo/dbt_project does not have {'dependencies.yml', 'packages.yml'}","logger":"cosmos.dbt.project","filename":"project.py","lineno":40}
{"timestamp":"2026-06-29T06:42:48.392355Z","level":"info","event":"Project /tmp/airflow/dag_bundles/my-git-repo/tracking_repo/dbt_project does not have {'dependencies.yml', 'packages.yml'}","logger":"cosmos.dbt.project","filename":"project.py","lineno":40}
{"timestamp":"2026-06-29T06:42:48.392759Z","level":"info","event":"Project /tmp/airflow/dag_bundles/my-git-repo/tracking_repo/dbt_project does not have {'dependencies.yml', 'packages.yml'}","logger":"cosmos.dbt.project","filename":"project.py","lineno":40}
{"timestamp":"2026-06-29T06:42:48.393146Z","level":"info","event":"Project /tmp/airflow/dag_bundles/my-git-repo/tracking_repo/dbt_project does not have {'dependencies.yml', 'packages.yml'}","logger":"cosmos.dbt.project","filename":"project.py","lineno":40}
{"timestamp":"2026-06-29T06:42:48.393492Z","level":"info","event":"Project /tmp/airflow/dag_bundles/my-git-repo/tracking_repo/dbt_project does not have {'dependencies.yml', 'packages.yml'}","logger":"cosmos.dbt.project","filename":"project.py","lineno":40}
{"timestamp":"2026-06-29T06:42:48.393915Z","level":"info","event":"Project /tmp/airflow/dag_bundles/my-git-repo/tracking_repo/dbt_project does not have {'dependencies.yml', 'packages.yml'}","logger":"cosmos.dbt.project","filename":"project.py","lineno":40}
{"timestamp":"2026-06-29T06:42:48.394135Z","level":"info","event":"Cosmos performance (get_games_metadata__dbt_transform) - [d2f09bca74c9|4033]: It took 0.00282s to build the Airflow DAG.","logger":"cosmos.converter","filename":"converter.py","lineno":387}
{"timestamp":"2026-06-29T06:42:48.394173Z","level":"info","event":"::endgroup::Cosmos DAG parsing logs","logger":"cosmos.converter","filename":"converter.py","lineno":390}
{"timestamp":"2026-06-29T06:43:18.947408Z","level":"info","event":"Filling up the DagBag from /tmp/airflow/dag_bundles/my-git-repo/tracking_repo/airflow-dags/steam/DAG_steam_api.py","logger":"airflow.models.dagbag.DagBag","filename":"dagbag.py","lineno":593}
{"timestamp":"2026-06-29T06:43:19.359320Z","level":"info","event":"Project /tmp/airflow/dag_bundles/my-git-repo/tracking_repo/dbt_project does not have {'dependencies.yml', 'packages.yml'}","logger":"cosmos.dbt.project","filename":"project.py","lineno":40}
{"timestamp":"2026-06-29T06:43:19.360088Z","level":"info","event":"::group::Cosmos DAG parsing logs","logger":"cosmos.converter","filename":"converter.py","lineno":293}
{"timestamp":"2026-06-29T06:43:19.360390Z","level":"info","event":"Trying to parse the dbt project using dbt ls cache cosmos_cache__get_games_metadata__dbt_transform...","logger":"cosmos.dbt.graph","filename":"graph.py","lineno":781}
{"timestamp":"2026-06-29T06:43:19.367333Z","level":"info","event":"Cosmos performance: time to calculate cache identifier cosmos_cache__get_games_metadata__dbt_transform for current version: 0.00038212499930523336","logger":"cosmos.cache","filename":"cache.py","lineno":333}
{"timestamp":"2026-06-29T06:43:19.367398Z","level":"info","event":"Cosmos performance [d2f09bca74c9|4076]: The cache size for cosmos_cache__get_games_metadata__dbt_transform is 5873","logger":"cosmos.dbt.graph","filename":"graph.py","lineno":798}
{"timestamp":"2026-06-29T06:43:19.367549Z","level":"info","event":"Cosmos performance: Cache hit for cosmos_cache__get_games_metadata__dbt_transform - 5d5dc19a4d21d68d9e2dd97b4b147311,84441d245827577361e239eef1354057","logger":"cosmos.dbt.graph","filename":"graph.py","lineno":806}
{"timestamp":"2026-06-29T06:43:19.367744Z","level":"info","event":"Total nodes: 6","logger":"cosmos.dbt.graph","filename":"graph.py","lineno":711}
{"timestamp":"2026-06-29T06:43:19.367776Z","level":"info","event":"Total filtered nodes: 6","logger":"cosmos.dbt.graph","filename":"graph.py","lineno":712}
{"timestamp":"2026-06-29T06:43:19.367813Z","level":"info","event":"Cosmos performance (get_games_metadata__dbt_transform) -  [d2f09bca74c9|4076]: It took 0.00745s to parse the dbt project for DAG using LoadMode.DBT_LS_CACHE","logger":"cosmos.converter","filename":"converter.py","lineno":340}
{"timestamp":"2026-06-29T06:43:19.368057Z","level":"info","event":"Project /tmp/airflow/dag_bundles/my-git-repo/tracking_repo/dbt_project does not have {'dependencies.yml', 'packages.yml'}","logger":"cosmos.dbt.project","filename":"project.py","lineno":40}
{"timestamp":"2026-06-29T06:43:19.368485Z","level":"info","event":"Project /tmp/airflow/dag_bundles/my-git-repo/tracking_repo/dbt_project does not have {'dependencies.yml', 'packages.yml'}","logger":"cosmos.dbt.project","filename":"project.py","lineno":40}
{"timestamp":"2026-06-29T06:43:19.368928Z","level":"info","event":"Project /tmp/airflow/dag_bundles/my-git-repo/tracking_repo/dbt_project does not have {'dependencies.yml', 'packages.yml'}","logger":"cosmos.dbt.project","filename":"project.py","lineno":40}
{"timestamp":"2026-06-29T06:43:19.369307Z","level":"info","event":"Project /tmp/airflow/dag_bundles/my-git-repo/tracking_repo/dbt_project does not have {'dependencies.yml', 'packages.yml'}","logger":"cosmos.dbt.project","filename":"project.py","lineno":40}
{"timestamp":"2026-06-29T06:43:19.369688Z","level":"info","event":"Project /tmp/airflow/dag_bundles/my-git-repo/tracking_repo/dbt_project does not have {'dependencies.yml', 'packages.yml'}","logger":"cosmos.dbt.project","filename":"project.py","lineno":40}
{"timestamp":"2026-06-29T06:43:19.370038Z","level":"info","event":"Project /tmp/airflow/dag_bundles/my-git-repo/tracking_repo/dbt_project does not have {'dependencies.yml', 'packages.yml'}","logger":"cosmos.dbt.project","filename":"project.py","lineno":40}
{"timestamp":"2026-06-29T06:43:19.370392Z","level":"info","event":"Project /tmp/airflow/dag_bundles/my-git-repo/tracking_repo/dbt_project does not have {'dependencies.yml', 'packages.yml'}","logger":"cosmos.dbt.project","filename":"project.py","lineno":40}
{"timestamp":"2026-06-29T06:43:19.370624Z","level":"info","event":"Cosmos performance (get_games_metadata__dbt_transform) - [d2f09bca74c9|4076]: It took 0.00281s to build the Airflow DAG.","logger":"cosmos.converter","filename":"converter.py","lineno":387}
{"timestamp":"2026-06-29T06:43:19.370653Z","level":"info","event":"::endgroup::Cosmos DAG parsing logs","logger":"cosmos.converter","filename":"converter.py","lineno":390}
{"timestamp":"2026-06-29T06:43:50.108998Z","level":"info","event":"Filling up the DagBag from /tmp/airflow/dag_bundles/my-git-repo/tracking_repo/airflow-dags/steam/DAG_steam_api.py","logger":"airflow.models.dagbag.DagBag","filename":"dagbag.py","lineno":593}
{"timestamp":"2026-06-29T06:43:50.512955Z","level":"info","event":"Project /tmp/airflow/dag_bundles/my-git-repo/tracking_repo/dbt_project does not have {'dependencies.yml', 'packages.yml'}","logger":"cosmos.dbt.project","filename":"project.py","lineno":40}
{"timestamp":"2026-06-29T06:43:50.513633Z","level":"info","event":"::group::Cosmos DAG parsing logs","logger":"cosmos.converter","filename":"converter.py","lineno":293}
{"timestamp":"2026-06-29T06:43:50.513945Z","level":"info","event":"Trying to parse the dbt project using dbt ls cache cosmos_cache__get_games_metadata__dbt_transform...","logger":"cosmos.dbt.graph","filename":"graph.py","lineno":781}
{"timestamp":"2026-06-29T06:43:50.520577Z","level":"info","event":"Cosmos performance: time to calculate cache identifier cosmos_cache__get_games_metadata__dbt_transform for current version: 0.0004044579982291907","logger":"cosmos.cache","filename":"cache.py","lineno":333}
{"timestamp":"2026-06-29T06:43:50.520644Z","level":"info","event":"Cosmos performance [d2f09bca74c9|4104]: The cache size for cosmos_cache__get_games_metadata__dbt_transform is 5873","logger":"cosmos.dbt.graph","filename":"graph.py","lineno":798}
{"timestamp":"2026-06-29T06:43:50.520840Z","level":"info","event":"Cosmos performance: Cache hit for cosmos_cache__get_games_metadata__dbt_transform - 5d5dc19a4d21d68d9e2dd97b4b147311,84441d245827577361e239eef1354057","logger":"cosmos.dbt.graph","filename":"graph.py","lineno":806}
{"timestamp":"2026-06-29T06:43:50.521083Z","level":"info","event":"Total nodes: 6","logger":"cosmos.dbt.graph","filename":"graph.py","lineno":711}
{"timestamp":"2026-06-29T06:43:50.521119Z","level":"info","event":"Total filtered nodes: 6","logger":"cosmos.dbt.graph","filename":"graph.py","lineno":712}
{"timestamp":"2026-06-29T06:43:50.521161Z","level":"info","event":"Cosmos performance (get_games_metadata__dbt_transform) -  [d2f09bca74c9|4104]: It took 0.00724s to parse the dbt project for DAG using LoadMode.DBT_LS_CACHE","logger":"cosmos.converter","filename":"converter.py","lineno":340}
{"timestamp":"2026-06-29T06:43:50.521417Z","level":"info","event":"Project /tmp/airflow/dag_bundles/my-git-repo/tracking_repo/dbt_project does not have {'dependencies.yml', 'packages.yml'}","logger":"cosmos.dbt.project","filename":"project.py","lineno":40}
{"timestamp":"2026-06-29T06:43:50.521869Z","level":"info","event":"Project /tmp/airflow/dag_bundles/my-git-repo/tracking_repo/dbt_project does not have {'dependencies.yml', 'packages.yml'}","logger":"cosmos.dbt.project","filename":"project.py","lineno":40}
{"timestamp":"2026-06-29T06:43:50.522339Z","level":"info","event":"Project /tmp/airflow/dag_bundles/my-git-repo/tracking_repo/dbt_project does not have {'dependencies.yml', 'packages.yml'}","logger":"cosmos.dbt.project","filename":"project.py","lineno":40}
{"timestamp":"2026-06-29T06:43:50.522735Z","level":"info","event":"Project /tmp/airflow/dag_bundles/my-git-repo/tracking_repo/dbt_project does not have {'dependencies.yml', 'packages.yml'}","logger":"cosmos.dbt.project","filename":"project.py","lineno":40}
{"timestamp":"2026-06-29T06:43:50.523116Z","level":"info","event":"Project /tmp/airflow/dag_bundles/my-git-repo/tracking_repo/dbt_project does not have {'dependencies.yml', 'packages.yml'}","logger":"cosmos.dbt.project","filename":"project.py","lineno":40}
{"timestamp":"2026-06-29T06:43:50.523477Z","level":"info","event":"Project /tmp/airflow/dag_bundles/my-git-repo/tracking_repo/dbt_project does not have {'dependencies.yml', 'packages.yml'}","logger":"cosmos.dbt.project","filename":"project.py","lineno":40}
{"timestamp":"2026-06-29T06:43:50.523905Z","level":"info","event":"Project /tmp/airflow/dag_bundles/my-git-repo/tracking_repo/dbt_project does not have {'dependencies.yml', 'packages.yml'}","logger":"cosmos.dbt.project","filename":"project.py","lineno":40}
{"timestamp":"2026-06-29T06:43:50.524137Z","level":"info","event":"Cosmos performance (get_games_metadata__dbt_transform) - [d2f09bca74c9|4104]: It took 0.00298s to build the Airflow DAG.","logger":"cosmos.converter","filename":"converter.py","lineno":387}
{"timestamp":"2026-06-29T06:43:50.524175Z","level":"info","event":"::endgroup::Cosmos DAG parsing logs","logger":"cosmos.converter","filename":"converter.py","lineno":390}
{"timestamp":"2026-06-29T06:44:21.306602Z","level":"info","event":"Filling up the DagBag from /tmp/airflow/dag_bundles/my-git-repo/tracking_repo/airflow-dags/steam/DAG_steam_api.py","logger":"airflow.models.dagbag.DagBag","filename":"dagbag.py","lineno":593}
{"timestamp":"2026-06-29T06:44:21.702488Z","level":"info","event":"Project /tmp/airflow/dag_bundles/my-git-repo/tracking_repo/dbt_project does not have {'dependencies.yml', 'packages.yml'}","logger":"cosmos.dbt.project","filename":"project.py","lineno":40}
{"timestamp":"2026-06-29T06:44:21.703144Z","level":"info","event":"::group::Cosmos DAG parsing logs","logger":"cosmos.converter","filename":"converter.py","lineno":293}
{"timestamp":"2026-06-29T06:44:21.703412Z","level":"info","event":"Trying to parse the dbt project using dbt ls cache cosmos_cache__get_games_metadata__dbt_transform...","logger":"cosmos.dbt.graph","filename":"graph.py","lineno":781}
{"timestamp":"2026-06-29T06:44:21.713487Z","level":"info","event":"Cosmos performance: time to calculate cache identifier cosmos_cache__get_games_metadata__dbt_transform for current version: 0.0004028749972349033","logger":"cosmos.cache","filename":"cache.py","lineno":333}
{"timestamp":"2026-06-29T06:44:21.713586Z","level":"info","event":"Cosmos performance [d2f09bca74c9|4132]: The cache size for cosmos_cache__get_games_metadata__dbt_transform is 5873","logger":"cosmos.dbt.graph","filename":"graph.py","lineno":798}
{"timestamp":"2026-06-29T06:44:21.713762Z","level":"info","event":"Cosmos performance: Cache hit for cosmos_cache__get_games_metadata__dbt_transform - 5d5dc19a4d21d68d9e2dd97b4b147311,84441d245827577361e239eef1354057","logger":"cosmos.dbt.graph","filename":"graph.py","lineno":806}
{"timestamp":"2026-06-29T06:44:21.714025Z","level":"info","event":"Total nodes: 6","logger":"cosmos.dbt.graph","filename":"graph.py","lineno":711}
{"timestamp":"2026-06-29T06:44:21.714067Z","level":"info","event":"Total filtered nodes: 6","logger":"cosmos.dbt.graph","filename":"graph.py","lineno":712}
{"timestamp":"2026-06-29T06:44:21.714115Z","level":"info","event":"Cosmos performance (get_games_metadata__dbt_transform) -  [d2f09bca74c9|4132]: It took 0.0107s to parse the dbt project for DAG using LoadMode.DBT_LS_CACHE","logger":"cosmos.converter","filename":"converter.py","lineno":340}
{"timestamp":"2026-06-29T06:44:21.714357Z","level":"info","event":"Project /tmp/airflow/dag_bundles/my-git-repo/tracking_repo/dbt_project does not have {'dependencies.yml', 'packages.yml'}","logger":"cosmos.dbt.project","filename":"project.py","lineno":40}
{"timestamp":"2026-06-29T06:44:21.714790Z","level":"info","event":"Project /tmp/airflow/dag_bundles/my-git-repo/tracking_repo/dbt_project does not have {'dependencies.yml', 'packages.yml'}","logger":"cosmos.dbt.project","filename":"project.py","lineno":40}
{"timestamp":"2026-06-29T06:44:21.715250Z","level":"info","event":"Project /tmp/airflow/dag_bundles/my-git-repo/tracking_repo/dbt_project does not have {'dependencies.yml', 'packages.yml'}","logger":"cosmos.dbt.project","filename":"project.py","lineno":40}
{"timestamp":"2026-06-29T06:44:21.715634Z","level":"info","event":"Project /tmp/airflow/dag_bundles/my-git-repo/tracking_repo/dbt_project does not have {'dependencies.yml', 'packages.yml'}","logger":"cosmos.dbt.project","filename":"project.py","lineno":40}
{"timestamp":"2026-06-29T06:44:21.716008Z","level":"info","event":"Project /tmp/airflow/dag_bundles/my-git-repo/tracking_repo/dbt_project does not have {'dependencies.yml', 'packages.yml'}","logger":"cosmos.dbt.project","filename":"project.py","lineno":40}
{"timestamp":"2026-06-29T06:44:21.716372Z","level":"info","event":"Project /tmp/airflow/dag_bundles/my-git-repo/tracking_repo/dbt_project does not have {'dependencies.yml', 'packages.yml'}","logger":"cosmos.dbt.project","filename":"project.py","lineno":40}
{"timestamp":"2026-06-29T06:44:21.716797Z","level":"info","event":"Project /tmp/airflow/dag_bundles/my-git-repo/tracking_repo/dbt_project does not have {'dependencies.yml', 'packages.yml'}","logger":"cosmos.dbt.project","filename":"project.py","lineno":40}
{"timestamp":"2026-06-29T06:44:21.717021Z","level":"info","event":"Cosmos performance (get_games_metadata__dbt_transform) - [d2f09bca74c9|4132]: It took 0.00291s to build the Airflow DAG.","logger":"cosmos.converter","filename":"converter.py","lineno":387}
{"timestamp":"2026-06-29T06:44:21.717061Z","level":"info","event":"::endgroup::Cosmos DAG parsing logs","logger":"cosmos.converter","filename":"converter.py","lineno":390}
{"timestamp":"2026-06-29T06:44:52.516912Z","level":"info","event":"Filling up the DagBag from /tmp/airflow/dag_bundles/my-git-repo/tracking_repo/airflow-dags/steam/DAG_steam_api.py","logger":"airflow.models.dagbag.DagBag","filename":"dagbag.py","lineno":593}
{"timestamp":"2026-06-29T06:44:52.901481Z","level":"info","event":"Project /tmp/airflow/dag_bundles/my-git-repo/tracking_repo/dbt_project does not have {'dependencies.yml', 'packages.yml'}","logger":"cosmos.dbt.project","filename":"project.py","lineno":40}
{"timestamp":"2026-06-29T06:44:52.902152Z","level":"info","event":"::group::Cosmos DAG parsing logs","logger":"cosmos.converter","filename":"converter.py","lineno":293}
{"timestamp":"2026-06-29T06:44:52.902427Z","level":"info","event":"Trying to parse the dbt project using dbt ls cache cosmos_cache__get_games_metadata__dbt_transform...","logger":"cosmos.dbt.graph","filename":"graph.py","lineno":781}
{"timestamp":"2026-06-29T06:44:52.908679Z","level":"info","event":"Cosmos performance: time to calculate cache identifier cosmos_cache__get_games_metadata__dbt_transform for current version: 0.0003799170008278452","logger":"cosmos.cache","filename":"cache.py","lineno":333}
{"timestamp":"2026-06-29T06:44:52.908740Z","level":"info","event":"Cosmos performance [d2f09bca74c9|4160]: The cache size for cosmos_cache__get_games_metadata__dbt_transform is 5873","logger":"cosmos.dbt.graph","filename":"graph.py","lineno":798}
{"timestamp":"2026-06-29T06:44:52.908886Z","level":"info","event":"Cosmos performance: Cache hit for cosmos_cache__get_games_metadata__dbt_transform - 5d5dc19a4d21d68d9e2dd97b4b147311,84441d245827577361e239eef1354057","logger":"cosmos.dbt.graph","filename":"graph.py","lineno":806}
{"timestamp":"2026-06-29T06:44:52.909062Z","level":"info","event":"Total nodes: 6","logger":"cosmos.dbt.graph","filename":"graph.py","lineno":711}
{"timestamp":"2026-06-29T06:44:52.909103Z","level":"info","event":"Total filtered nodes: 6","logger":"cosmos.dbt.graph","filename":"graph.py","lineno":712}
{"timestamp":"2026-06-29T06:44:52.909143Z","level":"info","event":"Cosmos performance (get_games_metadata__dbt_transform) -  [d2f09bca74c9|4160]: It took 0.00673s to parse the dbt project for DAG using LoadMode.DBT_LS_CACHE","logger":"cosmos.converter","filename":"converter.py","lineno":340}
{"timestamp":"2026-06-29T06:44:52.909385Z","level":"info","event":"Project /tmp/airflow/dag_bundles/my-git-repo/tracking_repo/dbt_project does not have {'dependencies.yml', 'packages.yml'}","logger":"cosmos.dbt.project","filename":"project.py","lineno":40}
{"timestamp":"2026-06-29T06:44:52.909787Z","level":"info","event":"Project /tmp/airflow/dag_bundles/my-git-repo/tracking_repo/dbt_project does not have {'dependencies.yml', 'packages.yml'}","logger":"cosmos.dbt.project","filename":"project.py","lineno":40}
{"timestamp":"2026-06-29T06:44:52.910182Z","level":"info","event":"Project /tmp/airflow/dag_bundles/my-git-repo/tracking_repo/dbt_project does not have {'dependencies.yml', 'packages.yml'}","logger":"cosmos.dbt.project","filename":"project.py","lineno":40}
{"timestamp":"2026-06-29T06:44:52.910597Z","level":"info","event":"Project /tmp/airflow/dag_bundles/my-git-repo/tracking_repo/dbt_project does not have {'dependencies.yml', 'packages.yml'}","logger":"cosmos.dbt.project","filename":"project.py","lineno":40}
{"timestamp":"2026-06-29T06:44:52.910962Z","level":"info","event":"Project /tmp/airflow/dag_bundles/my-git-repo/tracking_repo/dbt_project does not have {'dependencies.yml', 'packages.yml'}","logger":"cosmos.dbt.project","filename":"project.py","lineno":40}
{"timestamp":"2026-06-29T06:44:52.911296Z","level":"info","event":"Project /tmp/airflow/dag_bundles/my-git-repo/tracking_repo/dbt_project does not have {'dependencies.yml', 'packages.yml'}","logger":"cosmos.dbt.project","filename":"project.py","lineno":40}
{"timestamp":"2026-06-29T06:44:52.912514Z","level":"info","event":"Project /tmp/airflow/dag_bundles/my-git-repo/tracking_repo/dbt_project does not have {'dependencies.yml', 'packages.yml'}","logger":"cosmos.dbt.project","filename":"project.py","lineno":40}
{"timestamp":"2026-06-29T06:44:52.912765Z","level":"info","event":"Cosmos performance (get_games_metadata__dbt_transform) - [d2f09bca74c9|4160]: It took 0.00362s to build the Airflow DAG.","logger":"cosmos.converter","filename":"converter.py","lineno":387}
{"timestamp":"2026-06-29T06:44:52.912802Z","level":"info","event":"::endgroup::Cosmos DAG parsing logs","logger":"cosmos.converter","filename":"converter.py","lineno":390}
{"timestamp":"2026-06-29T06:45:23.330066Z","level":"info","event":"Filling up the DagBag from /tmp/airflow/dag_bundles/my-git-repo/tracking_repo/airflow-dags/steam/DAG_steam_api.py","logger":"airflow.models.dagbag.DagBag","filename":"dagbag.py","lineno":593}
{"timestamp":"2026-06-29T06:45:23.726546Z","level":"info","event":"Project /tmp/airflow/dag_bundles/my-git-repo/tracking_repo/dbt_project does not have {'dependencies.yml', 'packages.yml'}","logger":"cosmos.dbt.project","filename":"project.py","lineno":40}
{"timestamp":"2026-06-29T06:45:23.727178Z","level":"info","event":"::group::Cosmos DAG parsing logs","logger":"cosmos.converter","filename":"converter.py","lineno":293}
{"timestamp":"2026-06-29T06:45:23.727474Z","level":"info","event":"Trying to parse the dbt project using dbt ls cache cosmos_cache__get_games_metadata__dbt_transform...","logger":"cosmos.dbt.graph","filename":"graph.py","lineno":781}
{"timestamp":"2026-06-29T06:45:23.735792Z","level":"info","event":"Cosmos performance: time to calculate cache identifier cosmos_cache__get_games_metadata__dbt_transform for current version: 0.0003589999978430569","logger":"cosmos.cache","filename":"cache.py","lineno":333}
{"timestamp":"2026-06-29T06:45:23.735859Z","level":"info","event":"Cosmos performance [d2f09bca74c9|4202]: The cache size for cosmos_cache__get_games_metadata__dbt_transform is 5873","logger":"cosmos.dbt.graph","filename":"graph.py","lineno":798}
{"timestamp":"2026-06-29T06:45:23.736023Z","level":"info","event":"Cosmos performance: Cache hit for cosmos_cache__get_games_metadata__dbt_transform - 5d5dc19a4d21d68d9e2dd97b4b147311,84441d245827577361e239eef1354057","logger":"cosmos.dbt.graph","filename":"graph.py","lineno":806}
{"timestamp":"2026-06-29T06:45:23.736241Z","level":"info","event":"Total nodes: 6","logger":"cosmos.dbt.graph","filename":"graph.py","lineno":711}
{"timestamp":"2026-06-29T06:45:23.736276Z","level":"info","event":"Total filtered nodes: 6","logger":"cosmos.dbt.graph","filename":"graph.py","lineno":712}
{"timestamp":"2026-06-29T06:45:23.736323Z","level":"info","event":"Cosmos performance (get_games_metadata__dbt_transform) -  [d2f09bca74c9|4202]: It took 0.00887s to parse the dbt project for DAG using LoadMode.DBT_LS_CACHE","logger":"cosmos.converter","filename":"converter.py","lineno":340}
{"timestamp":"2026-06-29T06:45:23.736550Z","level":"info","event":"Project /tmp/airflow/dag_bundles/my-git-repo/tracking_repo/dbt_project does not have {'dependencies.yml', 'packages.yml'}","logger":"cosmos.dbt.project","filename":"project.py","lineno":40}
{"timestamp":"2026-06-29T06:45:23.736922Z","level":"info","event":"Project /tmp/airflow/dag_bundles/my-git-repo/tracking_repo/dbt_project does not have {'dependencies.yml', 'packages.yml'}","logger":"cosmos.dbt.project","filename":"project.py","lineno":40}
{"timestamp":"2026-06-29T06:45:23.737346Z","level":"info","event":"Project /tmp/airflow/dag_bundles/my-git-repo/tracking_repo/dbt_project does not have {'dependencies.yml', 'packages.yml'}","logger":"cosmos.dbt.project","filename":"project.py","lineno":40}
{"timestamp":"2026-06-29T06:45:23.737704Z","level":"info","event":"Project /tmp/airflow/dag_bundles/my-git-repo/tracking_repo/dbt_project does not have {'dependencies.yml', 'packages.yml'}","logger":"cosmos.dbt.project","filename":"project.py","lineno":40}
{"timestamp":"2026-06-29T06:45:23.738066Z","level":"info","event":"Project /tmp/airflow/dag_bundles/my-git-repo/tracking_repo/dbt_project does not have {'dependencies.yml', 'packages.yml'}","logger":"cosmos.dbt.project","filename":"project.py","lineno":40}
{"timestamp":"2026-06-29T06:45:23.738454Z","level":"info","event":"Project /tmp/airflow/dag_bundles/my-git-repo/tracking_repo/dbt_project does not have {'dependencies.yml', 'packages.yml'}","logger":"cosmos.dbt.project","filename":"project.py","lineno":40}
{"timestamp":"2026-06-29T06:45:23.738871Z","level":"info","event":"Project /tmp/airflow/dag_bundles/my-git-repo/tracking_repo/dbt_project does not have {'dependencies.yml', 'packages.yml'}","logger":"cosmos.dbt.project","filename":"project.py","lineno":40}
{"timestamp":"2026-06-29T06:45:23.739096Z","level":"info","event":"Cosmos performance (get_games_metadata__dbt_transform) - [d2f09bca74c9|4202]: It took 0.00278s to build the Airflow DAG.","logger":"cosmos.converter","filename":"converter.py","lineno":387}
{"timestamp":"2026-06-29T06:45:23.739134Z","level":"info","event":"::endgroup::Cosmos DAG parsing logs","logger":"cosmos.converter","filename":"converter.py","lineno":390}
{"timestamp":"2026-06-29T06:45:54.531463Z","level":"info","event":"Filling up the DagBag from /tmp/airflow/dag_bundles/my-git-repo/tracking_repo/airflow-dags/steam/DAG_steam_api.py","logger":"airflow.models.dagbag.DagBag","filename":"dagbag.py","lineno":593}
{"timestamp":"2026-06-29T06:45:54.955291Z","level":"info","event":"Project /tmp/airflow/dag_bundles/my-git-repo/tracking_repo/dbt_project does not have {'dependencies.yml', 'packages.yml'}","logger":"cosmos.dbt.project","filename":"project.py","lineno":40}
{"timestamp":"2026-06-29T06:45:54.956016Z","level":"info","event":"::group::Cosmos DAG parsing logs","logger":"cosmos.converter","filename":"converter.py","lineno":293}
{"timestamp":"2026-06-29T06:45:54.956310Z","level":"info","event":"Trying to parse the dbt project using dbt ls cache cosmos_cache__get_games_metadata__dbt_transform...","logger":"cosmos.dbt.graph","filename":"graph.py","lineno":781}
{"timestamp":"2026-06-29T06:45:54.965077Z","level":"info","event":"Cosmos performance: time to calculate cache identifier cosmos_cache__get_games_metadata__dbt_transform for current version: 0.0003931250030291267","logger":"cosmos.cache","filename":"cache.py","lineno":333}
{"timestamp":"2026-06-29T06:45:54.965143Z","level":"info","event":"Cosmos performance [d2f09bca74c9|4230]: The cache size for cosmos_cache__get_games_metadata__dbt_transform is 5873","logger":"cosmos.dbt.graph","filename":"graph.py","lineno":798}
{"timestamp":"2026-06-29T06:45:54.965287Z","level":"info","event":"Cosmos performance: Cache hit for cosmos_cache__get_games_metadata__dbt_transform - 5d5dc19a4d21d68d9e2dd97b4b147311,84441d245827577361e239eef1354057","logger":"cosmos.dbt.graph","filename":"graph.py","lineno":806}
{"timestamp":"2026-06-29T06:45:54.965478Z","level":"info","event":"Total nodes: 6","logger":"cosmos.dbt.graph","filename":"graph.py","lineno":711}
{"timestamp":"2026-06-29T06:45:54.965513Z","level":"info","event":"Total filtered nodes: 6","logger":"cosmos.dbt.graph","filename":"graph.py","lineno":712}
{"timestamp":"2026-06-29T06:45:54.965553Z","level":"info","event":"Cosmos performance (get_games_metadata__dbt_transform) -  [d2f09bca74c9|4230]: It took 0.00926s to parse the dbt project for DAG using LoadMode.DBT_LS_CACHE","logger":"cosmos.converter","filename":"converter.py","lineno":340}
{"timestamp":"2026-06-29T06:45:54.965789Z","level":"info","event":"Project /tmp/airflow/dag_bundles/my-git-repo/tracking_repo/dbt_project does not have {'dependencies.yml', 'packages.yml'}","logger":"cosmos.dbt.project","filename":"project.py","lineno":40}
{"timestamp":"2026-06-29T06:45:54.966200Z","level":"info","event":"Project /tmp/airflow/dag_bundles/my-git-repo/tracking_repo/dbt_project does not have {'dependencies.yml', 'packages.yml'}","logger":"cosmos.dbt.project","filename":"project.py","lineno":40}
{"timestamp":"2026-06-29T06:45:54.966627Z","level":"info","event":"Project /tmp/airflow/dag_bundles/my-git-repo/tracking_repo/dbt_project does not have {'dependencies.yml', 'packages.yml'}","logger":"cosmos.dbt.project","filename":"project.py","lineno":40}
{"timestamp":"2026-06-29T06:45:54.967023Z","level":"info","event":"Project /tmp/airflow/dag_bundles/my-git-repo/tracking_repo/dbt_project does not have {'dependencies.yml', 'packages.yml'}","logger":"cosmos.dbt.project","filename":"project.py","lineno":40}
{"timestamp":"2026-06-29T06:45:54.967408Z","level":"info","event":"Project /tmp/airflow/dag_bundles/my-git-repo/tracking_repo/dbt_project does not have {'dependencies.yml', 'packages.yml'}","logger":"cosmos.dbt.project","filename":"project.py","lineno":40}
{"timestamp":"2026-06-29T06:45:54.967747Z","level":"info","event":"Project /tmp/airflow/dag_bundles/my-git-repo/tracking_repo/dbt_project does not have {'dependencies.yml', 'packages.yml'}","logger":"cosmos.dbt.project","filename":"project.py","lineno":40}
{"timestamp":"2026-06-29T06:45:54.969030Z","level":"info","event":"Project /tmp/airflow/dag_bundles/my-git-repo/tracking_repo/dbt_project does not have {'dependencies.yml', 'packages.yml'}","logger":"cosmos.dbt.project","filename":"project.py","lineno":40}
{"timestamp":"2026-06-29T06:45:54.969281Z","level":"info","event":"Cosmos performance (get_games_metadata__dbt_transform) - [d2f09bca74c9|4230]: It took 0.00372s to build the Airflow DAG.","logger":"cosmos.converter","filename":"converter.py","lineno":387}
{"timestamp":"2026-06-29T06:45:54.969312Z","level":"info","event":"::endgroup::Cosmos DAG parsing logs","logger":"cosmos.converter","filename":"converter.py","lineno":390}
{"timestamp":"2026-06-29T06:46:25.714234Z","level":"info","event":"Filling up the DagBag from /tmp/airflow/dag_bundles/my-git-repo/tracking_repo/airflow-dags/steam/DAG_steam_api.py","logger":"airflow.models.dagbag.DagBag","filename":"dagbag.py","lineno":593}
{"timestamp":"2026-06-29T06:46:26.114335Z","level":"info","event":"Project /tmp/airflow/dag_bundles/my-git-repo/tracking_repo/dbt_project does not have {'dependencies.yml', 'packages.yml'}","logger":"cosmos.dbt.project","filename":"project.py","lineno":40}
{"timestamp":"2026-06-29T06:46:26.115069Z","level":"info","event":"::group::Cosmos DAG parsing logs","logger":"cosmos.converter","filename":"converter.py","lineno":293}
{"timestamp":"2026-06-29T06:46:26.115374Z","level":"info","event":"Trying to parse the dbt project using dbt ls cache cosmos_cache__get_games_metadata__dbt_transform...","logger":"cosmos.dbt.graph","filename":"graph.py","lineno":781}
{"timestamp":"2026-06-29T06:46:26.121621Z","level":"info","event":"Cosmos performance: time to calculate cache identifier cosmos_cache__get_games_metadata__dbt_transform for current version: 0.0003913750042556785","logger":"cosmos.cache","filename":"cache.py","lineno":333}
{"timestamp":"2026-06-29T06:46:26.121677Z","level":"info","event":"Cosmos performance [d2f09bca74c9|4258]: The cache size for cosmos_cache__get_games_metadata__dbt_transform is 5873","logger":"cosmos.dbt.graph","filename":"graph.py","lineno":798}
{"timestamp":"2026-06-29T06:46:26.121823Z","level":"info","event":"Cosmos performance: Cache hit for cosmos_cache__get_games_metadata__dbt_transform - 5d5dc19a4d21d68d9e2dd97b4b147311,84441d245827577361e239eef1354057","logger":"cosmos.dbt.graph","filename":"graph.py","lineno":806}
{"timestamp":"2026-06-29T06:46:26.122000Z","level":"info","event":"Total nodes: 6","logger":"cosmos.dbt.graph","filename":"graph.py","lineno":711}
{"timestamp":"2026-06-29T06:46:26.122039Z","level":"info","event":"Total filtered nodes: 6","logger":"cosmos.dbt.graph","filename":"graph.py","lineno":712}
{"timestamp":"2026-06-29T06:46:26.122083Z","level":"info","event":"Cosmos performance (get_games_metadata__dbt_transform) -  [d2f09bca74c9|4258]: It took 0.00673s to parse the dbt project for DAG using LoadMode.DBT_LS_CACHE","logger":"cosmos.converter","filename":"converter.py","lineno":340}
{"timestamp":"2026-06-29T06:46:26.122330Z","level":"info","event":"Project /tmp/airflow/dag_bundles/my-git-repo/tracking_repo/dbt_project does not have {'dependencies.yml', 'packages.yml'}","logger":"cosmos.dbt.project","filename":"project.py","lineno":40}
{"timestamp":"2026-06-29T06:46:26.122760Z","level":"info","event":"Project /tmp/airflow/dag_bundles/my-git-repo/tracking_repo/dbt_project does not have {'dependencies.yml', 'packages.yml'}","logger":"cosmos.dbt.project","filename":"project.py","lineno":40}
{"timestamp":"2026-06-29T06:46:26.123195Z","level":"info","event":"Project /tmp/airflow/dag_bundles/my-git-repo/tracking_repo/dbt_project does not have {'dependencies.yml', 'packages.yml'}","logger":"cosmos.dbt.project","filename":"project.py","lineno":40}
{"timestamp":"2026-06-29T06:46:26.123582Z","level":"info","event":"Project /tmp/airflow/dag_bundles/my-git-repo/tracking_repo/dbt_project does not have {'dependencies.yml', 'packages.yml'}","logger":"cosmos.dbt.project","filename":"project.py","lineno":40}
{"timestamp":"2026-06-29T06:46:26.123978Z","level":"info","event":"Project /tmp/airflow/dag_bundles/my-git-repo/tracking_repo/dbt_project does not have {'dependencies.yml', 'packages.yml'}","logger":"cosmos.dbt.project","filename":"project.py","lineno":40}
{"timestamp":"2026-06-29T06:46:26.124335Z","level":"info","event":"Project /tmp/airflow/dag_bundles/my-git-repo/tracking_repo/dbt_project does not have {'dependencies.yml', 'packages.yml'}","logger":"cosmos.dbt.project","filename":"project.py","lineno":40}
{"timestamp":"2026-06-29T06:46:26.124777Z","level":"info","event":"Project /tmp/airflow/dag_bundles/my-git-repo/tracking_repo/dbt_project does not have {'dependencies.yml', 'packages.yml'}","logger":"cosmos.dbt.project","filename":"project.py","lineno":40}
{"timestamp":"2026-06-29T06:46:26.125018Z","level":"info","event":"Cosmos performance (get_games_metadata__dbt_transform) - [d2f09bca74c9|4258]: It took 0.00293s to build the Airflow DAG.","logger":"cosmos.converter","filename":"converter.py","lineno":387}
{"timestamp":"2026-06-29T06:46:26.125052Z","level":"info","event":"::endgroup::Cosmos DAG parsing logs","logger":"cosmos.converter","filename":"converter.py","lineno":390}
{"timestamp":"2026-06-29T06:46:56.909138Z","level":"info","event":"Filling up the DagBag from /tmp/airflow/dag_bundles/my-git-repo/tracking_repo/airflow-dags/steam/DAG_steam_api.py","logger":"airflow.models.dagbag.DagBag","filename":"dagbag.py","lineno":593}
{"timestamp":"2026-06-29T06:46:57.317252Z","level":"info","event":"Project /tmp/airflow/dag_bundles/my-git-repo/tracking_repo/dbt_project does not have {'dependencies.yml', 'packages.yml'}","logger":"cosmos.dbt.project","filename":"project.py","lineno":40}
{"timestamp":"2026-06-29T06:46:57.317993Z","level":"info","event":"::group::Cosmos DAG parsing logs","logger":"cosmos.converter","filename":"converter.py","lineno":293}
{"timestamp":"2026-06-29T06:46:57.318303Z","level":"info","event":"Trying to parse the dbt project using dbt ls cache cosmos_cache__get_games_metadata__dbt_transform...","logger":"cosmos.dbt.graph","filename":"graph.py","lineno":781}
{"timestamp":"2026-06-29T06:46:57.325239Z","level":"info","event":"Cosmos performance: time to calculate cache identifier cosmos_cache__get_games_metadata__dbt_transform for current version: 0.0003782919957302511","logger":"cosmos.cache","filename":"cache.py","lineno":333}
{"timestamp":"2026-06-29T06:46:57.325318Z","level":"info","event":"Cosmos performance [d2f09bca74c9|4286]: The cache size for cosmos_cache__get_games_metadata__dbt_transform is 5873","logger":"cosmos.dbt.graph","filename":"graph.py","lineno":798}
{"timestamp":"2026-06-29T06:46:57.325466Z","level":"info","event":"Cosmos performance: Cache hit for cosmos_cache__get_games_metadata__dbt_transform - 5d5dc19a4d21d68d9e2dd97b4b147311,84441d245827577361e239eef1354057","logger":"cosmos.dbt.graph","filename":"graph.py","lineno":806}
{"timestamp":"2026-06-29T06:46:57.325653Z","level":"info","event":"Total nodes: 6","logger":"cosmos.dbt.graph","filename":"graph.py","lineno":711}
{"timestamp":"2026-06-29T06:46:57.325691Z","level":"info","event":"Total filtered nodes: 6","logger":"cosmos.dbt.graph","filename":"graph.py","lineno":712}
{"timestamp":"2026-06-29T06:46:57.325726Z","level":"info","event":"Cosmos performance (get_games_metadata__dbt_transform) -  [d2f09bca74c9|4286]: It took 0.00747s to parse the dbt project for DAG using LoadMode.DBT_LS_CACHE","logger":"cosmos.converter","filename":"converter.py","lineno":340}
{"timestamp":"2026-06-29T06:46:57.325955Z","level":"info","event":"Project /tmp/airflow/dag_bundles/my-git-repo/tracking_repo/dbt_project does not have {'dependencies.yml', 'packages.yml'}","logger":"cosmos.dbt.project","filename":"project.py","lineno":40}
{"timestamp":"2026-06-29T06:46:57.326376Z","level":"info","event":"Project /tmp/airflow/dag_bundles/my-git-repo/tracking_repo/dbt_project does not have {'dependencies.yml', 'packages.yml'}","logger":"cosmos.dbt.project","filename":"project.py","lineno":40}
{"timestamp":"2026-06-29T06:46:57.326786Z","level":"info","event":"Project /tmp/airflow/dag_bundles/my-git-repo/tracking_repo/dbt_project does not have {'dependencies.yml', 'packages.yml'}","logger":"cosmos.dbt.project","filename":"project.py","lineno":40}
{"timestamp":"2026-06-29T06:46:57.327157Z","level":"info","event":"Project /tmp/airflow/dag_bundles/my-git-repo/tracking_repo/dbt_project does not have {'dependencies.yml', 'packages.yml'}","logger":"cosmos.dbt.project","filename":"project.py","lineno":40}
{"timestamp":"2026-06-29T06:46:57.327532Z","level":"info","event":"Project /tmp/airflow/dag_bundles/my-git-repo/tracking_repo/dbt_project does not have {'dependencies.yml', 'packages.yml'}","logger":"cosmos.dbt.project","filename":"project.py","lineno":40}
{"timestamp":"2026-06-29T06:46:57.327874Z","level":"info","event":"Project /tmp/airflow/dag_bundles/my-git-repo/tracking_repo/dbt_project does not have {'dependencies.yml', 'packages.yml'}","logger":"cosmos.dbt.project","filename":"project.py","lineno":40}
{"timestamp":"2026-06-29T06:46:57.328219Z","level":"info","event":"Project /tmp/airflow/dag_bundles/my-git-repo/tracking_repo/dbt_project does not have {'dependencies.yml', 'packages.yml'}","logger":"cosmos.dbt.project","filename":"project.py","lineno":40}
{"timestamp":"2026-06-29T06:46:57.328454Z","level":"info","event":"Cosmos performance (get_games_metadata__dbt_transform) - [d2f09bca74c9|4286]: It took 0.00272s to build the Airflow DAG.","logger":"cosmos.converter","filename":"converter.py","lineno":387}
{"timestamp":"2026-06-29T06:46:57.328491Z","level":"info","event":"::endgroup::Cosmos DAG parsing logs","logger":"cosmos.converter","filename":"converter.py","lineno":390}
{"timestamp":"2026-06-29T06:47:27.631458Z","level":"info","event":"Filling up the DagBag from /tmp/airflow/dag_bundles/my-git-repo/tracking_repo/airflow-dags/steam/DAG_steam_api.py","logger":"airflow.models.dagbag.DagBag","filename":"dagbag.py","lineno":593}
{"timestamp":"2026-06-29T06:47:28.038383Z","level":"info","event":"Project /tmp/airflow/dag_bundles/my-git-repo/tracking_repo/dbt_project does not have {'dependencies.yml', 'packages.yml'}","logger":"cosmos.dbt.project","filename":"project.py","lineno":40}
{"timestamp":"2026-06-29T06:47:28.039154Z","level":"info","event":"::group::Cosmos DAG parsing logs","logger":"cosmos.converter","filename":"converter.py","lineno":293}
{"timestamp":"2026-06-29T06:47:28.039439Z","level":"info","event":"Trying to parse the dbt project using dbt ls cache cosmos_cache__get_games_metadata__dbt_transform...","logger":"cosmos.dbt.graph","filename":"graph.py","lineno":781}
{"timestamp":"2026-06-29T06:47:28.046314Z","level":"info","event":"Cosmos performance: time to calculate cache identifier cosmos_cache__get_games_metadata__dbt_transform for current version: 0.0003974170031142421","logger":"cosmos.cache","filename":"cache.py","lineno":333}
{"timestamp":"2026-06-29T06:47:28.046377Z","level":"info","event":"Cosmos performance [d2f09bca74c9|4329]: The cache size for cosmos_cache__get_games_metadata__dbt_transform is 5873","logger":"cosmos.dbt.graph","filename":"graph.py","lineno":798}
{"timestamp":"2026-06-29T06:47:28.046521Z","level":"info","event":"Cosmos performance: Cache hit for cosmos_cache__get_games_metadata__dbt_transform - 5d5dc19a4d21d68d9e2dd97b4b147311,84441d245827577361e239eef1354057","logger":"cosmos.dbt.graph","filename":"graph.py","lineno":806}
{"timestamp":"2026-06-29T06:47:28.046713Z","level":"info","event":"Total nodes: 6","logger":"cosmos.dbt.graph","filename":"graph.py","lineno":711}
{"timestamp":"2026-06-29T06:47:28.046769Z","level":"info","event":"Total filtered nodes: 6","logger":"cosmos.dbt.graph","filename":"graph.py","lineno":712}
{"timestamp":"2026-06-29T06:47:28.046812Z","level":"info","event":"Cosmos performance (get_games_metadata__dbt_transform) -  [d2f09bca74c9|4329]: It took 0.00739s to parse the dbt project for DAG using LoadMode.DBT_LS_CACHE","logger":"cosmos.converter","filename":"converter.py","lineno":340}
{"timestamp":"2026-06-29T06:47:28.047055Z","level":"info","event":"Project /tmp/airflow/dag_bundles/my-git-repo/tracking_repo/dbt_project does not have {'dependencies.yml', 'packages.yml'}","logger":"cosmos.dbt.project","filename":"project.py","lineno":40}
{"timestamp":"2026-06-29T06:47:28.047456Z","level":"info","event":"Project /tmp/airflow/dag_bundles/my-git-repo/tracking_repo/dbt_project does not have {'dependencies.yml', 'packages.yml'}","logger":"cosmos.dbt.project","filename":"project.py","lineno":40}
{"timestamp":"2026-06-29T06:47:28.047887Z","level":"info","event":"Project /tmp/airflow/dag_bundles/my-git-repo/tracking_repo/dbt_project does not have {'dependencies.yml', 'packages.yml'}","logger":"cosmos.dbt.project","filename":"project.py","lineno":40}
{"timestamp":"2026-06-29T06:47:28.048269Z","level":"info","event":"Project /tmp/airflow/dag_bundles/my-git-repo/tracking_repo/dbt_project does not have {'dependencies.yml', 'packages.yml'}","logger":"cosmos.dbt.project","filename":"project.py","lineno":40}
{"timestamp":"2026-06-29T06:47:28.048646Z","level":"info","event":"Project /tmp/airflow/dag_bundles/my-git-repo/tracking_repo/dbt_project does not have {'dependencies.yml', 'packages.yml'}","logger":"cosmos.dbt.project","filename":"project.py","lineno":40}
{"timestamp":"2026-06-29T06:47:28.049014Z","level":"info","event":"Project /tmp/airflow/dag_bundles/my-git-repo/tracking_repo/dbt_project does not have {'dependencies.yml', 'packages.yml'}","logger":"cosmos.dbt.project","filename":"project.py","lineno":40}
{"timestamp":"2026-06-29T06:47:28.049440Z","level":"info","event":"Project /tmp/airflow/dag_bundles/my-git-repo/tracking_repo/dbt_project does not have {'dependencies.yml', 'packages.yml'}","logger":"cosmos.dbt.project","filename":"project.py","lineno":40}
{"timestamp":"2026-06-29T06:47:28.049662Z","level":"info","event":"Cosmos performance (get_games_metadata__dbt_transform) - [d2f09bca74c9|4329]: It took 0.00285s to build the Airflow DAG.","logger":"cosmos.converter","filename":"converter.py","lineno":387}
{"timestamp":"2026-06-29T06:47:28.049697Z","level":"info","event":"::endgroup::Cosmos DAG parsing logs","logger":"cosmos.converter","filename":"converter.py","lineno":390}
{"timestamp":"2026-06-29T06:47:58.855916Z","level":"info","event":"Filling up the DagBag from /tmp/airflow/dag_bundles/my-git-repo/tracking_repo/airflow-dags/steam/DAG_steam_api.py","logger":"airflow.models.dagbag.DagBag","filename":"dagbag.py","lineno":593}
{"timestamp":"2026-06-29T06:47:59.265648Z","level":"info","event":"Project /tmp/airflow/dag_bundles/my-git-repo/tracking_repo/dbt_project does not have {'dependencies.yml', 'packages.yml'}","logger":"cosmos.dbt.project","filename":"project.py","lineno":40}
{"timestamp":"2026-06-29T06:47:59.266280Z","level":"info","event":"::group::Cosmos DAG parsing logs","logger":"cosmos.converter","filename":"converter.py","lineno":293}
{"timestamp":"2026-06-29T06:47:59.266542Z","level":"info","event":"Trying to parse the dbt project using dbt ls cache cosmos_cache__get_games_metadata__dbt_transform...","logger":"cosmos.dbt.graph","filename":"graph.py","lineno":781}
{"timestamp":"2026-06-29T06:47:59.274228Z","level":"info","event":"Cosmos performance: time to calculate cache identifier cosmos_cache__get_games_metadata__dbt_transform for current version: 0.0004124160041101277","logger":"cosmos.cache","filename":"cache.py","lineno":333}
{"timestamp":"2026-06-29T06:47:59.274291Z","level":"info","event":"Cosmos performance [d2f09bca74c9|4357]: The cache size for cosmos_cache__get_games_metadata__dbt_transform is 5873","logger":"cosmos.dbt.graph","filename":"graph.py","lineno":798}
{"timestamp":"2026-06-29T06:47:59.274441Z","level":"info","event":"Cosmos performance: Cache hit for cosmos_cache__get_games_metadata__dbt_transform - 5d5dc19a4d21d68d9e2dd97b4b147311,84441d245827577361e239eef1354057","logger":"cosmos.dbt.graph","filename":"graph.py","lineno":806}
{"timestamp":"2026-06-29T06:47:59.274651Z","level":"info","event":"Total nodes: 6","logger":"cosmos.dbt.graph","filename":"graph.py","lineno":711}
{"timestamp":"2026-06-29T06:47:59.274683Z","level":"info","event":"Total filtered nodes: 6","logger":"cosmos.dbt.graph","filename":"graph.py","lineno":712}
{"timestamp":"2026-06-29T06:47:59.274724Z","level":"info","event":"Cosmos performance (get_games_metadata__dbt_transform) -  [d2f09bca74c9|4357]: It took 0.00819s to parse the dbt project for DAG using LoadMode.DBT_LS_CACHE","logger":"cosmos.converter","filename":"converter.py","lineno":340}
{"timestamp":"2026-06-29T06:47:59.274991Z","level":"info","event":"Project /tmp/airflow/dag_bundles/my-git-repo/tracking_repo/dbt_project does not have {'dependencies.yml', 'packages.yml'}","logger":"cosmos.dbt.project","filename":"project.py","lineno":40}
{"timestamp":"2026-06-29T06:47:59.275406Z","level":"info","event":"Project /tmp/airflow/dag_bundles/my-git-repo/tracking_repo/dbt_project does not have {'dependencies.yml', 'packages.yml'}","logger":"cosmos.dbt.project","filename":"project.py","lineno":40}
{"timestamp":"2026-06-29T06:47:59.275824Z","level":"info","event":"Project /tmp/airflow/dag_bundles/my-git-repo/tracking_repo/dbt_project does not have {'dependencies.yml', 'packages.yml'}","logger":"cosmos.dbt.project","filename":"project.py","lineno":40}
{"timestamp":"2026-06-29T06:47:59.276222Z","level":"info","event":"Project /tmp/airflow/dag_bundles/my-git-repo/tracking_repo/dbt_project does not have {'dependencies.yml', 'packages.yml'}","logger":"cosmos.dbt.project","filename":"project.py","lineno":40}
{"timestamp":"2026-06-29T06:47:59.276604Z","level":"info","event":"Project /tmp/airflow/dag_bundles/my-git-repo/tracking_repo/dbt_project does not have {'dependencies.yml', 'packages.yml'}","logger":"cosmos.dbt.project","filename":"project.py","lineno":40}
{"timestamp":"2026-06-29T06:47:59.276948Z","level":"info","event":"Project /tmp/airflow/dag_bundles/my-git-repo/tracking_repo/dbt_project does not have {'dependencies.yml', 'packages.yml'}","logger":"cosmos.dbt.project","filename":"project.py","lineno":40}
{"timestamp":"2026-06-29T06:47:59.277361Z","level":"info","event":"Project /tmp/airflow/dag_bundles/my-git-repo/tracking_repo/dbt_project does not have {'dependencies.yml', 'packages.yml'}","logger":"cosmos.dbt.project","filename":"project.py","lineno":40}
{"timestamp":"2026-06-29T06:47:59.277594Z","level":"info","event":"Cosmos performance (get_games_metadata__dbt_transform) - [d2f09bca74c9|4357]: It took 0.00287s to build the Airflow DAG.","logger":"cosmos.converter","filename":"converter.py","lineno":387}
{"timestamp":"2026-06-29T06:47:59.277634Z","level":"info","event":"::endgroup::Cosmos DAG parsing logs","logger":"cosmos.converter","filename":"converter.py","lineno":390}
{"timestamp":"2026-06-29T06:48:30.026703Z","level":"info","event":"Filling up the DagBag from /tmp/airflow/dag_bundles/my-git-repo/tracking_repo/airflow-dags/steam/DAG_steam_api.py","logger":"airflow.models.dagbag.DagBag","filename":"dagbag.py","lineno":593}
{"timestamp":"2026-06-29T06:48:30.448376Z","level":"info","event":"Project /tmp/airflow/dag_bundles/my-git-repo/tracking_repo/dbt_project does not have {'dependencies.yml', 'packages.yml'}","logger":"cosmos.dbt.project","filename":"project.py","lineno":40}
{"timestamp":"2026-06-29T06:48:30.448992Z","level":"info","event":"::group::Cosmos DAG parsing logs","logger":"cosmos.converter","filename":"converter.py","lineno":293}
{"timestamp":"2026-06-29T06:48:30.449305Z","level":"info","event":"Trying to parse the dbt project using dbt ls cache cosmos_cache__get_games_metadata__dbt_transform...","logger":"cosmos.dbt.graph","filename":"graph.py","lineno":781}
{"timestamp":"2026-06-29T06:48:30.457704Z","level":"info","event":"Cosmos performance: time to calculate cache identifier cosmos_cache__get_games_metadata__dbt_transform for current version: 0.00038666700129397213","logger":"cosmos.cache","filename":"cache.py","lineno":333}
{"timestamp":"2026-06-29T06:48:30.457775Z","level":"info","event":"Cosmos performance [d2f09bca74c9|4385]: The cache size for cosmos_cache__get_games_metadata__dbt_transform is 5873","logger":"cosmos.dbt.graph","filename":"graph.py","lineno":798}
{"timestamp":"2026-06-29T06:48:30.457935Z","level":"info","event":"Cosmos performance: Cache hit for cosmos_cache__get_games_metadata__dbt_transform - 5d5dc19a4d21d68d9e2dd97b4b147311,84441d245827577361e239eef1354057","logger":"cosmos.dbt.graph","filename":"graph.py","lineno":806}
{"timestamp":"2026-06-29T06:48:30.458180Z","level":"info","event":"Total nodes: 6","logger":"cosmos.dbt.graph","filename":"graph.py","lineno":711}
{"timestamp":"2026-06-29T06:48:30.458231Z","level":"info","event":"Total filtered nodes: 6","logger":"cosmos.dbt.graph","filename":"graph.py","lineno":712}
{"timestamp":"2026-06-29T06:48:30.458270Z","level":"info","event":"Cosmos performance (get_games_metadata__dbt_transform) -  [d2f09bca74c9|4385]: It took 0.00899s to parse the dbt project for DAG using LoadMode.DBT_LS_CACHE","logger":"cosmos.converter","filename":"converter.py","lineno":340}
{"timestamp":"2026-06-29T06:48:30.458522Z","level":"info","event":"Project /tmp/airflow/dag_bundles/my-git-repo/tracking_repo/dbt_project does not have {'dependencies.yml', 'packages.yml'}","logger":"cosmos.dbt.project","filename":"project.py","lineno":40}
{"timestamp":"2026-06-29T06:48:30.458927Z","level":"info","event":"Project /tmp/airflow/dag_bundles/my-git-repo/tracking_repo/dbt_project does not have {'dependencies.yml', 'packages.yml'}","logger":"cosmos.dbt.project","filename":"project.py","lineno":40}
{"timestamp":"2026-06-29T06:48:30.459357Z","level":"info","event":"Project /tmp/airflow/dag_bundles/my-git-repo/tracking_repo/dbt_project does not have {'dependencies.yml', 'packages.yml'}","logger":"cosmos.dbt.project","filename":"project.py","lineno":40}
{"timestamp":"2026-06-29T06:48:30.459700Z","level":"info","event":"Project /tmp/airflow/dag_bundles/my-git-repo/tracking_repo/dbt_project does not have {'dependencies.yml', 'packages.yml'}","logger":"cosmos.dbt.project","filename":"project.py","lineno":40}
{"timestamp":"2026-06-29T06:48:30.460027Z","level":"info","event":"Project /tmp/airflow/dag_bundles/my-git-repo/tracking_repo/dbt_project does not have {'dependencies.yml', 'packages.yml'}","logger":"cosmos.dbt.project","filename":"project.py","lineno":40}
{"timestamp":"2026-06-29T06:48:30.460356Z","level":"info","event":"Project /tmp/airflow/dag_bundles/my-git-repo/tracking_repo/dbt_project does not have {'dependencies.yml', 'packages.yml'}","logger":"cosmos.dbt.project","filename":"project.py","lineno":40}
{"timestamp":"2026-06-29T06:48:30.460763Z","level":"info","event":"Project /tmp/airflow/dag_bundles/my-git-repo/tracking_repo/dbt_project does not have {'dependencies.yml', 'packages.yml'}","logger":"cosmos.dbt.project","filename":"project.py","lineno":40}
{"timestamp":"2026-06-29T06:48:30.461005Z","level":"info","event":"Cosmos performance (get_games_metadata__dbt_transform) - [d2f09bca74c9|4385]: It took 0.00273s to build the Airflow DAG.","logger":"cosmos.converter","filename":"converter.py","lineno":387}
{"timestamp":"2026-06-29T06:48:30.461035Z","level":"info","event":"::endgroup::Cosmos DAG parsing logs","logger":"cosmos.converter","filename":"converter.py","lineno":390}
{"timestamp":"2026-06-29T06:49:01.329047Z","level":"info","event":"Filling up the DagBag from /tmp/airflow/dag_bundles/my-git-repo/tracking_repo/airflow-dags/steam/DAG_steam_api.py","logger":"airflow.models.dagbag.DagBag","filename":"dagbag.py","lineno":593}
{"timestamp":"2026-06-29T06:49:01.742005Z","level":"info","event":"Project /tmp/airflow/dag_bundles/my-git-repo/tracking_repo/dbt_project does not have {'dependencies.yml', 'packages.yml'}","logger":"cosmos.dbt.project","filename":"project.py","lineno":40}
{"timestamp":"2026-06-29T06:49:01.742758Z","level":"info","event":"::group::Cosmos DAG parsing logs","logger":"cosmos.converter","filename":"converter.py","lineno":293}
{"timestamp":"2026-06-29T06:49:01.743070Z","level":"info","event":"Trying to parse the dbt project using dbt ls cache cosmos_cache__get_games_metadata__dbt_transform...","logger":"cosmos.dbt.graph","filename":"graph.py","lineno":781}
{"timestamp":"2026-06-29T06:49:01.749924Z","level":"info","event":"Cosmos performance: time to calculate cache identifier cosmos_cache__get_games_metadata__dbt_transform for current version: 0.00037937500019324943","logger":"cosmos.cache","filename":"cache.py","lineno":333}
{"timestamp":"2026-06-29T06:49:01.749987Z","level":"info","event":"Cosmos performance [d2f09bca74c9|4413]: The cache size for cosmos_cache__get_games_metadata__dbt_transform is 5873","logger":"cosmos.dbt.graph","filename":"graph.py","lineno":798}
{"timestamp":"2026-06-29T06:49:01.750133Z","level":"info","event":"Cosmos performance: Cache hit for cosmos_cache__get_games_metadata__dbt_transform - 5d5dc19a4d21d68d9e2dd97b4b147311,84441d245827577361e239eef1354057","logger":"cosmos.dbt.graph","filename":"graph.py","lineno":806}
{"timestamp":"2026-06-29T06:49:01.750321Z","level":"info","event":"Total nodes: 6","logger":"cosmos.dbt.graph","filename":"graph.py","lineno":711}
{"timestamp":"2026-06-29T06:49:01.750374Z","level":"info","event":"Total filtered nodes: 6","logger":"cosmos.dbt.graph","filename":"graph.py","lineno":712}
{"timestamp":"2026-06-29T06:49:01.750413Z","level":"info","event":"Cosmos performance (get_games_metadata__dbt_transform) -  [d2f09bca74c9|4413]: It took 0.00737s to parse the dbt project for DAG using LoadMode.DBT_LS_CACHE","logger":"cosmos.converter","filename":"converter.py","lineno":340}
{"timestamp":"2026-06-29T06:49:01.750652Z","level":"info","event":"Project /tmp/airflow/dag_bundles/my-git-repo/tracking_repo/dbt_project does not have {'dependencies.yml', 'packages.yml'}","logger":"cosmos.dbt.project","filename":"project.py","lineno":40}
{"timestamp":"2026-06-29T06:49:01.751058Z","level":"info","event":"Project /tmp/airflow/dag_bundles/my-git-repo/tracking_repo/dbt_project does not have {'dependencies.yml', 'packages.yml'}","logger":"cosmos.dbt.project","filename":"project.py","lineno":40}
{"timestamp":"2026-06-29T06:49:01.751477Z","level":"info","event":"Project /tmp/airflow/dag_bundles/my-git-repo/tracking_repo/dbt_project does not have {'dependencies.yml', 'packages.yml'}","logger":"cosmos.dbt.project","filename":"project.py","lineno":40}
{"timestamp":"2026-06-29T06:49:01.751868Z","level":"info","event":"Project /tmp/airflow/dag_bundles/my-git-repo/tracking_repo/dbt_project does not have {'dependencies.yml', 'packages.yml'}","logger":"cosmos.dbt.project","filename":"project.py","lineno":40}
{"timestamp":"2026-06-29T06:49:01.752243Z","level":"info","event":"Project /tmp/airflow/dag_bundles/my-git-repo/tracking_repo/dbt_project does not have {'dependencies.yml', 'packages.yml'}","logger":"cosmos.dbt.project","filename":"project.py","lineno":40}
{"timestamp":"2026-06-29T06:49:01.752605Z","level":"info","event":"Project /tmp/airflow/dag_bundles/my-git-repo/tracking_repo/dbt_project does not have {'dependencies.yml', 'packages.yml'}","logger":"cosmos.dbt.project","filename":"project.py","lineno":40}
{"timestamp":"2026-06-29T06:49:01.752970Z","level":"info","event":"Project /tmp/airflow/dag_bundles/my-git-repo/tracking_repo/dbt_project does not have {'dependencies.yml', 'packages.yml'}","logger":"cosmos.dbt.project","filename":"project.py","lineno":40}
{"timestamp":"2026-06-29T06:49:01.753192Z","level":"info","event":"Cosmos performance (get_games_metadata__dbt_transform) - [d2f09bca74c9|4413]: It took 0.00278s to build the Airflow DAG.","logger":"cosmos.converter","filename":"converter.py","lineno":387}
{"timestamp":"2026-06-29T06:49:01.753226Z","level":"info","event":"::endgroup::Cosmos DAG parsing logs","logger":"cosmos.converter","filename":"converter.py","lineno":390}
{"timestamp":"2026-06-29T06:49:32.138060Z","level":"info","event":"Filling up the DagBag from /tmp/airflow/dag_bundles/my-git-repo/tracking_repo/airflow-dags/steam/DAG_steam_api.py","logger":"airflow.models.dagbag.DagBag","filename":"dagbag.py","lineno":593}
{"timestamp":"2026-06-29T06:49:32.541404Z","level":"info","event":"Project /tmp/airflow/dag_bundles/my-git-repo/tracking_repo/dbt_project does not have {'dependencies.yml', 'packages.yml'}","logger":"cosmos.dbt.project","filename":"project.py","lineno":40}
{"timestamp":"2026-06-29T06:49:32.542063Z","level":"info","event":"::group::Cosmos DAG parsing logs","logger":"cosmos.converter","filename":"converter.py","lineno":293}
{"timestamp":"2026-06-29T06:49:32.542361Z","level":"info","event":"Trying to parse the dbt project using dbt ls cache cosmos_cache__get_games_metadata__dbt_transform...","logger":"cosmos.dbt.graph","filename":"graph.py","lineno":781}
{"timestamp":"2026-06-29T06:49:32.549171Z","level":"info","event":"Cosmos performance: time to calculate cache identifier cosmos_cache__get_games_metadata__dbt_transform for current version: 0.00035729200317291543","logger":"cosmos.cache","filename":"cache.py","lineno":333}
{"timestamp":"2026-06-29T06:49:32.549228Z","level":"info","event":"Cosmos performance [d2f09bca74c9|4456]: The cache size for cosmos_cache__get_games_metadata__dbt_transform is 5873","logger":"cosmos.dbt.graph","filename":"graph.py","lineno":798}
{"timestamp":"2026-06-29T06:49:32.549391Z","level":"info","event":"Cosmos performance: Cache hit for cosmos_cache__get_games_metadata__dbt_transform - 5d5dc19a4d21d68d9e2dd97b4b147311,84441d245827577361e239eef1354057","logger":"cosmos.dbt.graph","filename":"graph.py","lineno":806}
{"timestamp":"2026-06-29T06:49:32.549576Z","level":"info","event":"Total nodes: 6","logger":"cosmos.dbt.graph","filename":"graph.py","lineno":711}
{"timestamp":"2026-06-29T06:49:32.549608Z","level":"info","event":"Total filtered nodes: 6","logger":"cosmos.dbt.graph","filename":"graph.py","lineno":712}
{"timestamp":"2026-06-29T06:49:32.549645Z","level":"info","event":"Cosmos performance (get_games_metadata__dbt_transform) -  [d2f09bca74c9|4456]: It took 0.00732s to parse the dbt project for DAG using LoadMode.DBT_LS_CACHE","logger":"cosmos.converter","filename":"converter.py","lineno":340}
{"timestamp":"2026-06-29T06:49:32.549868Z","level":"info","event":"Project /tmp/airflow/dag_bundles/my-git-repo/tracking_repo/dbt_project does not have {'dependencies.yml', 'packages.yml'}","logger":"cosmos.dbt.project","filename":"project.py","lineno":40}
{"timestamp":"2026-06-29T06:49:32.550228Z","level":"info","event":"Project /tmp/airflow/dag_bundles/my-git-repo/tracking_repo/dbt_project does not have {'dependencies.yml', 'packages.yml'}","logger":"cosmos.dbt.project","filename":"project.py","lineno":40}
{"timestamp":"2026-06-29T06:49:32.550637Z","level":"info","event":"Project /tmp/airflow/dag_bundles/my-git-repo/tracking_repo/dbt_project does not have {'dependencies.yml', 'packages.yml'}","logger":"cosmos.dbt.project","filename":"project.py","lineno":40}
{"timestamp":"2026-06-29T06:49:32.550986Z","level":"info","event":"Project /tmp/airflow/dag_bundles/my-git-repo/tracking_repo/dbt_project does not have {'dependencies.yml', 'packages.yml'}","logger":"cosmos.dbt.project","filename":"project.py","lineno":40}
{"timestamp":"2026-06-29T06:49:32.551318Z","level":"info","event":"Project /tmp/airflow/dag_bundles/my-git-repo/tracking_repo/dbt_project does not have {'dependencies.yml', 'packages.yml'}","logger":"cosmos.dbt.project","filename":"project.py","lineno":40}
{"timestamp":"2026-06-29T06:49:32.551649Z","level":"info","event":"Project /tmp/airflow/dag_bundles/my-git-repo/tracking_repo/dbt_project does not have {'dependencies.yml', 'packages.yml'}","logger":"cosmos.dbt.project","filename":"project.py","lineno":40}
{"timestamp":"2026-06-29T06:49:32.552052Z","level":"info","event":"Project /tmp/airflow/dag_bundles/my-git-repo/tracking_repo/dbt_project does not have {'dependencies.yml', 'packages.yml'}","logger":"cosmos.dbt.project","filename":"project.py","lineno":40}
{"timestamp":"2026-06-29T06:49:32.552273Z","level":"info","event":"Cosmos performance (get_games_metadata__dbt_transform) - [d2f09bca74c9|4456]: It took 0.00263s to build the Airflow DAG.","logger":"cosmos.converter","filename":"converter.py","lineno":387}
{"timestamp":"2026-06-29T06:49:32.552304Z","level":"info","event":"::endgroup::Cosmos DAG parsing logs","logger":"cosmos.converter","filename":"converter.py","lineno":390}
{"timestamp":"2026-06-29T06:50:03.397842Z","level":"info","event":"Filling up the DagBag from /tmp/airflow/dag_bundles/my-git-repo/tracking_repo/airflow-dags/steam/DAG_steam_api.py","logger":"airflow.models.dagbag.DagBag","filename":"dagbag.py","lineno":593}
{"timestamp":"2026-06-29T06:50:03.824551Z","level":"info","event":"Project /tmp/airflow/dag_bundles/my-git-repo/tracking_repo/dbt_project does not have {'dependencies.yml', 'packages.yml'}","logger":"cosmos.dbt.project","filename":"project.py","lineno":40}
{"timestamp":"2026-06-29T06:50:03.825233Z","level":"info","event":"::group::Cosmos DAG parsing logs","logger":"cosmos.converter","filename":"converter.py","lineno":293}
{"timestamp":"2026-06-29T06:50:03.825536Z","level":"info","event":"Trying to parse the dbt project using dbt ls cache cosmos_cache__get_games_metadata__dbt_transform...","logger":"cosmos.dbt.graph","filename":"graph.py","lineno":781}
{"timestamp":"2026-06-29T06:50:03.835137Z","level":"info","event":"Cosmos performance: time to calculate cache identifier cosmos_cache__get_games_metadata__dbt_transform for current version: 0.0004183750061201863","logger":"cosmos.cache","filename":"cache.py","lineno":333}
{"timestamp":"2026-06-29T06:50:03.835198Z","level":"info","event":"Cosmos performance [d2f09bca74c9|4484]: The cache size for cosmos_cache__get_games_metadata__dbt_transform is 5873","logger":"cosmos.dbt.graph","filename":"graph.py","lineno":798}
{"timestamp":"2026-06-29T06:50:03.835361Z","level":"info","event":"Cosmos performance: Cache hit for cosmos_cache__get_games_metadata__dbt_transform - 5d5dc19a4d21d68d9e2dd97b4b147311,84441d245827577361e239eef1354057","logger":"cosmos.dbt.graph","filename":"graph.py","lineno":806}
{"timestamp":"2026-06-29T06:50:03.835569Z","level":"info","event":"Total nodes: 6","logger":"cosmos.dbt.graph","filename":"graph.py","lineno":711}
{"timestamp":"2026-06-29T06:50:03.835602Z","level":"info","event":"Total filtered nodes: 6","logger":"cosmos.dbt.graph","filename":"graph.py","lineno":712}
{"timestamp":"2026-06-29T06:50:03.835650Z","level":"info","event":"Cosmos performance (get_games_metadata__dbt_transform) -  [d2f09bca74c9|4484]: It took 0.0101s to parse the dbt project for DAG using LoadMode.DBT_LS_CACHE","logger":"cosmos.converter","filename":"converter.py","lineno":340}
{"timestamp":"2026-06-29T06:50:03.835902Z","level":"info","event":"Project /tmp/airflow/dag_bundles/my-git-repo/tracking_repo/dbt_project does not have {'dependencies.yml', 'packages.yml'}","logger":"cosmos.dbt.project","filename":"project.py","lineno":40}
{"timestamp":"2026-06-29T06:50:03.836312Z","level":"info","event":"Project /tmp/airflow/dag_bundles/my-git-repo/tracking_repo/dbt_project does not have {'dependencies.yml', 'packages.yml'}","logger":"cosmos.dbt.project","filename":"project.py","lineno":40}
{"timestamp":"2026-06-29T06:50:03.836755Z","level":"info","event":"Project /tmp/airflow/dag_bundles/my-git-repo/tracking_repo/dbt_project does not have {'dependencies.yml', 'packages.yml'}","logger":"cosmos.dbt.project","filename":"project.py","lineno":40}
{"timestamp":"2026-06-29T06:50:03.837135Z","level":"info","event":"Project /tmp/airflow/dag_bundles/my-git-repo/tracking_repo/dbt_project does not have {'dependencies.yml', 'packages.yml'}","logger":"cosmos.dbt.project","filename":"project.py","lineno":40}
{"timestamp":"2026-06-29T06:50:03.837511Z","level":"info","event":"Project /tmp/airflow/dag_bundles/my-git-repo/tracking_repo/dbt_project does not have {'dependencies.yml', 'packages.yml'}","logger":"cosmos.dbt.project","filename":"project.py","lineno":40}
{"timestamp":"2026-06-29T06:50:03.837861Z","level":"info","event":"Project /tmp/airflow/dag_bundles/my-git-repo/tracking_repo/dbt_project does not have {'dependencies.yml', 'packages.yml'}","logger":"cosmos.dbt.project","filename":"project.py","lineno":40}
{"timestamp":"2026-06-29T06:50:03.838292Z","level":"info","event":"Project /tmp/airflow/dag_bundles/my-git-repo/tracking_repo/dbt_project does not have {'dependencies.yml', 'packages.yml'}","logger":"cosmos.dbt.project","filename":"project.py","lineno":40}
{"timestamp":"2026-06-29T06:50:03.838536Z","level":"info","event":"Cosmos performance (get_games_metadata__dbt_transform) - [d2f09bca74c9|4484]: It took 0.00289s to build the Airflow DAG.","logger":"cosmos.converter","filename":"converter.py","lineno":387}
{"timestamp":"2026-06-29T06:50:03.838566Z","level":"info","event":"::endgroup::Cosmos DAG parsing logs","logger":"cosmos.converter","filename":"converter.py","lineno":390}
{"timestamp":"2026-06-29T06:50:34.662177Z","level":"info","event":"Filling up the DagBag from /tmp/airflow/dag_bundles/my-git-repo/tracking_repo/airflow-dags/steam/DAG_steam_api.py","logger":"airflow.models.dagbag.DagBag","filename":"dagbag.py","lineno":593}
{"timestamp":"2026-06-29T06:50:35.096304Z","level":"info","event":"Project /tmp/airflow/dag_bundles/my-git-repo/tracking_repo/dbt_project does not have {'dependencies.yml', 'packages.yml'}","logger":"cosmos.dbt.project","filename":"project.py","lineno":40}
{"timestamp":"2026-06-29T06:50:35.097332Z","level":"info","event":"::group::Cosmos DAG parsing logs","logger":"cosmos.converter","filename":"converter.py","lineno":293}
{"timestamp":"2026-06-29T06:50:35.097785Z","level":"info","event":"Trying to parse the dbt project using dbt ls cache cosmos_cache__get_games_metadata__dbt_transform...","logger":"cosmos.dbt.graph","filename":"graph.py","lineno":781}
{"timestamp":"2026-06-29T06:50:35.105929Z","level":"info","event":"Cosmos performance: time to calculate cache identifier cosmos_cache__get_games_metadata__dbt_transform for current version: 0.0004575419952743687","logger":"cosmos.cache","filename":"cache.py","lineno":333}
{"timestamp":"2026-06-29T06:50:35.105996Z","level":"info","event":"Cosmos performance [d2f09bca74c9|4512]: The cache size for cosmos_cache__get_games_metadata__dbt_transform is 5873","logger":"cosmos.dbt.graph","filename":"graph.py","lineno":798}
{"timestamp":"2026-06-29T06:50:35.106145Z","level":"info","event":"Cosmos performance: Cache hit for cosmos_cache__get_games_metadata__dbt_transform - 5d5dc19a4d21d68d9e2dd97b4b147311,84441d245827577361e239eef1354057","logger":"cosmos.dbt.graph","filename":"graph.py","lineno":806}
{"timestamp":"2026-06-29T06:50:35.106339Z","level":"info","event":"Total nodes: 6","logger":"cosmos.dbt.graph","filename":"graph.py","lineno":711}
{"timestamp":"2026-06-29T06:50:35.106373Z","level":"info","event":"Total filtered nodes: 6","logger":"cosmos.dbt.graph","filename":"graph.py","lineno":712}
{"timestamp":"2026-06-29T06:50:35.106410Z","level":"info","event":"Cosmos performance (get_games_metadata__dbt_transform) -  [d2f09bca74c9|4512]: It took 0.00867s to parse the dbt project for DAG using LoadMode.DBT_LS_CACHE","logger":"cosmos.converter","filename":"converter.py","lineno":340}
{"timestamp":"2026-06-29T06:50:35.106665Z","level":"info","event":"Project /tmp/airflow/dag_bundles/my-git-repo/tracking_repo/dbt_project does not have {'dependencies.yml', 'packages.yml'}","logger":"cosmos.dbt.project","filename":"project.py","lineno":40}
{"timestamp":"2026-06-29T06:50:35.107084Z","level":"info","event":"Project /tmp/airflow/dag_bundles/my-git-repo/tracking_repo/dbt_project does not have {'dependencies.yml', 'packages.yml'}","logger":"cosmos.dbt.project","filename":"project.py","lineno":40}
{"timestamp":"2026-06-29T06:50:35.107521Z","level":"info","event":"Project /tmp/airflow/dag_bundles/my-git-repo/tracking_repo/dbt_project does not have {'dependencies.yml', 'packages.yml'}","logger":"cosmos.dbt.project","filename":"project.py","lineno":40}
{"timestamp":"2026-06-29T06:50:35.107948Z","level":"info","event":"Project /tmp/airflow/dag_bundles/my-git-repo/tracking_repo/dbt_project does not have {'dependencies.yml', 'packages.yml'}","logger":"cosmos.dbt.project","filename":"project.py","lineno":40}
{"timestamp":"2026-06-29T06:50:35.108340Z","level":"info","event":"Project /tmp/airflow/dag_bundles/my-git-repo/tracking_repo/dbt_project does not have {'dependencies.yml', 'packages.yml'}","logger":"cosmos.dbt.project","filename":"project.py","lineno":40}
{"timestamp":"2026-06-29T06:50:35.108715Z","level":"info","event":"Project /tmp/airflow/dag_bundles/my-git-repo/tracking_repo/dbt_project does not have {'dependencies.yml', 'packages.yml'}","logger":"cosmos.dbt.project","filename":"project.py","lineno":40}
{"timestamp":"2026-06-29T06:50:35.109141Z","level":"info","event":"Project /tmp/airflow/dag_bundles/my-git-repo/tracking_repo/dbt_project does not have {'dependencies.yml', 'packages.yml'}","logger":"cosmos.dbt.project","filename":"project.py","lineno":40}
{"timestamp":"2026-06-29T06:50:35.109379Z","level":"info","event":"Cosmos performance (get_games_metadata__dbt_transform) - [d2f09bca74c9|4512]: It took 0.00297s to build the Airflow DAG.","logger":"cosmos.converter","filename":"converter.py","lineno":387}
{"timestamp":"2026-06-29T06:50:35.109408Z","level":"info","event":"::endgroup::Cosmos DAG parsing logs","logger":"cosmos.converter","filename":"converter.py","lineno":390}
{"timestamp":"2026-06-29T06:51:06.010282Z","level":"info","event":"Filling up the DagBag from /tmp/airflow/dag_bundles/my-git-repo/tracking_repo/airflow-dags/steam/DAG_steam_api.py","logger":"airflow.models.dagbag.DagBag","filename":"dagbag.py","lineno":593}
{"timestamp":"2026-06-29T06:51:06.416896Z","level":"info","event":"Project /tmp/airflow/dag_bundles/my-git-repo/tracking_repo/dbt_project does not have {'dependencies.yml', 'packages.yml'}","logger":"cosmos.dbt.project","filename":"project.py","lineno":40}
{"timestamp":"2026-06-29T06:51:06.417598Z","level":"info","event":"::group::Cosmos DAG parsing logs","logger":"cosmos.converter","filename":"converter.py","lineno":293}
{"timestamp":"2026-06-29T06:51:06.417887Z","level":"info","event":"Trying to parse the dbt project using dbt ls cache cosmos_cache__get_games_metadata__dbt_transform...","logger":"cosmos.dbt.graph","filename":"graph.py","lineno":781}
{"timestamp":"2026-06-29T06:51:06.424674Z","level":"info","event":"Cosmos performance: time to calculate cache identifier cosmos_cache__get_games_metadata__dbt_transform for current version: 0.0003853330053971149","logger":"cosmos.cache","filename":"cache.py","lineno":333}
{"timestamp":"2026-06-29T06:51:06.424738Z","level":"info","event":"Cosmos performance [d2f09bca74c9|4540]: The cache size for cosmos_cache__get_games_metadata__dbt_transform is 5873","logger":"cosmos.dbt.graph","filename":"graph.py","lineno":798}
{"timestamp":"2026-06-29T06:51:06.424890Z","level":"info","event":"Cosmos performance: Cache hit for cosmos_cache__get_games_metadata__dbt_transform - 5d5dc19a4d21d68d9e2dd97b4b147311,84441d245827577361e239eef1354057","logger":"cosmos.dbt.graph","filename":"graph.py","lineno":806}
{"timestamp":"2026-06-29T06:51:06.425092Z","level":"info","event":"Total nodes: 6","logger":"cosmos.dbt.graph","filename":"graph.py","lineno":711}
{"timestamp":"2026-06-29T06:51:06.425133Z","level":"info","event":"Total filtered nodes: 6","logger":"cosmos.dbt.graph","filename":"graph.py","lineno":712}
{"timestamp":"2026-06-29T06:51:06.425171Z","level":"info","event":"Cosmos performance (get_games_metadata__dbt_transform) -  [d2f09bca74c9|4540]: It took 0.00731s to parse the dbt project for DAG using LoadMode.DBT_LS_CACHE","logger":"cosmos.converter","filename":"converter.py","lineno":340}
{"timestamp":"2026-06-29T06:51:06.425423Z","level":"info","event":"Project /tmp/airflow/dag_bundles/my-git-repo/tracking_repo/dbt_project does not have {'dependencies.yml', 'packages.yml'}","logger":"cosmos.dbt.project","filename":"project.py","lineno":40}
{"timestamp":"2026-06-29T06:51:06.425835Z","level":"info","event":"Project /tmp/airflow/dag_bundles/my-git-repo/tracking_repo/dbt_project does not have {'dependencies.yml', 'packages.yml'}","logger":"cosmos.dbt.project","filename":"project.py","lineno":40}
{"timestamp":"2026-06-29T06:51:06.426260Z","level":"info","event":"Project /tmp/airflow/dag_bundles/my-git-repo/tracking_repo/dbt_project does not have {'dependencies.yml', 'packages.yml'}","logger":"cosmos.dbt.project","filename":"project.py","lineno":40}
{"timestamp":"2026-06-29T06:51:06.426662Z","level":"info","event":"Project /tmp/airflow/dag_bundles/my-git-repo/tracking_repo/dbt_project does not have {'dependencies.yml', 'packages.yml'}","logger":"cosmos.dbt.project","filename":"project.py","lineno":40}
{"timestamp":"2026-06-29T06:51:06.427056Z","level":"info","event":"Project /tmp/airflow/dag_bundles/my-git-repo/tracking_repo/dbt_project does not have {'dependencies.yml', 'packages.yml'}","logger":"cosmos.dbt.project","filename":"project.py","lineno":40}
{"timestamp":"2026-06-29T06:51:06.427419Z","level":"info","event":"Project /tmp/airflow/dag_bundles/my-git-repo/tracking_repo/dbt_project does not have {'dependencies.yml', 'packages.yml'}","logger":"cosmos.dbt.project","filename":"project.py","lineno":40}
{"timestamp":"2026-06-29T06:51:06.427826Z","level":"info","event":"Project /tmp/airflow/dag_bundles/my-git-repo/tracking_repo/dbt_project does not have {'dependencies.yml', 'packages.yml'}","logger":"cosmos.dbt.project","filename":"project.py","lineno":40}
{"timestamp":"2026-06-29T06:51:06.428052Z","level":"info","event":"Cosmos performance (get_games_metadata__dbt_transform) - [d2f09bca74c9|4540]: It took 0.00288s to build the Airflow DAG.","logger":"cosmos.converter","filename":"converter.py","lineno":387}
{"timestamp":"2026-06-29T06:51:06.428085Z","level":"info","event":"::endgroup::Cosmos DAG parsing logs","logger":"cosmos.converter","filename":"converter.py","lineno":390}
{"timestamp":"2026-06-29T06:51:36.914559Z","level":"info","event":"Filling up the DagBag from /tmp/airflow/dag_bundles/my-git-repo/tracking_repo/airflow-dags/steam/DAG_steam_api.py","logger":"airflow.models.dagbag.DagBag","filename":"dagbag.py","lineno":593}
{"timestamp":"2026-06-29T06:51:37.335133Z","level":"info","event":"Project /tmp/airflow/dag_bundles/my-git-repo/tracking_repo/dbt_project does not have {'dependencies.yml', 'packages.yml'}","logger":"cosmos.dbt.project","filename":"project.py","lineno":40}
{"timestamp":"2026-06-29T06:51:37.335804Z","level":"info","event":"::group::Cosmos DAG parsing logs","logger":"cosmos.converter","filename":"converter.py","lineno":293}
{"timestamp":"2026-06-29T06:51:37.336105Z","level":"info","event":"Trying to parse the dbt project using dbt ls cache cosmos_cache__get_games_metadata__dbt_transform...","logger":"cosmos.dbt.graph","filename":"graph.py","lineno":781}
{"timestamp":"2026-06-29T06:51:37.343083Z","level":"info","event":"Cosmos performance: time to calculate cache identifier cosmos_cache__get_games_metadata__dbt_transform for current version: 0.0004056250036228448","logger":"cosmos.cache","filename":"cache.py","lineno":333}
{"timestamp":"2026-06-29T06:51:37.343146Z","level":"info","event":"Cosmos performance [d2f09bca74c9|4583]: The cache size for cosmos_cache__get_games_metadata__dbt_transform is 5873","logger":"cosmos.dbt.graph","filename":"graph.py","lineno":798}
{"timestamp":"2026-06-29T06:51:37.343292Z","level":"info","event":"Cosmos performance: Cache hit for cosmos_cache__get_games_metadata__dbt_transform - 5d5dc19a4d21d68d9e2dd97b4b147311,84441d245827577361e239eef1354057","logger":"cosmos.dbt.graph","filename":"graph.py","lineno":806}
{"timestamp":"2026-06-29T06:51:37.343487Z","level":"info","event":"Total nodes: 6","logger":"cosmos.dbt.graph","filename":"graph.py","lineno":711}
{"timestamp":"2026-06-29T06:51:37.343527Z","level":"info","event":"Total filtered nodes: 6","logger":"cosmos.dbt.graph","filename":"graph.py","lineno":712}
{"timestamp":"2026-06-29T06:51:37.343562Z","level":"info","event":"Cosmos performance (get_games_metadata__dbt_transform) -  [d2f09bca74c9|4583]: It took 0.00748s to parse the dbt project for DAG using LoadMode.DBT_LS_CACHE","logger":"cosmos.converter","filename":"converter.py","lineno":340}
{"timestamp":"2026-06-29T06:51:37.343810Z","level":"info","event":"Project /tmp/airflow/dag_bundles/my-git-repo/tracking_repo/dbt_project does not have {'dependencies.yml', 'packages.yml'}","logger":"cosmos.dbt.project","filename":"project.py","lineno":40}
{"timestamp":"2026-06-29T06:51:37.344216Z","level":"info","event":"Project /tmp/airflow/dag_bundles/my-git-repo/tracking_repo/dbt_project does not have {'dependencies.yml', 'packages.yml'}","logger":"cosmos.dbt.project","filename":"project.py","lineno":40}
{"timestamp":"2026-06-29T06:51:37.344622Z","level":"info","event":"Project /tmp/airflow/dag_bundles/my-git-repo/tracking_repo/dbt_project does not have {'dependencies.yml', 'packages.yml'}","logger":"cosmos.dbt.project","filename":"project.py","lineno":40}
{"timestamp":"2026-06-29T06:51:37.344997Z","level":"info","event":"Project /tmp/airflow/dag_bundles/my-git-repo/tracking_repo/dbt_project does not have {'dependencies.yml', 'packages.yml'}","logger":"cosmos.dbt.project","filename":"project.py","lineno":40}
{"timestamp":"2026-06-29T06:51:37.345375Z","level":"info","event":"Project /tmp/airflow/dag_bundles/my-git-repo/tracking_repo/dbt_project does not have {'dependencies.yml', 'packages.yml'}","logger":"cosmos.dbt.project","filename":"project.py","lineno":40}
{"timestamp":"2026-06-29T06:51:37.345752Z","level":"info","event":"Project /tmp/airflow/dag_bundles/my-git-repo/tracking_repo/dbt_project does not have {'dependencies.yml', 'packages.yml'}","logger":"cosmos.dbt.project","filename":"project.py","lineno":40}
{"timestamp":"2026-06-29T06:51:37.347033Z","level":"info","event":"Project /tmp/airflow/dag_bundles/my-git-repo/tracking_repo/dbt_project does not have {'dependencies.yml', 'packages.yml'}","logger":"cosmos.dbt.project","filename":"project.py","lineno":40}
{"timestamp":"2026-06-29T06:51:37.347281Z","level":"info","event":"Cosmos performance (get_games_metadata__dbt_transform) - [d2f09bca74c9|4583]: It took 0.00372s to build the Airflow DAG.","logger":"cosmos.converter","filename":"converter.py","lineno":387}
{"timestamp":"2026-06-29T06:51:37.347323Z","level":"info","event":"::endgroup::Cosmos DAG parsing logs","logger":"cosmos.converter","filename":"converter.py","lineno":390}
{"timestamp":"2026-06-29T06:52:08.124997Z","level":"info","event":"Filling up the DagBag from /tmp/airflow/dag_bundles/my-git-repo/tracking_repo/airflow-dags/steam/DAG_steam_api.py","logger":"airflow.models.dagbag.DagBag","filename":"dagbag.py","lineno":593}
{"timestamp":"2026-06-29T06:52:08.550307Z","level":"info","event":"Project /tmp/airflow/dag_bundles/my-git-repo/tracking_repo/dbt_project does not have {'dependencies.yml', 'packages.yml'}","logger":"cosmos.dbt.project","filename":"project.py","lineno":40}
{"timestamp":"2026-06-29T06:52:08.551011Z","level":"info","event":"::group::Cosmos DAG parsing logs","logger":"cosmos.converter","filename":"converter.py","lineno":293}
{"timestamp":"2026-06-29T06:52:08.551308Z","level":"info","event":"Trying to parse the dbt project using dbt ls cache cosmos_cache__get_games_metadata__dbt_transform...","logger":"cosmos.dbt.graph","filename":"graph.py","lineno":781}
{"timestamp":"2026-06-29T06:52:08.558233Z","level":"info","event":"Cosmos performance: time to calculate cache identifier cosmos_cache__get_games_metadata__dbt_transform for current version: 0.00044925000111106783","logger":"cosmos.cache","filename":"cache.py","lineno":333}
{"timestamp":"2026-06-29T06:52:08.558306Z","level":"info","event":"Cosmos performance [d2f09bca74c9|4611]: The cache size for cosmos_cache__get_games_metadata__dbt_transform is 5873","logger":"cosmos.dbt.graph","filename":"graph.py","lineno":798}
{"timestamp":"2026-06-29T06:52:08.558478Z","level":"info","event":"Cosmos performance: Cache hit for cosmos_cache__get_games_metadata__dbt_transform - 5d5dc19a4d21d68d9e2dd97b4b147311,84441d245827577361e239eef1354057","logger":"cosmos.dbt.graph","filename":"graph.py","lineno":806}
{"timestamp":"2026-06-29T06:52:08.558656Z","level":"info","event":"Total nodes: 6","logger":"cosmos.dbt.graph","filename":"graph.py","lineno":711}
{"timestamp":"2026-06-29T06:52:08.558688Z","level":"info","event":"Total filtered nodes: 6","logger":"cosmos.dbt.graph","filename":"graph.py","lineno":712}
{"timestamp":"2026-06-29T06:52:08.558732Z","level":"info","event":"Cosmos performance (get_games_metadata__dbt_transform) -  [d2f09bca74c9|4611]: It took 0.00746s to parse the dbt project for DAG using LoadMode.DBT_LS_CACHE","logger":"cosmos.converter","filename":"converter.py","lineno":340}
{"timestamp":"2026-06-29T06:52:08.558968Z","level":"info","event":"Project /tmp/airflow/dag_bundles/my-git-repo/tracking_repo/dbt_project does not have {'dependencies.yml', 'packages.yml'}","logger":"cosmos.dbt.project","filename":"project.py","lineno":40}
{"timestamp":"2026-06-29T06:52:08.559380Z","level":"info","event":"Project /tmp/airflow/dag_bundles/my-git-repo/tracking_repo/dbt_project does not have {'dependencies.yml', 'packages.yml'}","logger":"cosmos.dbt.project","filename":"project.py","lineno":40}
{"timestamp":"2026-06-29T06:52:08.559818Z","level":"info","event":"Project /tmp/airflow/dag_bundles/my-git-repo/tracking_repo/dbt_project does not have {'dependencies.yml', 'packages.yml'}","logger":"cosmos.dbt.project","filename":"project.py","lineno":40}
{"timestamp":"2026-06-29T06:52:08.560186Z","level":"info","event":"Project /tmp/airflow/dag_bundles/my-git-repo/tracking_repo/dbt_project does not have {'dependencies.yml', 'packages.yml'}","logger":"cosmos.dbt.project","filename":"project.py","lineno":40}
{"timestamp":"2026-06-29T06:52:08.560551Z","level":"info","event":"Project /tmp/airflow/dag_bundles/my-git-repo/tracking_repo/dbt_project does not have {'dependencies.yml', 'packages.yml'}","logger":"cosmos.dbt.project","filename":"project.py","lineno":40}
{"timestamp":"2026-06-29T06:52:08.560914Z","level":"info","event":"Project /tmp/airflow/dag_bundles/my-git-repo/tracking_repo/dbt_project does not have {'dependencies.yml', 'packages.yml'}","logger":"cosmos.dbt.project","filename":"project.py","lineno":40}
{"timestamp":"2026-06-29T06:52:08.561348Z","level":"info","event":"Project /tmp/airflow/dag_bundles/my-git-repo/tracking_repo/dbt_project does not have {'dependencies.yml', 'packages.yml'}","logger":"cosmos.dbt.project","filename":"project.py","lineno":40}
{"timestamp":"2026-06-29T06:52:08.561557Z","level":"info","event":"Cosmos performance (get_games_metadata__dbt_transform) - [d2f09bca74c9|4611]: It took 0.00283s to build the Airflow DAG.","logger":"cosmos.converter","filename":"converter.py","lineno":387}
{"timestamp":"2026-06-29T06:52:08.561586Z","level":"info","event":"::endgroup::Cosmos DAG parsing logs","logger":"cosmos.converter","filename":"converter.py","lineno":390}
{"timestamp":"2026-06-29T06:52:39.304059Z","level":"info","event":"Filling up the DagBag from /tmp/airflow/dag_bundles/my-git-repo/tracking_repo/airflow-dags/steam/DAG_steam_api.py","logger":"airflow.models.dagbag.DagBag","filename":"dagbag.py","lineno":593}
{"timestamp":"2026-06-29T06:52:39.791299Z","level":"info","event":"Project /tmp/airflow/dag_bundles/my-git-repo/tracking_repo/dbt_project does not have {'dependencies.yml', 'packages.yml'}","logger":"cosmos.dbt.project","filename":"project.py","lineno":40}
{"timestamp":"2026-06-29T06:52:39.792431Z","level":"info","event":"::group::Cosmos DAG parsing logs","logger":"cosmos.converter","filename":"converter.py","lineno":293}
{"timestamp":"2026-06-29T06:52:39.792843Z","level":"info","event":"Trying to parse the dbt project using dbt ls cache cosmos_cache__get_games_metadata__dbt_transform...","logger":"cosmos.dbt.graph","filename":"graph.py","lineno":781}
{"timestamp":"2026-06-29T06:52:39.801960Z","level":"info","event":"Cosmos performance: time to calculate cache identifier cosmos_cache__get_games_metadata__dbt_transform for current version: 0.00044499999785330147","logger":"cosmos.cache","filename":"cache.py","lineno":333}
{"timestamp":"2026-06-29T06:52:39.802039Z","level":"info","event":"Cosmos performance [d2f09bca74c9|4639]: The cache size for cosmos_cache__get_games_metadata__dbt_transform is 5873","logger":"cosmos.dbt.graph","filename":"graph.py","lineno":798}
{"timestamp":"2026-06-29T06:52:39.802276Z","level":"info","event":"Cosmos performance: Cache hit for cosmos_cache__get_games_metadata__dbt_transform - 5d5dc19a4d21d68d9e2dd97b4b147311,84441d245827577361e239eef1354057","logger":"cosmos.dbt.graph","filename":"graph.py","lineno":806}
{"timestamp":"2026-06-29T06:52:39.802574Z","level":"info","event":"Total nodes: 6","logger":"cosmos.dbt.graph","filename":"graph.py","lineno":711}
{"timestamp":"2026-06-29T06:52:39.802617Z","level":"info","event":"Total filtered nodes: 6","logger":"cosmos.dbt.graph","filename":"graph.py","lineno":712}
{"timestamp":"2026-06-29T06:52:39.802660Z","level":"info","event":"Cosmos performance (get_games_metadata__dbt_transform) -  [d2f09bca74c9|4639]: It took 0.00986s to parse the dbt project for DAG using LoadMode.DBT_LS_CACHE","logger":"cosmos.converter","filename":"converter.py","lineno":340}
{"timestamp":"2026-06-29T06:52:39.802914Z","level":"info","event":"Project /tmp/airflow/dag_bundles/my-git-repo/tracking_repo/dbt_project does not have {'dependencies.yml', 'packages.yml'}","logger":"cosmos.dbt.project","filename":"project.py","lineno":40}
{"timestamp":"2026-06-29T06:52:39.803361Z","level":"info","event":"Project /tmp/airflow/dag_bundles/my-git-repo/tracking_repo/dbt_project does not have {'dependencies.yml', 'packages.yml'}","logger":"cosmos.dbt.project","filename":"project.py","lineno":40}
{"timestamp":"2026-06-29T06:52:39.803905Z","level":"info","event":"Project /tmp/airflow/dag_bundles/my-git-repo/tracking_repo/dbt_project does not have {'dependencies.yml', 'packages.yml'}","logger":"cosmos.dbt.project","filename":"project.py","lineno":40}
{"timestamp":"2026-06-29T06:52:39.804451Z","level":"info","event":"Project /tmp/airflow/dag_bundles/my-git-repo/tracking_repo/dbt_project does not have {'dependencies.yml', 'packages.yml'}","logger":"cosmos.dbt.project","filename":"project.py","lineno":40}
{"timestamp":"2026-06-29T06:52:39.804982Z","level":"info","event":"Project /tmp/airflow/dag_bundles/my-git-repo/tracking_repo/dbt_project does not have {'dependencies.yml', 'packages.yml'}","logger":"cosmos.dbt.project","filename":"project.py","lineno":40}
{"timestamp":"2026-06-29T06:52:39.805572Z","level":"info","event":"Project /tmp/airflow/dag_bundles/my-git-repo/tracking_repo/dbt_project does not have {'dependencies.yml', 'packages.yml'}","logger":"cosmos.dbt.project","filename":"project.py","lineno":40}
{"timestamp":"2026-06-29T06:52:39.807338Z","level":"info","event":"Project /tmp/airflow/dag_bundles/my-git-repo/tracking_repo/dbt_project does not have {'dependencies.yml', 'packages.yml'}","logger":"cosmos.dbt.project","filename":"project.py","lineno":40}
{"timestamp":"2026-06-29T06:52:39.807644Z","level":"info","event":"Cosmos performance (get_games_metadata__dbt_transform) - [d2f09bca74c9|4639]: It took 0.00498s to build the Airflow DAG.","logger":"cosmos.converter","filename":"converter.py","lineno":387}
{"timestamp":"2026-06-29T06:52:39.807688Z","level":"info","event":"::endgroup::Cosmos DAG parsing logs","logger":"cosmos.converter","filename":"converter.py","lineno":390}
{"timestamp":"2026-06-29T06:53:10.801321Z","level":"info","event":"Filling up the DagBag from /tmp/airflow/dag_bundles/my-git-repo/tracking_repo/airflow-dags/steam/DAG_steam_api.py","logger":"airflow.models.dagbag.DagBag","filename":"dagbag.py","lineno":593}
{"timestamp":"2026-06-29T06:53:11.237765Z","level":"info","event":"Project /tmp/airflow/dag_bundles/my-git-repo/tracking_repo/dbt_project does not have {'dependencies.yml', 'packages.yml'}","logger":"cosmos.dbt.project","filename":"project.py","lineno":40}
{"timestamp":"2026-06-29T06:53:11.238525Z","level":"info","event":"::group::Cosmos DAG parsing logs","logger":"cosmos.converter","filename":"converter.py","lineno":293}
{"timestamp":"2026-06-29T06:53:11.238871Z","level":"info","event":"Trying to parse the dbt project using dbt ls cache cosmos_cache__get_games_metadata__dbt_transform...","logger":"cosmos.dbt.graph","filename":"graph.py","lineno":781}
{"timestamp":"2026-06-29T06:53:11.246426Z","level":"info","event":"Cosmos performance: time to calculate cache identifier cosmos_cache__get_games_metadata__dbt_transform for current version: 0.0004135839990340173","logger":"cosmos.cache","filename":"cache.py","lineno":333}
{"timestamp":"2026-06-29T06:53:11.246495Z","level":"info","event":"Cosmos performance [d2f09bca74c9|4667]: The cache size for cosmos_cache__get_games_metadata__dbt_transform is 5873","logger":"cosmos.dbt.graph","filename":"graph.py","lineno":798}
{"timestamp":"2026-06-29T06:53:11.246656Z","level":"info","event":"Cosmos performance: Cache hit for cosmos_cache__get_games_metadata__dbt_transform - 5d5dc19a4d21d68d9e2dd97b4b147311,84441d245827577361e239eef1354057","logger":"cosmos.dbt.graph","filename":"graph.py","lineno":806}
{"timestamp":"2026-06-29T06:53:11.246867Z","level":"info","event":"Total nodes: 6","logger":"cosmos.dbt.graph","filename":"graph.py","lineno":711}
{"timestamp":"2026-06-29T06:53:11.246897Z","level":"info","event":"Total filtered nodes: 6","logger":"cosmos.dbt.graph","filename":"graph.py","lineno":712}
{"timestamp":"2026-06-29T06:53:11.246940Z","level":"info","event":"Cosmos performance (get_games_metadata__dbt_transform) -  [d2f09bca74c9|4667]: It took 0.00811s to parse the dbt project for DAG using LoadMode.DBT_LS_CACHE","logger":"cosmos.converter","filename":"converter.py","lineno":340}
{"timestamp":"2026-06-29T06:53:11.247178Z","level":"info","event":"Project /tmp/airflow/dag_bundles/my-git-repo/tracking_repo/dbt_project does not have {'dependencies.yml', 'packages.yml'}","logger":"cosmos.dbt.project","filename":"project.py","lineno":40}
{"timestamp":"2026-06-29T06:53:11.247606Z","level":"info","event":"Project /tmp/airflow/dag_bundles/my-git-repo/tracking_repo/dbt_project does not have {'dependencies.yml', 'packages.yml'}","logger":"cosmos.dbt.project","filename":"project.py","lineno":40}
{"timestamp":"2026-06-29T06:53:11.248043Z","level":"info","event":"Project /tmp/airflow/dag_bundles/my-git-repo/tracking_repo/dbt_project does not have {'dependencies.yml', 'packages.yml'}","logger":"cosmos.dbt.project","filename":"project.py","lineno":40}
{"timestamp":"2026-06-29T06:53:11.248437Z","level":"info","event":"Project /tmp/airflow/dag_bundles/my-git-repo/tracking_repo/dbt_project does not have {'dependencies.yml', 'packages.yml'}","logger":"cosmos.dbt.project","filename":"project.py","lineno":40}
{"timestamp":"2026-06-29T06:53:11.248811Z","level":"info","event":"Project /tmp/airflow/dag_bundles/my-git-repo/tracking_repo/dbt_project does not have {'dependencies.yml', 'packages.yml'}","logger":"cosmos.dbt.project","filename":"project.py","lineno":40}
{"timestamp":"2026-06-29T06:53:11.249157Z","level":"info","event":"Project /tmp/airflow/dag_bundles/my-git-repo/tracking_repo/dbt_project does not have {'dependencies.yml', 'packages.yml'}","logger":"cosmos.dbt.project","filename":"project.py","lineno":40}
{"timestamp":"2026-06-29T06:53:11.249600Z","level":"info","event":"Project /tmp/airflow/dag_bundles/my-git-repo/tracking_repo/dbt_project does not have {'dependencies.yml', 'packages.yml'}","logger":"cosmos.dbt.project","filename":"project.py","lineno":40}
{"timestamp":"2026-06-29T06:53:11.249837Z","level":"info","event":"Cosmos performance (get_games_metadata__dbt_transform) - [d2f09bca74c9|4667]: It took 0.0029s to build the Airflow DAG.","logger":"cosmos.converter","filename":"converter.py","lineno":387}
{"timestamp":"2026-06-29T06:53:11.249871Z","level":"info","event":"::endgroup::Cosmos DAG parsing logs","logger":"cosmos.converter","filename":"converter.py","lineno":390}
{"timestamp":"2026-06-29T06:53:41.790858Z","level":"info","event":"Filling up the DagBag from /tmp/airflow/dag_bundles/my-git-repo/tracking_repo/airflow-dags/steam/DAG_steam_api.py","logger":"airflow.models.dagbag.DagBag","filename":"dagbag.py","lineno":593}
{"timestamp":"2026-06-29T06:53:42.193941Z","level":"info","event":"Project /tmp/airflow/dag_bundles/my-git-repo/tracking_repo/dbt_project does not have {'dependencies.yml', 'packages.yml'}","logger":"cosmos.dbt.project","filename":"project.py","lineno":40}
{"timestamp":"2026-06-29T06:53:42.194703Z","level":"info","event":"::group::Cosmos DAG parsing logs","logger":"cosmos.converter","filename":"converter.py","lineno":293}
{"timestamp":"2026-06-29T06:53:42.195047Z","level":"info","event":"Trying to parse the dbt project using dbt ls cache cosmos_cache__get_games_metadata__dbt_transform...","logger":"cosmos.dbt.graph","filename":"graph.py","lineno":781}
{"timestamp":"2026-06-29T06:53:42.202114Z","level":"info","event":"Cosmos performance: time to calculate cache identifier cosmos_cache__get_games_metadata__dbt_transform for current version: 0.0003902079988620244","logger":"cosmos.cache","filename":"cache.py","lineno":333}
{"timestamp":"2026-06-29T06:53:42.202171Z","level":"info","event":"Cosmos performance [d2f09bca74c9|4710]: The cache size for cosmos_cache__get_games_metadata__dbt_transform is 5873","logger":"cosmos.dbt.graph","filename":"graph.py","lineno":798}
{"timestamp":"2026-06-29T06:53:42.202329Z","level":"info","event":"Cosmos performance: Cache hit for cosmos_cache__get_games_metadata__dbt_transform - 5d5dc19a4d21d68d9e2dd97b4b147311,84441d245827577361e239eef1354057","logger":"cosmos.dbt.graph","filename":"graph.py","lineno":806}
{"timestamp":"2026-06-29T06:53:42.202515Z","level":"info","event":"Total nodes: 6","logger":"cosmos.dbt.graph","filename":"graph.py","lineno":711}
{"timestamp":"2026-06-29T06:53:42.202551Z","level":"info","event":"Total filtered nodes: 6","logger":"cosmos.dbt.graph","filename":"graph.py","lineno":712}
{"timestamp":"2026-06-29T06:53:42.202596Z","level":"info","event":"Cosmos performance (get_games_metadata__dbt_transform) -  [d2f09bca74c9|4710]: It took 0.00758s to parse the dbt project for DAG using LoadMode.DBT_LS_CACHE","logger":"cosmos.converter","filename":"converter.py","lineno":340}
{"timestamp":"2026-06-29T06:53:42.202853Z","level":"info","event":"Project /tmp/airflow/dag_bundles/my-git-repo/tracking_repo/dbt_project does not have {'dependencies.yml', 'packages.yml'}","logger":"cosmos.dbt.project","filename":"project.py","lineno":40}
{"timestamp":"2026-06-29T06:53:42.203272Z","level":"info","event":"Project /tmp/airflow/dag_bundles/my-git-repo/tracking_repo/dbt_project does not have {'dependencies.yml', 'packages.yml'}","logger":"cosmos.dbt.project","filename":"project.py","lineno":40}
{"timestamp":"2026-06-29T06:53:42.203707Z","level":"info","event":"Project /tmp/airflow/dag_bundles/my-git-repo/tracking_repo/dbt_project does not have {'dependencies.yml', 'packages.yml'}","logger":"cosmos.dbt.project","filename":"project.py","lineno":40}
{"timestamp":"2026-06-29T06:53:42.204130Z","level":"info","event":"Project /tmp/airflow/dag_bundles/my-git-repo/tracking_repo/dbt_project does not have {'dependencies.yml', 'packages.yml'}","logger":"cosmos.dbt.project","filename":"project.py","lineno":40}
{"timestamp":"2026-06-29T06:53:42.204519Z","level":"info","event":"Project /tmp/airflow/dag_bundles/my-git-repo/tracking_repo/dbt_project does not have {'dependencies.yml', 'packages.yml'}","logger":"cosmos.dbt.project","filename":"project.py","lineno":40}
{"timestamp":"2026-06-29T06:53:42.204883Z","level":"info","event":"Project /tmp/airflow/dag_bundles/my-git-repo/tracking_repo/dbt_project does not have {'dependencies.yml', 'packages.yml'}","logger":"cosmos.dbt.project","filename":"project.py","lineno":40}
{"timestamp":"2026-06-29T06:53:42.205320Z","level":"info","event":"Project /tmp/airflow/dag_bundles/my-git-repo/tracking_repo/dbt_project does not have {'dependencies.yml', 'packages.yml'}","logger":"cosmos.dbt.project","filename":"project.py","lineno":40}
{"timestamp":"2026-06-29T06:53:42.205562Z","level":"info","event":"Cosmos performance (get_games_metadata__dbt_transform) - [d2f09bca74c9|4710]: It took 0.00297s to build the Airflow DAG.","logger":"cosmos.converter","filename":"converter.py","lineno":387}
{"timestamp":"2026-06-29T06:53:42.205603Z","level":"info","event":"::endgroup::Cosmos DAG parsing logs","logger":"cosmos.converter","filename":"converter.py","lineno":390}
{"timestamp":"2026-06-29T06:54:13.028679Z","level":"info","event":"Filling up the DagBag from /tmp/airflow/dag_bundles/my-git-repo/tracking_repo/airflow-dags/steam/DAG_steam_api.py","logger":"airflow.models.dagbag.DagBag","filename":"dagbag.py","lineno":593}
{"timestamp":"2026-06-29T06:54:13.492755Z","level":"info","event":"Project /tmp/airflow/dag_bundles/my-git-repo/tracking_repo/dbt_project does not have {'dependencies.yml', 'packages.yml'}","logger":"cosmos.dbt.project","filename":"project.py","lineno":40}
{"timestamp":"2026-06-29T06:54:13.493446Z","level":"info","event":"::group::Cosmos DAG parsing logs","logger":"cosmos.converter","filename":"converter.py","lineno":293}
{"timestamp":"2026-06-29T06:54:13.493739Z","level":"info","event":"Trying to parse the dbt project using dbt ls cache cosmos_cache__get_games_metadata__dbt_transform...","logger":"cosmos.dbt.graph","filename":"graph.py","lineno":781}
{"timestamp":"2026-06-29T06:54:13.500383Z","level":"info","event":"Cosmos performance: time to calculate cache identifier cosmos_cache__get_games_metadata__dbt_transform for current version: 0.00039379100053338334","logger":"cosmos.cache","filename":"cache.py","lineno":333}
{"timestamp":"2026-06-29T06:54:13.500444Z","level":"info","event":"Cosmos performance [d2f09bca74c9|4738]: The cache size for cosmos_cache__get_games_metadata__dbt_transform is 5873","logger":"cosmos.dbt.graph","filename":"graph.py","lineno":798}
{"timestamp":"2026-06-29T06:54:13.500597Z","level":"info","event":"Cosmos performance: Cache hit for cosmos_cache__get_games_metadata__dbt_transform - 5d5dc19a4d21d68d9e2dd97b4b147311,84441d245827577361e239eef1354057","logger":"cosmos.dbt.graph","filename":"graph.py","lineno":806}
{"timestamp":"2026-06-29T06:54:13.500787Z","level":"info","event":"Total nodes: 6","logger":"cosmos.dbt.graph","filename":"graph.py","lineno":711}
{"timestamp":"2026-06-29T06:54:13.500820Z","level":"info","event":"Total filtered nodes: 6","logger":"cosmos.dbt.graph","filename":"graph.py","lineno":712}
{"timestamp":"2026-06-29T06:54:13.500856Z","level":"info","event":"Cosmos performance (get_games_metadata__dbt_transform) -  [d2f09bca74c9|4738]: It took 0.00714s to parse the dbt project for DAG using LoadMode.DBT_LS_CACHE","logger":"cosmos.converter","filename":"converter.py","lineno":340}
{"timestamp":"2026-06-29T06:54:13.501093Z","level":"info","event":"Project /tmp/airflow/dag_bundles/my-git-repo/tracking_repo/dbt_project does not have {'dependencies.yml', 'packages.yml'}","logger":"cosmos.dbt.project","filename":"project.py","lineno":40}
{"timestamp":"2026-06-29T06:54:13.501496Z","level":"info","event":"Project /tmp/airflow/dag_bundles/my-git-repo/tracking_repo/dbt_project does not have {'dependencies.yml', 'packages.yml'}","logger":"cosmos.dbt.project","filename":"project.py","lineno":40}
{"timestamp":"2026-06-29T06:54:13.501917Z","level":"info","event":"Project /tmp/airflow/dag_bundles/my-git-repo/tracking_repo/dbt_project does not have {'dependencies.yml', 'packages.yml'}","logger":"cosmos.dbt.project","filename":"project.py","lineno":40}
{"timestamp":"2026-06-29T06:54:13.502310Z","level":"info","event":"Project /tmp/airflow/dag_bundles/my-git-repo/tracking_repo/dbt_project does not have {'dependencies.yml', 'packages.yml'}","logger":"cosmos.dbt.project","filename":"project.py","lineno":40}
{"timestamp":"2026-06-29T06:54:13.502666Z","level":"info","event":"Project /tmp/airflow/dag_bundles/my-git-repo/tracking_repo/dbt_project does not have {'dependencies.yml', 'packages.yml'}","logger":"cosmos.dbt.project","filename":"project.py","lineno":40}
{"timestamp":"2026-06-29T06:54:13.503163Z","level":"info","event":"Project /tmp/airflow/dag_bundles/my-git-repo/tracking_repo/dbt_project does not have {'dependencies.yml', 'packages.yml'}","logger":"cosmos.dbt.project","filename":"project.py","lineno":40}
{"timestamp":"2026-06-29T06:54:13.503945Z","level":"info","event":"Project /tmp/airflow/dag_bundles/my-git-repo/tracking_repo/dbt_project does not have {'dependencies.yml', 'packages.yml'}","logger":"cosmos.dbt.project","filename":"project.py","lineno":40}
{"timestamp":"2026-06-29T06:54:13.504354Z","level":"info","event":"Cosmos performance (get_games_metadata__dbt_transform) - [d2f09bca74c9|4738]: It took 0.00348s to build the Airflow DAG.","logger":"cosmos.converter","filename":"converter.py","lineno":387}
{"timestamp":"2026-06-29T06:54:13.504429Z","level":"info","event":"::endgroup::Cosmos DAG parsing logs","logger":"cosmos.converter","filename":"converter.py","lineno":390}
{"timestamp":"2026-06-29T06:54:44.278361Z","level":"info","event":"Filling up the DagBag from /tmp/airflow/dag_bundles/my-git-repo/tracking_repo/airflow-dags/steam/DAG_steam_api.py","logger":"airflow.models.dagbag.DagBag","filename":"dagbag.py","lineno":593}
{"timestamp":"2026-06-29T06:54:44.685743Z","level":"info","event":"Project /tmp/airflow/dag_bundles/my-git-repo/tracking_repo/dbt_project does not have {'dependencies.yml', 'packages.yml'}","logger":"cosmos.dbt.project","filename":"project.py","lineno":40}
{"timestamp":"2026-06-29T06:54:44.686517Z","level":"info","event":"::group::Cosmos DAG parsing logs","logger":"cosmos.converter","filename":"converter.py","lineno":293}
{"timestamp":"2026-06-29T06:54:44.686830Z","level":"info","event":"Trying to parse the dbt project using dbt ls cache cosmos_cache__get_games_metadata__dbt_transform...","logger":"cosmos.dbt.graph","filename":"graph.py","lineno":781}
{"timestamp":"2026-06-29T06:54:44.694079Z","level":"info","event":"Cosmos performance: time to calculate cache identifier cosmos_cache__get_games_metadata__dbt_transform for current version: 0.0004117920034332201","logger":"cosmos.cache","filename":"cache.py","lineno":333}
{"timestamp":"2026-06-29T06:54:44.694157Z","level":"info","event":"Cosmos performance [d2f09bca74c9|4766]: The cache size for cosmos_cache__get_games_metadata__dbt_transform is 5873","logger":"cosmos.dbt.graph","filename":"graph.py","lineno":798}
{"timestamp":"2026-06-29T06:54:44.694314Z","level":"info","event":"Cosmos performance: Cache hit for cosmos_cache__get_games_metadata__dbt_transform - 5d5dc19a4d21d68d9e2dd97b4b147311,84441d245827577361e239eef1354057","logger":"cosmos.dbt.graph","filename":"graph.py","lineno":806}
{"timestamp":"2026-06-29T06:54:44.694558Z","level":"info","event":"Total nodes: 6","logger":"cosmos.dbt.graph","filename":"graph.py","lineno":711}
{"timestamp":"2026-06-29T06:54:44.694590Z","level":"info","event":"Total filtered nodes: 6","logger":"cosmos.dbt.graph","filename":"graph.py","lineno":712}
{"timestamp":"2026-06-29T06:54:44.694631Z","level":"info","event":"Cosmos performance (get_games_metadata__dbt_transform) -  [d2f09bca74c9|4766]: It took 0.00782s to parse the dbt project for DAG using LoadMode.DBT_LS_CACHE","logger":"cosmos.converter","filename":"converter.py","lineno":340}
{"timestamp":"2026-06-29T06:54:44.694888Z","level":"info","event":"Project /tmp/airflow/dag_bundles/my-git-repo/tracking_repo/dbt_project does not have {'dependencies.yml', 'packages.yml'}","logger":"cosmos.dbt.project","filename":"project.py","lineno":40}
{"timestamp":"2026-06-29T06:54:44.695360Z","level":"info","event":"Project /tmp/airflow/dag_bundles/my-git-repo/tracking_repo/dbt_project does not have {'dependencies.yml', 'packages.yml'}","logger":"cosmos.dbt.project","filename":"project.py","lineno":40}
{"timestamp":"2026-06-29T06:54:44.695822Z","level":"info","event":"Project /tmp/airflow/dag_bundles/my-git-repo/tracking_repo/dbt_project does not have {'dependencies.yml', 'packages.yml'}","logger":"cosmos.dbt.project","filename":"project.py","lineno":40}
{"timestamp":"2026-06-29T06:54:44.696201Z","level":"info","event":"Project /tmp/airflow/dag_bundles/my-git-repo/tracking_repo/dbt_project does not have {'dependencies.yml', 'packages.yml'}","logger":"cosmos.dbt.project","filename":"project.py","lineno":40}
{"timestamp":"2026-06-29T06:54:44.696592Z","level":"info","event":"Project /tmp/airflow/dag_bundles/my-git-repo/tracking_repo/dbt_project does not have {'dependencies.yml', 'packages.yml'}","logger":"cosmos.dbt.project","filename":"project.py","lineno":40}
{"timestamp":"2026-06-29T06:54:44.696942Z","level":"info","event":"Project /tmp/airflow/dag_bundles/my-git-repo/tracking_repo/dbt_project does not have {'dependencies.yml', 'packages.yml'}","logger":"cosmos.dbt.project","filename":"project.py","lineno":40}
{"timestamp":"2026-06-29T06:54:44.697388Z","level":"info","event":"Project /tmp/airflow/dag_bundles/my-git-repo/tracking_repo/dbt_project does not have {'dependencies.yml', 'packages.yml'}","logger":"cosmos.dbt.project","filename":"project.py","lineno":40}
{"timestamp":"2026-06-29T06:54:44.697676Z","level":"info","event":"Cosmos performance (get_games_metadata__dbt_transform) - [d2f09bca74c9|4766]: It took 0.00305s to build the Airflow DAG.","logger":"cosmos.converter","filename":"converter.py","lineno":387}
{"timestamp":"2026-06-29T06:54:44.697705Z","level":"info","event":"::endgroup::Cosmos DAG parsing logs","logger":"cosmos.converter","filename":"converter.py","lineno":390}
{"timestamp":"2026-06-29T06:55:15.602840Z","level":"info","event":"Filling up the DagBag from /tmp/airflow/dag_bundles/my-git-repo/tracking_repo/airflow-dags/steam/DAG_steam_api.py","logger":"airflow.models.dagbag.DagBag","filename":"dagbag.py","lineno":593}
{"timestamp":"2026-06-29T06:55:16.121467Z","level":"info","event":"Project /tmp/airflow/dag_bundles/my-git-repo/tracking_repo/dbt_project does not have {'dependencies.yml', 'packages.yml'}","logger":"cosmos.dbt.project","filename":"project.py","lineno":40}
{"timestamp":"2026-06-29T06:55:16.122201Z","level":"info","event":"::group::Cosmos DAG parsing logs","logger":"cosmos.converter","filename":"converter.py","lineno":293}
{"timestamp":"2026-06-29T06:55:16.122493Z","level":"info","event":"Trying to parse the dbt project using dbt ls cache cosmos_cache__get_games_metadata__dbt_transform...","logger":"cosmos.dbt.graph","filename":"graph.py","lineno":781}
{"timestamp":"2026-06-29T06:55:16.130693Z","level":"info","event":"Cosmos performance: time to calculate cache identifier cosmos_cache__get_games_metadata__dbt_transform for current version: 0.000396542003727518","logger":"cosmos.cache","filename":"cache.py","lineno":333}
{"timestamp":"2026-06-29T06:55:16.130750Z","level":"info","event":"Cosmos performance [d2f09bca74c9|4794]: The cache size for cosmos_cache__get_games_metadata__dbt_transform is 5873","logger":"cosmos.dbt.graph","filename":"graph.py","lineno":798}
{"timestamp":"2026-06-29T06:55:16.130907Z","level":"info","event":"Cosmos performance: Cache hit for cosmos_cache__get_games_metadata__dbt_transform - 5d5dc19a4d21d68d9e2dd97b4b147311,84441d245827577361e239eef1354057","logger":"cosmos.dbt.graph","filename":"graph.py","lineno":806}
{"timestamp":"2026-06-29T06:55:16.131087Z","level":"info","event":"Total nodes: 6","logger":"cosmos.dbt.graph","filename":"graph.py","lineno":711}
{"timestamp":"2026-06-29T06:55:16.131120Z","level":"info","event":"Total filtered nodes: 6","logger":"cosmos.dbt.graph","filename":"graph.py","lineno":712}
{"timestamp":"2026-06-29T06:55:16.131156Z","level":"info","event":"Cosmos performance (get_games_metadata__dbt_transform) -  [d2f09bca74c9|4794]: It took 0.00869s to parse the dbt project for DAG using LoadMode.DBT_LS_CACHE","logger":"cosmos.converter","filename":"converter.py","lineno":340}
{"timestamp":"2026-06-29T06:55:16.131369Z","level":"info","event":"Project /tmp/airflow/dag_bundles/my-git-repo/tracking_repo/dbt_project does not have {'dependencies.yml', 'packages.yml'}","logger":"cosmos.dbt.project","filename":"project.py","lineno":40}
{"timestamp":"2026-06-29T06:55:16.131731Z","level":"info","event":"Project /tmp/airflow/dag_bundles/my-git-repo/tracking_repo/dbt_project does not have {'dependencies.yml', 'packages.yml'}","logger":"cosmos.dbt.project","filename":"project.py","lineno":40}
{"timestamp":"2026-06-29T06:55:16.132112Z","level":"info","event":"Project /tmp/airflow/dag_bundles/my-git-repo/tracking_repo/dbt_project does not have {'dependencies.yml', 'packages.yml'}","logger":"cosmos.dbt.project","filename":"project.py","lineno":40}
{"timestamp":"2026-06-29T06:55:16.132485Z","level":"info","event":"Project /tmp/airflow/dag_bundles/my-git-repo/tracking_repo/dbt_project does not have {'dependencies.yml', 'packages.yml'}","logger":"cosmos.dbt.project","filename":"project.py","lineno":40}
{"timestamp":"2026-06-29T06:55:16.132870Z","level":"info","event":"Project /tmp/airflow/dag_bundles/my-git-repo/tracking_repo/dbt_project does not have {'dependencies.yml', 'packages.yml'}","logger":"cosmos.dbt.project","filename":"project.py","lineno":40}
{"timestamp":"2026-06-29T06:55:16.133224Z","level":"info","event":"Project /tmp/airflow/dag_bundles/my-git-repo/tracking_repo/dbt_project does not have {'dependencies.yml', 'packages.yml'}","logger":"cosmos.dbt.project","filename":"project.py","lineno":40}
{"timestamp":"2026-06-29T06:55:16.133647Z","level":"info","event":"Project /tmp/airflow/dag_bundles/my-git-repo/tracking_repo/dbt_project does not have {'dependencies.yml', 'packages.yml'}","logger":"cosmos.dbt.project","filename":"project.py","lineno":40}
{"timestamp":"2026-06-29T06:55:16.133879Z","level":"info","event":"Cosmos performance (get_games_metadata__dbt_transform) - [d2f09bca74c9|4794]: It took 0.00272s to build the Airflow DAG.","logger":"cosmos.converter","filename":"converter.py","lineno":387}
{"timestamp":"2026-06-29T06:55:16.133910Z","level":"info","event":"::endgroup::Cosmos DAG parsing logs","logger":"cosmos.converter","filename":"converter.py","lineno":390}
{"timestamp":"2026-06-29T06:55:46.684494Z","level":"info","event":"Filling up the DagBag from /tmp/airflow/dag_bundles/my-git-repo/tracking_repo/airflow-dags/steam/DAG_steam_api.py","logger":"airflow.models.dagbag.DagBag","filename":"dagbag.py","lineno":593}
{"timestamp":"2026-06-29T06:55:47.101399Z","level":"info","event":"Project /tmp/airflow/dag_bundles/my-git-repo/tracking_repo/dbt_project does not have {'dependencies.yml', 'packages.yml'}","logger":"cosmos.dbt.project","filename":"project.py","lineno":40}
{"timestamp":"2026-06-29T06:55:47.102049Z","level":"info","event":"::group::Cosmos DAG parsing logs","logger":"cosmos.converter","filename":"converter.py","lineno":293}
{"timestamp":"2026-06-29T06:55:47.102331Z","level":"info","event":"Trying to parse the dbt project using dbt ls cache cosmos_cache__get_games_metadata__dbt_transform...","logger":"cosmos.dbt.graph","filename":"graph.py","lineno":781}
{"timestamp":"2026-06-29T06:55:47.109212Z","level":"info","event":"Cosmos performance: time to calculate cache identifier cosmos_cache__get_games_metadata__dbt_transform for current version: 0.0004061250001541339","logger":"cosmos.cache","filename":"cache.py","lineno":333}
{"timestamp":"2026-06-29T06:55:47.109274Z","level":"info","event":"Cosmos performance [d2f09bca74c9|4837]: The cache size for cosmos_cache__get_games_metadata__dbt_transform is 5873","logger":"cosmos.dbt.graph","filename":"graph.py","lineno":798}
{"timestamp":"2026-06-29T06:55:47.109417Z","level":"info","event":"Cosmos performance: Cache hit for cosmos_cache__get_games_metadata__dbt_transform - 5d5dc19a4d21d68d9e2dd97b4b147311,84441d245827577361e239eef1354057","logger":"cosmos.dbt.graph","filename":"graph.py","lineno":806}
{"timestamp":"2026-06-29T06:55:47.109605Z","level":"info","event":"Total nodes: 6","logger":"cosmos.dbt.graph","filename":"graph.py","lineno":711}
{"timestamp":"2026-06-29T06:55:47.109643Z","level":"info","event":"Total filtered nodes: 6","logger":"cosmos.dbt.graph","filename":"graph.py","lineno":712}
{"timestamp":"2026-06-29T06:55:47.109679Z","level":"info","event":"Cosmos performance (get_games_metadata__dbt_transform) -  [d2f09bca74c9|4837]: It took 0.00737s to parse the dbt project for DAG using LoadMode.DBT_LS_CACHE","logger":"cosmos.converter","filename":"converter.py","lineno":340}
{"timestamp":"2026-06-29T06:55:47.109918Z","level":"info","event":"Project /tmp/airflow/dag_bundles/my-git-repo/tracking_repo/dbt_project does not have {'dependencies.yml', 'packages.yml'}","logger":"cosmos.dbt.project","filename":"project.py","lineno":40}
{"timestamp":"2026-06-29T06:55:47.110318Z","level":"info","event":"Project /tmp/airflow/dag_bundles/my-git-repo/tracking_repo/dbt_project does not have {'dependencies.yml', 'packages.yml'}","logger":"cosmos.dbt.project","filename":"project.py","lineno":40}
{"timestamp":"2026-06-29T06:55:47.110727Z","level":"info","event":"Project /tmp/airflow/dag_bundles/my-git-repo/tracking_repo/dbt_project does not have {'dependencies.yml', 'packages.yml'}","logger":"cosmos.dbt.project","filename":"project.py","lineno":40}
{"timestamp":"2026-06-29T06:55:47.111135Z","level":"info","event":"Project /tmp/airflow/dag_bundles/my-git-repo/tracking_repo/dbt_project does not have {'dependencies.yml', 'packages.yml'}","logger":"cosmos.dbt.project","filename":"project.py","lineno":40}
{"timestamp":"2026-06-29T06:55:47.111530Z","level":"info","event":"Project /tmp/airflow/dag_bundles/my-git-repo/tracking_repo/dbt_project does not have {'dependencies.yml', 'packages.yml'}","logger":"cosmos.dbt.project","filename":"project.py","lineno":40}
{"timestamp":"2026-06-29T06:55:47.111906Z","level":"info","event":"Project /tmp/airflow/dag_bundles/my-git-repo/tracking_repo/dbt_project does not have {'dependencies.yml', 'packages.yml'}","logger":"cosmos.dbt.project","filename":"project.py","lineno":40}
{"timestamp":"2026-06-29T06:55:47.112233Z","level":"info","event":"Project /tmp/airflow/dag_bundles/my-git-repo/tracking_repo/dbt_project does not have {'dependencies.yml', 'packages.yml'}","logger":"cosmos.dbt.project","filename":"project.py","lineno":40}
{"timestamp":"2026-06-29T06:55:47.112465Z","level":"info","event":"Cosmos performance (get_games_metadata__dbt_transform) - [d2f09bca74c9|4837]: It took 0.00278s to build the Airflow DAG.","logger":"cosmos.converter","filename":"converter.py","lineno":387}
{"timestamp":"2026-06-29T06:55:47.112500Z","level":"info","event":"::endgroup::Cosmos DAG parsing logs","logger":"cosmos.converter","filename":"converter.py","lineno":390}
{"timestamp":"2026-06-29T06:56:17.144078Z","level":"info","event":"Filling up the DagBag from /tmp/airflow/dag_bundles/my-git-repo/tracking_repo/airflow-dags/steam/DAG_steam_api.py","logger":"airflow.models.dagbag.DagBag","filename":"dagbag.py","lineno":593}
{"timestamp":"2026-06-29T06:56:17.553979Z","level":"info","event":"Project /tmp/airflow/dag_bundles/my-git-repo/tracking_repo/dbt_project does not have {'dependencies.yml', 'packages.yml'}","logger":"cosmos.dbt.project","filename":"project.py","lineno":40}
{"timestamp":"2026-06-29T06:56:17.554752Z","level":"info","event":"::group::Cosmos DAG parsing logs","logger":"cosmos.converter","filename":"converter.py","lineno":293}
{"timestamp":"2026-06-29T06:56:17.555064Z","level":"info","event":"Trying to parse the dbt project using dbt ls cache cosmos_cache__get_games_metadata__dbt_transform...","logger":"cosmos.dbt.graph","filename":"graph.py","lineno":781}
{"timestamp":"2026-06-29T06:56:17.565636Z","level":"info","event":"Cosmos performance: time to calculate cache identifier cosmos_cache__get_games_metadata__dbt_transform for current version: 0.0003999999971711077","logger":"cosmos.cache","filename":"cache.py","lineno":333}
{"timestamp":"2026-06-29T06:56:17.565707Z","level":"info","event":"Cosmos performance [d2f09bca74c9|4865]: The cache size for cosmos_cache__get_games_metadata__dbt_transform is 5873","logger":"cosmos.dbt.graph","filename":"graph.py","lineno":798}
{"timestamp":"2026-06-29T06:56:17.565875Z","level":"info","event":"Cosmos performance: Cache hit for cosmos_cache__get_games_metadata__dbt_transform - 5d5dc19a4d21d68d9e2dd97b4b147311,84441d245827577361e239eef1354057","logger":"cosmos.dbt.graph","filename":"graph.py","lineno":806}
{"timestamp":"2026-06-29T06:56:17.566089Z","level":"info","event":"Total nodes: 6","logger":"cosmos.dbt.graph","filename":"graph.py","lineno":711}
{"timestamp":"2026-06-29T06:56:17.566119Z","level":"info","event":"Total filtered nodes: 6","logger":"cosmos.dbt.graph","filename":"graph.py","lineno":712}
{"timestamp":"2026-06-29T06:56:17.566164Z","level":"info","event":"Cosmos performance (get_games_metadata__dbt_transform) -  [d2f09bca74c9|4865]: It took 0.0111s to parse the dbt project for DAG using LoadMode.DBT_LS_CACHE","logger":"cosmos.converter","filename":"converter.py","lineno":340}
{"timestamp":"2026-06-29T06:56:17.566412Z","level":"info","event":"Project /tmp/airflow/dag_bundles/my-git-repo/tracking_repo/dbt_project does not have {'dependencies.yml', 'packages.yml'}","logger":"cosmos.dbt.project","filename":"project.py","lineno":40}
{"timestamp":"2026-06-29T06:56:17.566831Z","level":"info","event":"Project /tmp/airflow/dag_bundles/my-git-repo/tracking_repo/dbt_project does not have {'dependencies.yml', 'packages.yml'}","logger":"cosmos.dbt.project","filename":"project.py","lineno":40}
{"timestamp":"2026-06-29T06:56:17.567265Z","level":"info","event":"Project /tmp/airflow/dag_bundles/my-git-repo/tracking_repo/dbt_project does not have {'dependencies.yml', 'packages.yml'}","logger":"cosmos.dbt.project","filename":"project.py","lineno":40}
{"timestamp":"2026-06-29T06:56:17.567671Z","level":"info","event":"Project /tmp/airflow/dag_bundles/my-git-repo/tracking_repo/dbt_project does not have {'dependencies.yml', 'packages.yml'}","logger":"cosmos.dbt.project","filename":"project.py","lineno":40}
{"timestamp":"2026-06-29T06:56:17.568046Z","level":"info","event":"Project /tmp/airflow/dag_bundles/my-git-repo/tracking_repo/dbt_project does not have {'dependencies.yml', 'packages.yml'}","logger":"cosmos.dbt.project","filename":"project.py","lineno":40}
{"timestamp":"2026-06-29T06:56:17.568399Z","level":"info","event":"Project /tmp/airflow/dag_bundles/my-git-repo/tracking_repo/dbt_project does not have {'dependencies.yml', 'packages.yml'}","logger":"cosmos.dbt.project","filename":"project.py","lineno":40}
{"timestamp":"2026-06-29T06:56:17.568847Z","level":"info","event":"Project /tmp/airflow/dag_bundles/my-git-repo/tracking_repo/dbt_project does not have {'dependencies.yml', 'packages.yml'}","logger":"cosmos.dbt.project","filename":"project.py","lineno":40}
{"timestamp":"2026-06-29T06:56:17.569081Z","level":"info","event":"Cosmos performance (get_games_metadata__dbt_transform) - [d2f09bca74c9|4865]: It took 0.00292s to build the Airflow DAG.","logger":"cosmos.converter","filename":"converter.py","lineno":387}
{"timestamp":"2026-06-29T06:56:17.569110Z","level":"info","event":"::endgroup::Cosmos DAG parsing logs","logger":"cosmos.converter","filename":"converter.py","lineno":390}
{"timestamp":"2026-06-29T06:56:48.607209Z","level":"info","event":"Filling up the DagBag from /tmp/airflow/dag_bundles/my-git-repo/tracking_repo/airflow-dags/steam/DAG_steam_api.py","logger":"airflow.models.dagbag.DagBag","filename":"dagbag.py","lineno":593}
{"timestamp":"2026-06-29T06:56:49.128363Z","level":"info","event":"Project /tmp/airflow/dag_bundles/my-git-repo/tracking_repo/dbt_project does not have {'dependencies.yml', 'packages.yml'}","logger":"cosmos.dbt.project","filename":"project.py","lineno":40}
{"timestamp":"2026-06-29T06:56:49.129458Z","level":"info","event":"::group::Cosmos DAG parsing logs","logger":"cosmos.converter","filename":"converter.py","lineno":293}
{"timestamp":"2026-06-29T06:56:49.130099Z","level":"info","event":"Trying to parse the dbt project using dbt ls cache cosmos_cache__get_games_metadata__dbt_transform...","logger":"cosmos.dbt.graph","filename":"graph.py","lineno":781}
{"timestamp":"2026-06-29T06:56:49.137216Z","level":"info","event":"Cosmos performance: time to calculate cache identifier cosmos_cache__get_games_metadata__dbt_transform for current version: 0.0003927080033463426","logger":"cosmos.cache","filename":"cache.py","lineno":333}
{"timestamp":"2026-06-29T06:56:49.137295Z","level":"info","event":"Cosmos performance [d2f09bca74c9|4893]: The cache size for cosmos_cache__get_games_metadata__dbt_transform is 5873","logger":"cosmos.dbt.graph","filename":"graph.py","lineno":798}
{"timestamp":"2026-06-29T06:56:49.137461Z","level":"info","event":"Cosmos performance: Cache hit for cosmos_cache__get_games_metadata__dbt_transform - 5d5dc19a4d21d68d9e2dd97b4b147311,84441d245827577361e239eef1354057","logger":"cosmos.dbt.graph","filename":"graph.py","lineno":806}
{"timestamp":"2026-06-29T06:56:49.137680Z","level":"info","event":"Total nodes: 6","logger":"cosmos.dbt.graph","filename":"graph.py","lineno":711}
{"timestamp":"2026-06-29T06:56:49.137710Z","level":"info","event":"Total filtered nodes: 6","logger":"cosmos.dbt.graph","filename":"graph.py","lineno":712}
{"timestamp":"2026-06-29T06:56:49.137746Z","level":"info","event":"Cosmos performance (get_games_metadata__dbt_transform) -  [d2f09bca74c9|4893]: It took 0.00772s to parse the dbt project for DAG using LoadMode.DBT_LS_CACHE","logger":"cosmos.converter","filename":"converter.py","lineno":340}
{"timestamp":"2026-06-29T06:56:49.137990Z","level":"info","event":"Project /tmp/airflow/dag_bundles/my-git-repo/tracking_repo/dbt_project does not have {'dependencies.yml', 'packages.yml'}","logger":"cosmos.dbt.project","filename":"project.py","lineno":40}
{"timestamp":"2026-06-29T06:56:49.138389Z","level":"info","event":"Project /tmp/airflow/dag_bundles/my-git-repo/tracking_repo/dbt_project does not have {'dependencies.yml', 'packages.yml'}","logger":"cosmos.dbt.project","filename":"project.py","lineno":40}
{"timestamp":"2026-06-29T06:56:49.138818Z","level":"info","event":"Project /tmp/airflow/dag_bundles/my-git-repo/tracking_repo/dbt_project does not have {'dependencies.yml', 'packages.yml'}","logger":"cosmos.dbt.project","filename":"project.py","lineno":40}
{"timestamp":"2026-06-29T06:56:49.139232Z","level":"info","event":"Project /tmp/airflow/dag_bundles/my-git-repo/tracking_repo/dbt_project does not have {'dependencies.yml', 'packages.yml'}","logger":"cosmos.dbt.project","filename":"project.py","lineno":40}
{"timestamp":"2026-06-29T06:56:49.139598Z","level":"info","event":"Project /tmp/airflow/dag_bundles/my-git-repo/tracking_repo/dbt_project does not have {'dependencies.yml', 'packages.yml'}","logger":"cosmos.dbt.project","filename":"project.py","lineno":40}
{"timestamp":"2026-06-29T06:56:49.139957Z","level":"info","event":"Project /tmp/airflow/dag_bundles/my-git-repo/tracking_repo/dbt_project does not have {'dependencies.yml', 'packages.yml'}","logger":"cosmos.dbt.project","filename":"project.py","lineno":40}
{"timestamp":"2026-06-29T06:56:49.140331Z","level":"info","event":"Project /tmp/airflow/dag_bundles/my-git-repo/tracking_repo/dbt_project does not have {'dependencies.yml', 'packages.yml'}","logger":"cosmos.dbt.project","filename":"project.py","lineno":40}
{"timestamp":"2026-06-29T06:56:49.140566Z","level":"info","event":"Cosmos performance (get_games_metadata__dbt_transform) - [d2f09bca74c9|4893]: It took 0.00281s to build the Airflow DAG.","logger":"cosmos.converter","filename":"converter.py","lineno":387}
{"timestamp":"2026-06-29T06:56:49.140602Z","level":"info","event":"::endgroup::Cosmos DAG parsing logs","logger":"cosmos.converter","filename":"converter.py","lineno":390}
{"timestamp":"2026-06-29T06:57:20.864435Z","level":"info","event":"Filling up the DagBag from /tmp/airflow/dag_bundles/my-git-repo/tracking_repo/airflow-dags/steam/DAG_steam_api.py","logger":"airflow.models.dagbag.DagBag","filename":"dagbag.py","lineno":593}
{"timestamp":"2026-06-29T06:57:21.324134Z","level":"info","event":"Project /tmp/airflow/dag_bundles/my-git-repo/tracking_repo/dbt_project does not have {'dependencies.yml', 'packages.yml'}","logger":"cosmos.dbt.project","filename":"project.py","lineno":40}
{"timestamp":"2026-06-29T06:57:21.324724Z","level":"info","event":"::group::Cosmos DAG parsing logs","logger":"cosmos.converter","filename":"converter.py","lineno":293}
{"timestamp":"2026-06-29T06:57:21.324968Z","level":"info","event":"Trying to parse the dbt project using dbt ls cache cosmos_cache__get_games_metadata__dbt_transform...","logger":"cosmos.dbt.graph","filename":"graph.py","lineno":781}
{"timestamp":"2026-06-29T06:57:21.331702Z","level":"info","event":"Cosmos performance: time to calculate cache identifier cosmos_cache__get_games_metadata__dbt_transform for current version: 0.0003967910015489906","logger":"cosmos.cache","filename":"cache.py","lineno":333}
{"timestamp":"2026-06-29T06:57:21.331769Z","level":"info","event":"Cosmos performance [d2f09bca74c9|4921]: The cache size for cosmos_cache__get_games_metadata__dbt_transform is 5873","logger":"cosmos.dbt.graph","filename":"graph.py","lineno":798}
{"timestamp":"2026-06-29T06:57:21.331946Z","level":"info","event":"Cosmos performance: Cache hit for cosmos_cache__get_games_metadata__dbt_transform - 5d5dc19a4d21d68d9e2dd97b4b147311,84441d245827577361e239eef1354057","logger":"cosmos.dbt.graph","filename":"graph.py","lineno":806}
{"timestamp":"2026-06-29T06:57:21.332147Z","level":"info","event":"Total nodes: 6","logger":"cosmos.dbt.graph","filename":"graph.py","lineno":711}
{"timestamp":"2026-06-29T06:57:21.332185Z","level":"info","event":"Total filtered nodes: 6","logger":"cosmos.dbt.graph","filename":"graph.py","lineno":712}
{"timestamp":"2026-06-29T06:57:21.332226Z","level":"info","event":"Cosmos performance (get_games_metadata__dbt_transform) -  [d2f09bca74c9|4921]: It took 0.00727s to parse the dbt project for DAG using LoadMode.DBT_LS_CACHE","logger":"cosmos.converter","filename":"converter.py","lineno":340}
{"timestamp":"2026-06-29T06:57:21.332465Z","level":"info","event":"Project /tmp/airflow/dag_bundles/my-git-repo/tracking_repo/dbt_project does not have {'dependencies.yml', 'packages.yml'}","logger":"cosmos.dbt.project","filename":"project.py","lineno":40}
{"timestamp":"2026-06-29T06:57:21.332848Z","level":"info","event":"Project /tmp/airflow/dag_bundles/my-git-repo/tracking_repo/dbt_project does not have {'dependencies.yml', 'packages.yml'}","logger":"cosmos.dbt.project","filename":"project.py","lineno":40}
{"timestamp":"2026-06-29T06:57:21.333282Z","level":"info","event":"Project /tmp/airflow/dag_bundles/my-git-repo/tracking_repo/dbt_project does not have {'dependencies.yml', 'packages.yml'}","logger":"cosmos.dbt.project","filename":"project.py","lineno":40}
{"timestamp":"2026-06-29T06:57:21.333670Z","level":"info","event":"Project /tmp/airflow/dag_bundles/my-git-repo/tracking_repo/dbt_project does not have {'dependencies.yml', 'packages.yml'}","logger":"cosmos.dbt.project","filename":"project.py","lineno":40}
{"timestamp":"2026-06-29T06:57:21.334040Z","level":"info","event":"Project /tmp/airflow/dag_bundles/my-git-repo/tracking_repo/dbt_project does not have {'dependencies.yml', 'packages.yml'}","logger":"cosmos.dbt.project","filename":"project.py","lineno":40}
{"timestamp":"2026-06-29T06:57:21.334390Z","level":"info","event":"Project /tmp/airflow/dag_bundles/my-git-repo/tracking_repo/dbt_project does not have {'dependencies.yml', 'packages.yml'}","logger":"cosmos.dbt.project","filename":"project.py","lineno":40}
{"timestamp":"2026-06-29T06:57:21.335652Z","level":"info","event":"Project /tmp/airflow/dag_bundles/my-git-repo/tracking_repo/dbt_project does not have {'dependencies.yml', 'packages.yml'}","logger":"cosmos.dbt.project","filename":"project.py","lineno":40}
{"timestamp":"2026-06-29T06:57:21.335899Z","level":"info","event":"Cosmos performance (get_games_metadata__dbt_transform) - [d2f09bca74c9|4921]: It took 0.00367s to build the Airflow DAG.","logger":"cosmos.converter","filename":"converter.py","lineno":387}
{"timestamp":"2026-06-29T06:57:21.335940Z","level":"info","event":"::endgroup::Cosmos DAG parsing logs","logger":"cosmos.converter","filename":"converter.py","lineno":390}
{"timestamp":"2026-06-29T06:57:52.027363Z","level":"info","event":"Filling up the DagBag from /tmp/airflow/dag_bundles/my-git-repo/tracking_repo/airflow-dags/steam/DAG_steam_api.py","logger":"airflow.models.dagbag.DagBag","filename":"dagbag.py","lineno":593}
{"timestamp":"2026-06-29T06:57:52.555157Z","level":"info","event":"Project /tmp/airflow/dag_bundles/my-git-repo/tracking_repo/dbt_project does not have {'dependencies.yml', 'packages.yml'}","logger":"cosmos.dbt.project","filename":"project.py","lineno":40}
{"timestamp":"2026-06-29T06:57:52.555880Z","level":"info","event":"::group::Cosmos DAG parsing logs","logger":"cosmos.converter","filename":"converter.py","lineno":293}
{"timestamp":"2026-06-29T06:57:52.556175Z","level":"info","event":"Trying to parse the dbt project using dbt ls cache cosmos_cache__get_games_metadata__dbt_transform...","logger":"cosmos.dbt.graph","filename":"graph.py","lineno":781}
{"timestamp":"2026-06-29T06:57:52.563167Z","level":"info","event":"Cosmos performance: time to calculate cache identifier cosmos_cache__get_games_metadata__dbt_transform for current version: 0.0004067920017405413","logger":"cosmos.cache","filename":"cache.py","lineno":333}
{"timestamp":"2026-06-29T06:57:52.563234Z","level":"info","event":"Cosmos performance [d2f09bca74c9|4964]: The cache size for cosmos_cache__get_games_metadata__dbt_transform is 5873","logger":"cosmos.dbt.graph","filename":"graph.py","lineno":798}
{"timestamp":"2026-06-29T06:57:52.563391Z","level":"info","event":"Cosmos performance: Cache hit for cosmos_cache__get_games_metadata__dbt_transform - 5d5dc19a4d21d68d9e2dd97b4b147311,84441d245827577361e239eef1354057","logger":"cosmos.dbt.graph","filename":"graph.py","lineno":806}
{"timestamp":"2026-06-29T06:57:52.563596Z","level":"info","event":"Total nodes: 6","logger":"cosmos.dbt.graph","filename":"graph.py","lineno":711}
{"timestamp":"2026-06-29T06:57:52.563637Z","level":"info","event":"Total filtered nodes: 6","logger":"cosmos.dbt.graph","filename":"graph.py","lineno":712}
{"timestamp":"2026-06-29T06:57:52.563675Z","level":"info","event":"Cosmos performance (get_games_metadata__dbt_transform) -  [d2f09bca74c9|4964]: It took 0.00752s to parse the dbt project for DAG using LoadMode.DBT_LS_CACHE","logger":"cosmos.converter","filename":"converter.py","lineno":340}
{"timestamp":"2026-06-29T06:57:52.563934Z","level":"info","event":"Project /tmp/airflow/dag_bundles/my-git-repo/tracking_repo/dbt_project does not have {'dependencies.yml', 'packages.yml'}","logger":"cosmos.dbt.project","filename":"project.py","lineno":40}
{"timestamp":"2026-06-29T06:57:52.564361Z","level":"info","event":"Project /tmp/airflow/dag_bundles/my-git-repo/tracking_repo/dbt_project does not have {'dependencies.yml', 'packages.yml'}","logger":"cosmos.dbt.project","filename":"project.py","lineno":40}
{"timestamp":"2026-06-29T06:57:52.564782Z","level":"info","event":"Project /tmp/airflow/dag_bundles/my-git-repo/tracking_repo/dbt_project does not have {'dependencies.yml', 'packages.yml'}","logger":"cosmos.dbt.project","filename":"project.py","lineno":40}
{"timestamp":"2026-06-29T06:57:52.565168Z","level":"info","event":"Project /tmp/airflow/dag_bundles/my-git-repo/tracking_repo/dbt_project does not have {'dependencies.yml', 'packages.yml'}","logger":"cosmos.dbt.project","filename":"project.py","lineno":40}
{"timestamp":"2026-06-29T06:57:52.565537Z","level":"info","event":"Project /tmp/airflow/dag_bundles/my-git-repo/tracking_repo/dbt_project does not have {'dependencies.yml', 'packages.yml'}","logger":"cosmos.dbt.project","filename":"project.py","lineno":40}
{"timestamp":"2026-06-29T06:57:52.565879Z","level":"info","event":"Project /tmp/airflow/dag_bundles/my-git-repo/tracking_repo/dbt_project does not have {'dependencies.yml', 'packages.yml'}","logger":"cosmos.dbt.project","filename":"project.py","lineno":40}
{"timestamp":"2026-06-29T06:57:52.566326Z","level":"info","event":"Project /tmp/airflow/dag_bundles/my-git-repo/tracking_repo/dbt_project does not have {'dependencies.yml', 'packages.yml'}","logger":"cosmos.dbt.project","filename":"project.py","lineno":40}
{"timestamp":"2026-06-29T06:57:52.566562Z","level":"info","event":"Cosmos performance (get_games_metadata__dbt_transform) - [d2f09bca74c9|4964]: It took 0.00289s to build the Airflow DAG.","logger":"cosmos.converter","filename":"converter.py","lineno":387}
{"timestamp":"2026-06-29T06:57:52.566591Z","level":"info","event":"::endgroup::Cosmos DAG parsing logs","logger":"cosmos.converter","filename":"converter.py","lineno":390}
{"timestamp":"2026-06-29T06:58:23.415882Z","level":"info","event":"Filling up the DagBag from /tmp/airflow/dag_bundles/my-git-repo/tracking_repo/airflow-dags/steam/DAG_steam_api.py","logger":"airflow.models.dagbag.DagBag","filename":"dagbag.py","lineno":593}
{"timestamp":"2026-06-29T06:58:23.828306Z","level":"info","event":"Project /tmp/airflow/dag_bundles/my-git-repo/tracking_repo/dbt_project does not have {'dependencies.yml', 'packages.yml'}","logger":"cosmos.dbt.project","filename":"project.py","lineno":40}
{"timestamp":"2026-06-29T06:58:23.828953Z","level":"info","event":"::group::Cosmos DAG parsing logs","logger":"cosmos.converter","filename":"converter.py","lineno":293}
{"timestamp":"2026-06-29T06:58:23.829235Z","level":"info","event":"Trying to parse the dbt project using dbt ls cache cosmos_cache__get_games_metadata__dbt_transform...","logger":"cosmos.dbt.graph","filename":"graph.py","lineno":781}
{"timestamp":"2026-06-29T06:58:23.835540Z","level":"info","event":"Cosmos performance: time to calculate cache identifier cosmos_cache__get_games_metadata__dbt_transform for current version: 0.0003873750029015355","logger":"cosmos.cache","filename":"cache.py","lineno":333}
{"timestamp":"2026-06-29T06:58:23.835599Z","level":"info","event":"Cosmos performance [d2f09bca74c9|4991]: The cache size for cosmos_cache__get_games_metadata__dbt_transform is 5873","logger":"cosmos.dbt.graph","filename":"graph.py","lineno":798}
{"timestamp":"2026-06-29T06:58:23.835765Z","level":"info","event":"Cosmos performance: Cache hit for cosmos_cache__get_games_metadata__dbt_transform - 5d5dc19a4d21d68d9e2dd97b4b147311,84441d245827577361e239eef1354057","logger":"cosmos.dbt.graph","filename":"graph.py","lineno":806}
{"timestamp":"2026-06-29T06:58:23.835940Z","level":"info","event":"Total nodes: 6","logger":"cosmos.dbt.graph","filename":"graph.py","lineno":711}
{"timestamp":"2026-06-29T06:58:23.835977Z","level":"info","event":"Total filtered nodes: 6","logger":"cosmos.dbt.graph","filename":"graph.py","lineno":712}
{"timestamp":"2026-06-29T06:58:23.836020Z","level":"info","event":"Cosmos performance (get_games_metadata__dbt_transform) -  [d2f09bca74c9|4991]: It took 0.00681s to parse the dbt project for DAG using LoadMode.DBT_LS_CACHE","logger":"cosmos.converter","filename":"converter.py","lineno":340}
{"timestamp":"2026-06-29T06:58:23.836273Z","level":"info","event":"Project /tmp/airflow/dag_bundles/my-git-repo/tracking_repo/dbt_project does not have {'dependencies.yml', 'packages.yml'}","logger":"cosmos.dbt.project","filename":"project.py","lineno":40}
{"timestamp":"2026-06-29T06:58:23.836662Z","level":"info","event":"Project /tmp/airflow/dag_bundles/my-git-repo/tracking_repo/dbt_project does not have {'dependencies.yml', 'packages.yml'}","logger":"cosmos.dbt.project","filename":"project.py","lineno":40}
{"timestamp":"2026-06-29T06:58:23.837072Z","level":"info","event":"Project /tmp/airflow/dag_bundles/my-git-repo/tracking_repo/dbt_project does not have {'dependencies.yml', 'packages.yml'}","logger":"cosmos.dbt.project","filename":"project.py","lineno":40}
{"timestamp":"2026-06-29T06:58:23.837488Z","level":"info","event":"Project /tmp/airflow/dag_bundles/my-git-repo/tracking_repo/dbt_project does not have {'dependencies.yml', 'packages.yml'}","logger":"cosmos.dbt.project","filename":"project.py","lineno":40}
{"timestamp":"2026-06-29T06:58:23.837851Z","level":"info","event":"Project /tmp/airflow/dag_bundles/my-git-repo/tracking_repo/dbt_project does not have {'dependencies.yml', 'packages.yml'}","logger":"cosmos.dbt.project","filename":"project.py","lineno":40}
{"timestamp":"2026-06-29T06:58:23.838192Z","level":"info","event":"Project /tmp/airflow/dag_bundles/my-git-repo/tracking_repo/dbt_project does not have {'dependencies.yml', 'packages.yml'}","logger":"cosmos.dbt.project","filename":"project.py","lineno":40}
{"timestamp":"2026-06-29T06:58:23.838548Z","level":"info","event":"Project /tmp/airflow/dag_bundles/my-git-repo/tracking_repo/dbt_project does not have {'dependencies.yml', 'packages.yml'}","logger":"cosmos.dbt.project","filename":"project.py","lineno":40}
{"timestamp":"2026-06-29T06:58:23.838787Z","level":"info","event":"Cosmos performance (get_games_metadata__dbt_transform) - [d2f09bca74c9|4991]: It took 0.00277s to build the Airflow DAG.","logger":"cosmos.converter","filename":"converter.py","lineno":387}
{"timestamp":"2026-06-29T06:58:23.838824Z","level":"info","event":"::endgroup::Cosmos DAG parsing logs","logger":"cosmos.converter","filename":"converter.py","lineno":390}
{"timestamp":"2026-06-29T06:58:54.762578Z","level":"info","event":"Filling up the DagBag from /tmp/airflow/dag_bundles/my-git-repo/tracking_repo/airflow-dags/steam/DAG_steam_api.py","logger":"airflow.models.dagbag.DagBag","filename":"dagbag.py","lineno":593}
{"timestamp":"2026-06-29T06:58:55.354950Z","level":"info","event":"Project /tmp/airflow/dag_bundles/my-git-repo/tracking_repo/dbt_project does not have {'dependencies.yml', 'packages.yml'}","logger":"cosmos.dbt.project","filename":"project.py","lineno":40}
{"timestamp":"2026-06-29T06:58:55.355765Z","level":"info","event":"::group::Cosmos DAG parsing logs","logger":"cosmos.converter","filename":"converter.py","lineno":293}
{"timestamp":"2026-06-29T06:58:55.356077Z","level":"info","event":"Trying to parse the dbt project using dbt ls cache cosmos_cache__get_games_metadata__dbt_transform...","logger":"cosmos.dbt.graph","filename":"graph.py","lineno":781}
{"timestamp":"2026-06-29T06:58:55.366136Z","level":"info","event":"Cosmos performance: time to calculate cache identifier cosmos_cache__get_games_metadata__dbt_transform for current version: 0.0004572079997160472","logger":"cosmos.cache","filename":"cache.py","lineno":333}
{"timestamp":"2026-06-29T06:58:55.366206Z","level":"info","event":"Cosmos performance [d2f09bca74c9|5018]: The cache size for cosmos_cache__get_games_metadata__dbt_transform is 5873","logger":"cosmos.dbt.graph","filename":"graph.py","lineno":798}
{"timestamp":"2026-06-29T06:58:55.366376Z","level":"info","event":"Cosmos performance: Cache hit for cosmos_cache__get_games_metadata__dbt_transform - 5d5dc19a4d21d68d9e2dd97b4b147311,84441d245827577361e239eef1354057","logger":"cosmos.dbt.graph","filename":"graph.py","lineno":806}
{"timestamp":"2026-06-29T06:58:55.366574Z","level":"info","event":"Total nodes: 6","logger":"cosmos.dbt.graph","filename":"graph.py","lineno":711}
{"timestamp":"2026-06-29T06:58:55.366613Z","level":"info","event":"Total filtered nodes: 6","logger":"cosmos.dbt.graph","filename":"graph.py","lineno":712}
{"timestamp":"2026-06-29T06:58:55.366660Z","level":"info","event":"Cosmos performance (get_games_metadata__dbt_transform) -  [d2f09bca74c9|5018]: It took 0.0106s to parse the dbt project for DAG using LoadMode.DBT_LS_CACHE","logger":"cosmos.converter","filename":"converter.py","lineno":340}
{"timestamp":"2026-06-29T06:58:55.366899Z","level":"info","event":"Project /tmp/airflow/dag_bundles/my-git-repo/tracking_repo/dbt_project does not have {'dependencies.yml', 'packages.yml'}","logger":"cosmos.dbt.project","filename":"project.py","lineno":40}
{"timestamp":"2026-06-29T06:58:55.367293Z","level":"info","event":"Project /tmp/airflow/dag_bundles/my-git-repo/tracking_repo/dbt_project does not have {'dependencies.yml', 'packages.yml'}","logger":"cosmos.dbt.project","filename":"project.py","lineno":40}
{"timestamp":"2026-06-29T06:58:55.367744Z","level":"info","event":"Project /tmp/airflow/dag_bundles/my-git-repo/tracking_repo/dbt_project does not have {'dependencies.yml', 'packages.yml'}","logger":"cosmos.dbt.project","filename":"project.py","lineno":40}
{"timestamp":"2026-06-29T06:58:55.368129Z","level":"info","event":"Project /tmp/airflow/dag_bundles/my-git-repo/tracking_repo/dbt_project does not have {'dependencies.yml', 'packages.yml'}","logger":"cosmos.dbt.project","filename":"project.py","lineno":40}
{"timestamp":"2026-06-29T06:58:55.368506Z","level":"info","event":"Project /tmp/airflow/dag_bundles/my-git-repo/tracking_repo/dbt_project does not have {'dependencies.yml', 'packages.yml'}","logger":"cosmos.dbt.project","filename":"project.py","lineno":40}
{"timestamp":"2026-06-29T06:58:55.368880Z","level":"info","event":"Project /tmp/airflow/dag_bundles/my-git-repo/tracking_repo/dbt_project does not have {'dependencies.yml', 'packages.yml'}","logger":"cosmos.dbt.project","filename":"project.py","lineno":40}
{"timestamp":"2026-06-29T06:58:55.369304Z","level":"info","event":"Project /tmp/airflow/dag_bundles/my-git-repo/tracking_repo/dbt_project does not have {'dependencies.yml', 'packages.yml'}","logger":"cosmos.dbt.project","filename":"project.py","lineno":40}
{"timestamp":"2026-06-29T06:58:55.369516Z","level":"info","event":"Cosmos performance (get_games_metadata__dbt_transform) - [d2f09bca74c9|5018]: It took 0.00286s to build the Airflow DAG.","logger":"cosmos.converter","filename":"converter.py","lineno":387}
{"timestamp":"2026-06-29T06:58:55.369550Z","level":"info","event":"::endgroup::Cosmos DAG parsing logs","logger":"cosmos.converter","filename":"converter.py","lineno":390}
{"timestamp":"2026-06-29T06:59:26.208993Z","level":"info","event":"Filling up the DagBag from /tmp/airflow/dag_bundles/my-git-repo/tracking_repo/airflow-dags/steam/DAG_steam_api.py","logger":"airflow.models.dagbag.DagBag","filename":"dagbag.py","lineno":593}
{"timestamp":"2026-06-29T06:59:26.750163Z","level":"info","event":"Project /tmp/airflow/dag_bundles/my-git-repo/tracking_repo/dbt_project does not have {'dependencies.yml', 'packages.yml'}","logger":"cosmos.dbt.project","filename":"project.py","lineno":40}
{"timestamp":"2026-06-29T06:59:26.751048Z","level":"info","event":"::group::Cosmos DAG parsing logs","logger":"cosmos.converter","filename":"converter.py","lineno":293}
{"timestamp":"2026-06-29T06:59:26.751477Z","level":"info","event":"Trying to parse the dbt project using dbt ls cache cosmos_cache__get_games_metadata__dbt_transform...","logger":"cosmos.dbt.graph","filename":"graph.py","lineno":781}
{"timestamp":"2026-06-29T06:59:26.779057Z","level":"info","event":"Cosmos performance: time to calculate cache identifier cosmos_cache__get_games_metadata__dbt_transform for current version: 0.0006400409984053113","logger":"cosmos.cache","filename":"cache.py","lineno":333}
{"timestamp":"2026-06-29T06:59:26.779143Z","level":"info","event":"Cosmos performance [d2f09bca74c9|5046]: The cache size for cosmos_cache__get_games_metadata__dbt_transform is 5873","logger":"cosmos.dbt.graph","filename":"graph.py","lineno":798}
{"timestamp":"2026-06-29T06:59:26.779328Z","level":"info","event":"Cosmos performance: Cache hit for cosmos_cache__get_games_metadata__dbt_transform - 5d5dc19a4d21d68d9e2dd97b4b147311,84441d245827577361e239eef1354057","logger":"cosmos.dbt.graph","filename":"graph.py","lineno":806}
{"timestamp":"2026-06-29T06:59:26.779661Z","level":"info","event":"Total nodes: 6","logger":"cosmos.dbt.graph","filename":"graph.py","lineno":711}
{"timestamp":"2026-06-29T06:59:26.779702Z","level":"info","event":"Total filtered nodes: 6","logger":"cosmos.dbt.graph","filename":"graph.py","lineno":712}
{"timestamp":"2026-06-29T06:59:26.779751Z","level":"info","event":"Cosmos performance (get_games_metadata__dbt_transform) -  [d2f09bca74c9|5046]: It took 0.0283s to parse the dbt project for DAG using LoadMode.DBT_LS_CACHE","logger":"cosmos.converter","filename":"converter.py","lineno":340}
{"timestamp":"2026-06-29T06:59:26.780045Z","level":"info","event":"Project /tmp/airflow/dag_bundles/my-git-repo/tracking_repo/dbt_project does not have {'dependencies.yml', 'packages.yml'}","logger":"cosmos.dbt.project","filename":"project.py","lineno":40}
{"timestamp":"2026-06-29T06:59:26.780514Z","level":"info","event":"Project /tmp/airflow/dag_bundles/my-git-repo/tracking_repo/dbt_project does not have {'dependencies.yml', 'packages.yml'}","logger":"cosmos.dbt.project","filename":"project.py","lineno":40}
{"timestamp":"2026-06-29T06:59:26.780980Z","level":"info","event":"Project /tmp/airflow/dag_bundles/my-git-repo/tracking_repo/dbt_project does not have {'dependencies.yml', 'packages.yml'}","logger":"cosmos.dbt.project","filename":"project.py","lineno":40}
{"timestamp":"2026-06-29T06:59:26.781382Z","level":"info","event":"Project /tmp/airflow/dag_bundles/my-git-repo/tracking_repo/dbt_project does not have {'dependencies.yml', 'packages.yml'}","logger":"cosmos.dbt.project","filename":"project.py","lineno":40}
{"timestamp":"2026-06-29T06:59:26.781762Z","level":"info","event":"Project /tmp/airflow/dag_bundles/my-git-repo/tracking_repo/dbt_project does not have {'dependencies.yml', 'packages.yml'}","logger":"cosmos.dbt.project","filename":"project.py","lineno":40}
{"timestamp":"2026-06-29T06:59:26.782124Z","level":"info","event":"Project /tmp/airflow/dag_bundles/my-git-repo/tracking_repo/dbt_project does not have {'dependencies.yml', 'packages.yml'}","logger":"cosmos.dbt.project","filename":"project.py","lineno":40}
{"timestamp":"2026-06-29T06:59:26.782568Z","level":"info","event":"Project /tmp/airflow/dag_bundles/my-git-repo/tracking_repo/dbt_project does not have {'dependencies.yml', 'packages.yml'}","logger":"cosmos.dbt.project","filename":"project.py","lineno":40}
{"timestamp":"2026-06-29T06:59:26.782894Z","level":"info","event":"Cosmos performance (get_games_metadata__dbt_transform) - [d2f09bca74c9|5046]: It took 0.00314s to build the Airflow DAG.","logger":"cosmos.converter","filename":"converter.py","lineno":387}
{"timestamp":"2026-06-29T06:59:26.782934Z","level":"info","event":"::endgroup::Cosmos DAG parsing logs","logger":"cosmos.converter","filename":"converter.py","lineno":390}
{"timestamp":"2026-06-29T06:59:57.291969Z","level":"info","event":"Filling up the DagBag from /tmp/airflow/dag_bundles/my-git-repo/tracking_repo/airflow-dags/steam/DAG_steam_api.py","logger":"airflow.models.dagbag.DagBag","filename":"dagbag.py","lineno":593}
{"timestamp":"2026-06-29T06:59:57.860790Z","level":"info","event":"Project /tmp/airflow/dag_bundles/my-git-repo/tracking_repo/dbt_project does not have {'dependencies.yml', 'packages.yml'}","logger":"cosmos.dbt.project","filename":"project.py","lineno":40}
{"timestamp":"2026-06-29T06:59:57.862082Z","level":"info","event":"::group::Cosmos DAG parsing logs","logger":"cosmos.converter","filename":"converter.py","lineno":293}
{"timestamp":"2026-06-29T06:59:57.862684Z","level":"info","event":"Trying to parse the dbt project using dbt ls cache cosmos_cache__get_games_metadata__dbt_transform...","logger":"cosmos.dbt.graph","filename":"graph.py","lineno":781}
{"timestamp":"2026-06-29T06:59:57.878831Z","level":"info","event":"Cosmos performance: time to calculate cache identifier cosmos_cache__get_games_metadata__dbt_transform for current version: 0.00048508299369132146","logger":"cosmos.cache","filename":"cache.py","lineno":333}
{"timestamp":"2026-06-29T06:59:57.878916Z","level":"info","event":"Cosmos performance [d2f09bca74c9|5088]: The cache size for cosmos_cache__get_games_metadata__dbt_transform is 5873","logger":"cosmos.dbt.graph","filename":"graph.py","lineno":798}
{"timestamp":"2026-06-29T06:59:57.879125Z","level":"info","event":"Cosmos performance: Cache hit for cosmos_cache__get_games_metadata__dbt_transform - 5d5dc19a4d21d68d9e2dd97b4b147311,84441d245827577361e239eef1354057","logger":"cosmos.dbt.graph","filename":"graph.py","lineno":806}
{"timestamp":"2026-06-29T06:59:57.879388Z","level":"info","event":"Total nodes: 6","logger":"cosmos.dbt.graph","filename":"graph.py","lineno":711}
{"timestamp":"2026-06-29T06:59:57.879426Z","level":"info","event":"Total filtered nodes: 6","logger":"cosmos.dbt.graph","filename":"graph.py","lineno":712}
{"timestamp":"2026-06-29T06:59:57.879468Z","level":"info","event":"Cosmos performance (get_games_metadata__dbt_transform) -  [d2f09bca74c9|5088]: It took 0.0169s to parse the dbt project for DAG using LoadMode.DBT_LS_CACHE","logger":"cosmos.converter","filename":"converter.py","lineno":340}
{"timestamp":"2026-06-29T06:59:57.879729Z","level":"info","event":"Project /tmp/airflow/dag_bundles/my-git-repo/tracking_repo/dbt_project does not have {'dependencies.yml', 'packages.yml'}","logger":"cosmos.dbt.project","filename":"project.py","lineno":40}
{"timestamp":"2026-06-29T06:59:57.880141Z","level":"info","event":"Project /tmp/airflow/dag_bundles/my-git-repo/tracking_repo/dbt_project does not have {'dependencies.yml', 'packages.yml'}","logger":"cosmos.dbt.project","filename":"project.py","lineno":40}
{"timestamp":"2026-06-29T06:59:57.880579Z","level":"info","event":"Project /tmp/airflow/dag_bundles/my-git-repo/tracking_repo/dbt_project does not have {'dependencies.yml', 'packages.yml'}","logger":"cosmos.dbt.project","filename":"project.py","lineno":40}
{"timestamp":"2026-06-29T06:59:57.880968Z","level":"info","event":"Project /tmp/airflow/dag_bundles/my-git-repo/tracking_repo/dbt_project does not have {'dependencies.yml', 'packages.yml'}","logger":"cosmos.dbt.project","filename":"project.py","lineno":40}
{"timestamp":"2026-06-29T06:59:57.881329Z","level":"info","event":"Project /tmp/airflow/dag_bundles/my-git-repo/tracking_repo/dbt_project does not have {'dependencies.yml', 'packages.yml'}","logger":"cosmos.dbt.project","filename":"project.py","lineno":40}
{"timestamp":"2026-06-29T06:59:57.881691Z","level":"info","event":"Project /tmp/airflow/dag_bundles/my-git-repo/tracking_repo/dbt_project does not have {'dependencies.yml', 'packages.yml'}","logger":"cosmos.dbt.project","filename":"project.py","lineno":40}
{"timestamp":"2026-06-29T06:59:57.882154Z","level":"info","event":"Project /tmp/airflow/dag_bundles/my-git-repo/tracking_repo/dbt_project does not have {'dependencies.yml', 'packages.yml'}","logger":"cosmos.dbt.project","filename":"project.py","lineno":40}
{"timestamp":"2026-06-29T06:59:57.882436Z","level":"info","event":"Cosmos performance (get_games_metadata__dbt_transform) - [d2f09bca74c9|5088]: It took 0.00297s to build the Airflow DAG.","logger":"cosmos.converter","filename":"converter.py","lineno":387}
{"timestamp":"2026-06-29T06:59:57.882469Z","level":"info","event":"::endgroup::Cosmos DAG parsing logs","logger":"cosmos.converter","filename":"converter.py","lineno":390}
{"timestamp":"2026-06-29T07:00:28.692778Z","level":"info","event":"Filling up the DagBag from /tmp/airflow/dag_bundles/my-git-repo/tracking_repo/airflow-dags/steam/DAG_steam_api.py","logger":"airflow.models.dagbag.DagBag","filename":"dagbag.py","lineno":593}
{"timestamp":"2026-06-29T07:00:29.352749Z","level":"info","event":"Project /tmp/airflow/dag_bundles/my-git-repo/tracking_repo/dbt_project does not have {'dependencies.yml', 'packages.yml'}","logger":"cosmos.dbt.project","filename":"project.py","lineno":40}
{"timestamp":"2026-06-29T07:00:29.353786Z","level":"info","event":"::group::Cosmos DAG parsing logs","logger":"cosmos.converter","filename":"converter.py","lineno":293}
{"timestamp":"2026-06-29T07:00:29.354158Z","level":"info","event":"Trying to parse the dbt project using dbt ls cache cosmos_cache__get_games_metadata__dbt_transform...","logger":"cosmos.dbt.graph","filename":"graph.py","lineno":781}
{"timestamp":"2026-06-29T07:00:29.374177Z","level":"info","event":"Cosmos performance: time to calculate cache identifier cosmos_cache__get_games_metadata__dbt_transform for current version: 0.0010542910022195429","logger":"cosmos.cache","filename":"cache.py","lineno":333}
{"timestamp":"2026-06-29T07:00:29.374280Z","level":"info","event":"Cosmos performance [d2f09bca74c9|5109]: The cache size for cosmos_cache__get_games_metadata__dbt_transform is 5873","logger":"cosmos.dbt.graph","filename":"graph.py","lineno":798}
{"timestamp":"2026-06-29T07:00:29.374516Z","level":"info","event":"Cosmos performance: Cache hit for cosmos_cache__get_games_metadata__dbt_transform - 5d5dc19a4d21d68d9e2dd97b4b147311,84441d245827577361e239eef1354057","logger":"cosmos.dbt.graph","filename":"graph.py","lineno":806}
{"timestamp":"2026-06-29T07:00:29.375075Z","level":"info","event":"Total nodes: 6","logger":"cosmos.dbt.graph","filename":"graph.py","lineno":711}
{"timestamp":"2026-06-29T07:00:29.375247Z","level":"info","event":"Total filtered nodes: 6","logger":"cosmos.dbt.graph","filename":"graph.py","lineno":712}
{"timestamp":"2026-06-29T07:00:29.375398Z","level":"info","event":"Cosmos performance (get_games_metadata__dbt_transform) -  [d2f09bca74c9|5109]: It took 0.0212s to parse the dbt project for DAG using LoadMode.DBT_LS_CACHE","logger":"cosmos.converter","filename":"converter.py","lineno":340}
{"timestamp":"2026-06-29T07:00:29.375931Z","level":"info","event":"Project /tmp/airflow/dag_bundles/my-git-repo/tracking_repo/dbt_project does not have {'dependencies.yml', 'packages.yml'}","logger":"cosmos.dbt.project","filename":"project.py","lineno":40}
{"timestamp":"2026-06-29T07:00:29.376610Z","level":"info","event":"Project /tmp/airflow/dag_bundles/my-git-repo/tracking_repo/dbt_project does not have {'dependencies.yml', 'packages.yml'}","logger":"cosmos.dbt.project","filename":"project.py","lineno":40}
{"timestamp":"2026-06-29T07:00:29.378252Z","level":"info","event":"Project /tmp/airflow/dag_bundles/my-git-repo/tracking_repo/dbt_project does not have {'dependencies.yml', 'packages.yml'}","logger":"cosmos.dbt.project","filename":"project.py","lineno":40}
{"timestamp":"2026-06-29T07:00:29.378863Z","level":"info","event":"Project /tmp/airflow/dag_bundles/my-git-repo/tracking_repo/dbt_project does not have {'dependencies.yml', 'packages.yml'}","logger":"cosmos.dbt.project","filename":"project.py","lineno":40}
{"timestamp":"2026-06-29T07:00:29.379307Z","level":"info","event":"Project /tmp/airflow/dag_bundles/my-git-repo/tracking_repo/dbt_project does not have {'dependencies.yml', 'packages.yml'}","logger":"cosmos.dbt.project","filename":"project.py","lineno":40}
{"timestamp":"2026-06-29T07:00:29.380036Z","level":"info","event":"Project /tmp/airflow/dag_bundles/my-git-repo/tracking_repo/dbt_project does not have {'dependencies.yml', 'packages.yml'}","logger":"cosmos.dbt.project","filename":"project.py","lineno":40}
{"timestamp":"2026-06-29T07:00:29.380579Z","level":"info","event":"Project /tmp/airflow/dag_bundles/my-git-repo/tracking_repo/dbt_project does not have {'dependencies.yml', 'packages.yml'}","logger":"cosmos.dbt.project","filename":"project.py","lineno":40}
{"timestamp":"2026-06-29T07:00:29.380893Z","level":"info","event":"Cosmos performance (get_games_metadata__dbt_transform) - [d2f09bca74c9|5109]: It took 0.00551s to build the Airflow DAG.","logger":"cosmos.converter","filename":"converter.py","lineno":387}
{"timestamp":"2026-06-29T07:00:29.380931Z","level":"info","event":"::endgroup::Cosmos DAG parsing logs","logger":"cosmos.converter","filename":"converter.py","lineno":390}
{"timestamp":"2026-06-29T07:01:00.218799Z","level":"info","event":"Filling up the DagBag from /tmp/airflow/dag_bundles/my-git-repo/tracking_repo/airflow-dags/steam/DAG_steam_api.py","logger":"airflow.models.dagbag.DagBag","filename":"dagbag.py","lineno":593}
{"timestamp":"2026-06-29T07:01:00.621347Z","level":"info","event":"Project /tmp/airflow/dag_bundles/my-git-repo/tracking_repo/dbt_project does not have {'dependencies.yml', 'packages.yml'}","logger":"cosmos.dbt.project","filename":"project.py","lineno":40}
{"timestamp":"2026-06-29T07:01:00.621975Z","level":"info","event":"::group::Cosmos DAG parsing logs","logger":"cosmos.converter","filename":"converter.py","lineno":293}
{"timestamp":"2026-06-29T07:01:00.622248Z","level":"info","event":"Trying to parse the dbt project using dbt ls cache cosmos_cache__get_games_metadata__dbt_transform...","logger":"cosmos.dbt.graph","filename":"graph.py","lineno":781}
{"timestamp":"2026-06-29T07:01:00.628868Z","level":"info","event":"Cosmos performance: time to calculate cache identifier cosmos_cache__get_games_metadata__dbt_transform for current version: 0.00037975000304868445","logger":"cosmos.cache","filename":"cache.py","lineno":333}
{"timestamp":"2026-06-29T07:01:00.628930Z","level":"info","event":"Cosmos performance [d2f09bca74c9|5137]: The cache size for cosmos_cache__get_games_metadata__dbt_transform is 5873","logger":"cosmos.dbt.graph","filename":"graph.py","lineno":798}
{"timestamp":"2026-06-29T07:01:00.629072Z","level":"info","event":"Cosmos performance: Cache hit for cosmos_cache__get_games_metadata__dbt_transform - 5d5dc19a4d21d68d9e2dd97b4b147311,84441d245827577361e239eef1354057","logger":"cosmos.dbt.graph","filename":"graph.py","lineno":806}
{"timestamp":"2026-06-29T07:01:00.629257Z","level":"info","event":"Total nodes: 6","logger":"cosmos.dbt.graph","filename":"graph.py","lineno":711}
{"timestamp":"2026-06-29T07:01:00.629294Z","level":"info","event":"Total filtered nodes: 6","logger":"cosmos.dbt.graph","filename":"graph.py","lineno":712}
{"timestamp":"2026-06-29T07:01:00.629348Z","level":"info","event":"Cosmos performance (get_games_metadata__dbt_transform) -  [d2f09bca74c9|5137]: It took 0.00712s to parse the dbt project for DAG using LoadMode.DBT_LS_CACHE","logger":"cosmos.converter","filename":"converter.py","lineno":340}
{"timestamp":"2026-06-29T07:01:00.629569Z","level":"info","event":"Project /tmp/airflow/dag_bundles/my-git-repo/tracking_repo/dbt_project does not have {'dependencies.yml', 'packages.yml'}","logger":"cosmos.dbt.project","filename":"project.py","lineno":40}
{"timestamp":"2026-06-29T07:01:00.629957Z","level":"info","event":"Project /tmp/airflow/dag_bundles/my-git-repo/tracking_repo/dbt_project does not have {'dependencies.yml', 'packages.yml'}","logger":"cosmos.dbt.project","filename":"project.py","lineno":40}
{"timestamp":"2026-06-29T07:01:00.630383Z","level":"info","event":"Project /tmp/airflow/dag_bundles/my-git-repo/tracking_repo/dbt_project does not have {'dependencies.yml', 'packages.yml'}","logger":"cosmos.dbt.project","filename":"project.py","lineno":40}
{"timestamp":"2026-06-29T07:01:00.630773Z","level":"info","event":"Project /tmp/airflow/dag_bundles/my-git-repo/tracking_repo/dbt_project does not have {'dependencies.yml', 'packages.yml'}","logger":"cosmos.dbt.project","filename":"project.py","lineno":40}
{"timestamp":"2026-06-29T07:01:00.631140Z","level":"info","event":"Project /tmp/airflow/dag_bundles/my-git-repo/tracking_repo/dbt_project does not have {'dependencies.yml', 'packages.yml'}","logger":"cosmos.dbt.project","filename":"project.py","lineno":40}
{"timestamp":"2026-06-29T07:01:00.631502Z","level":"info","event":"Project /tmp/airflow/dag_bundles/my-git-repo/tracking_repo/dbt_project does not have {'dependencies.yml', 'packages.yml'}","logger":"cosmos.dbt.project","filename":"project.py","lineno":40}
{"timestamp":"2026-06-29T07:01:00.631925Z","level":"info","event":"Project /tmp/airflow/dag_bundles/my-git-repo/tracking_repo/dbt_project does not have {'dependencies.yml', 'packages.yml'}","logger":"cosmos.dbt.project","filename":"project.py","lineno":40}
{"timestamp":"2026-06-29T07:01:00.632155Z","level":"info","event":"Cosmos performance (get_games_metadata__dbt_transform) - [d2f09bca74c9|5137]: It took 0.00282s to build the Airflow DAG.","logger":"cosmos.converter","filename":"converter.py","lineno":387}
{"timestamp":"2026-06-29T07:01:00.632184Z","level":"info","event":"::endgroup::Cosmos DAG parsing logs","logger":"cosmos.converter","filename":"converter.py","lineno":390}
{"timestamp":"2026-06-29T07:01:31.455428Z","level":"info","event":"Filling up the DagBag from /tmp/airflow/dag_bundles/my-git-repo/tracking_repo/airflow-dags/steam/DAG_steam_api.py","logger":"airflow.models.dagbag.DagBag","filename":"dagbag.py","lineno":593}
{"timestamp":"2026-06-29T07:01:31.854953Z","level":"info","event":"Project /tmp/airflow/dag_bundles/my-git-repo/tracking_repo/dbt_project does not have {'dependencies.yml', 'packages.yml'}","logger":"cosmos.dbt.project","filename":"project.py","lineno":40}
{"timestamp":"2026-06-29T07:01:31.855548Z","level":"info","event":"::group::Cosmos DAG parsing logs","logger":"cosmos.converter","filename":"converter.py","lineno":293}
{"timestamp":"2026-06-29T07:01:31.855808Z","level":"info","event":"Trying to parse the dbt project using dbt ls cache cosmos_cache__get_games_metadata__dbt_transform...","logger":"cosmos.dbt.graph","filename":"graph.py","lineno":781}
{"timestamp":"2026-06-29T07:01:31.863602Z","level":"info","event":"Cosmos performance: time to calculate cache identifier cosmos_cache__get_games_metadata__dbt_transform for current version: 0.00037570799759123474","logger":"cosmos.cache","filename":"cache.py","lineno":333}
{"timestamp":"2026-06-29T07:01:31.863671Z","level":"info","event":"Cosmos performance [d2f09bca74c9|5165]: The cache size for cosmos_cache__get_games_metadata__dbt_transform is 5873","logger":"cosmos.dbt.graph","filename":"graph.py","lineno":798}
{"timestamp":"2026-06-29T07:01:31.863842Z","level":"info","event":"Cosmos performance: Cache hit for cosmos_cache__get_games_metadata__dbt_transform - 5d5dc19a4d21d68d9e2dd97b4b147311,84441d245827577361e239eef1354057","logger":"cosmos.dbt.graph","filename":"graph.py","lineno":806}
{"timestamp":"2026-06-29T07:01:31.864028Z","level":"info","event":"Total nodes: 6","logger":"cosmos.dbt.graph","filename":"graph.py","lineno":711}
{"timestamp":"2026-06-29T07:01:31.864060Z","level":"info","event":"Total filtered nodes: 6","logger":"cosmos.dbt.graph","filename":"graph.py","lineno":712}
{"timestamp":"2026-06-29T07:01:31.864095Z","level":"info","event":"Cosmos performance (get_games_metadata__dbt_transform) -  [d2f09bca74c9|5165]: It took 0.00831s to parse the dbt project for DAG using LoadMode.DBT_LS_CACHE","logger":"cosmos.converter","filename":"converter.py","lineno":340}
{"timestamp":"2026-06-29T07:01:31.864322Z","level":"info","event":"Project /tmp/airflow/dag_bundles/my-git-repo/tracking_repo/dbt_project does not have {'dependencies.yml', 'packages.yml'}","logger":"cosmos.dbt.project","filename":"project.py","lineno":40}
{"timestamp":"2026-06-29T07:01:31.864724Z","level":"info","event":"Project /tmp/airflow/dag_bundles/my-git-repo/tracking_repo/dbt_project does not have {'dependencies.yml', 'packages.yml'}","logger":"cosmos.dbt.project","filename":"project.py","lineno":40}
{"timestamp":"2026-06-29T07:01:31.865146Z","level":"info","event":"Project /tmp/airflow/dag_bundles/my-git-repo/tracking_repo/dbt_project does not have {'dependencies.yml', 'packages.yml'}","logger":"cosmos.dbt.project","filename":"project.py","lineno":40}
{"timestamp":"2026-06-29T07:01:31.865530Z","level":"info","event":"Project /tmp/airflow/dag_bundles/my-git-repo/tracking_repo/dbt_project does not have {'dependencies.yml', 'packages.yml'}","logger":"cosmos.dbt.project","filename":"project.py","lineno":40}
{"timestamp":"2026-06-29T07:01:31.865920Z","level":"info","event":"Project /tmp/airflow/dag_bundles/my-git-repo/tracking_repo/dbt_project does not have {'dependencies.yml', 'packages.yml'}","logger":"cosmos.dbt.project","filename":"project.py","lineno":40}
{"timestamp":"2026-06-29T07:01:31.866270Z","level":"info","event":"Project /tmp/airflow/dag_bundles/my-git-repo/tracking_repo/dbt_project does not have {'dependencies.yml', 'packages.yml'}","logger":"cosmos.dbt.project","filename":"project.py","lineno":40}
{"timestamp":"2026-06-29T07:01:31.866619Z","level":"info","event":"Project /tmp/airflow/dag_bundles/my-git-repo/tracking_repo/dbt_project does not have {'dependencies.yml', 'packages.yml'}","logger":"cosmos.dbt.project","filename":"project.py","lineno":40}
{"timestamp":"2026-06-29T07:01:31.866850Z","level":"info","event":"Cosmos performance (get_games_metadata__dbt_transform) - [d2f09bca74c9|5165]: It took 0.00275s to build the Airflow DAG.","logger":"cosmos.converter","filename":"converter.py","lineno":387}
{"timestamp":"2026-06-29T07:01:31.866881Z","level":"info","event":"::endgroup::Cosmos DAG parsing logs","logger":"cosmos.converter","filename":"converter.py","lineno":390}
{"timestamp":"2026-06-29T07:02:02.381487Z","level":"info","event":"Filling up the DagBag from /tmp/airflow/dag_bundles/my-git-repo/tracking_repo/airflow-dags/steam/DAG_steam_api.py","logger":"airflow.models.dagbag.DagBag","filename":"dagbag.py","lineno":593}
{"timestamp":"2026-06-29T07:02:02.797534Z","level":"info","event":"Project /tmp/airflow/dag_bundles/my-git-repo/tracking_repo/dbt_project does not have {'dependencies.yml', 'packages.yml'}","logger":"cosmos.dbt.project","filename":"project.py","lineno":40}
{"timestamp":"2026-06-29T07:02:02.798217Z","level":"info","event":"::group::Cosmos DAG parsing logs","logger":"cosmos.converter","filename":"converter.py","lineno":293}
{"timestamp":"2026-06-29T07:02:02.798515Z","level":"info","event":"Trying to parse the dbt project using dbt ls cache cosmos_cache__get_games_metadata__dbt_transform...","logger":"cosmos.dbt.graph","filename":"graph.py","lineno":781}
{"timestamp":"2026-06-29T07:02:02.805978Z","level":"info","event":"Cosmos performance: time to calculate cache identifier cosmos_cache__get_games_metadata__dbt_transform for current version: 0.00037274999340297654","logger":"cosmos.cache","filename":"cache.py","lineno":333}
{"timestamp":"2026-06-29T07:02:02.806040Z","level":"info","event":"Cosmos performance [d2f09bca74c9|5208]: The cache size for cosmos_cache__get_games_metadata__dbt_transform is 5873","logger":"cosmos.dbt.graph","filename":"graph.py","lineno":798}
{"timestamp":"2026-06-29T07:02:02.806196Z","level":"info","event":"Cosmos performance: Cache hit for cosmos_cache__get_games_metadata__dbt_transform - 5d5dc19a4d21d68d9e2dd97b4b147311,84441d245827577361e239eef1354057","logger":"cosmos.dbt.graph","filename":"graph.py","lineno":806}
{"timestamp":"2026-06-29T07:02:02.806382Z","level":"info","event":"Total nodes: 6","logger":"cosmos.dbt.graph","filename":"graph.py","lineno":711}
{"timestamp":"2026-06-29T07:02:02.806422Z","level":"info","event":"Total filtered nodes: 6","logger":"cosmos.dbt.graph","filename":"graph.py","lineno":712}
{"timestamp":"2026-06-29T07:02:02.806463Z","level":"info","event":"Cosmos performance (get_games_metadata__dbt_transform) -  [d2f09bca74c9|5208]: It took 0.00798s to parse the dbt project for DAG using LoadMode.DBT_LS_CACHE","logger":"cosmos.converter","filename":"converter.py","lineno":340}
{"timestamp":"2026-06-29T07:02:02.806721Z","level":"info","event":"Project /tmp/airflow/dag_bundles/my-git-repo/tracking_repo/dbt_project does not have {'dependencies.yml', 'packages.yml'}","logger":"cosmos.dbt.project","filename":"project.py","lineno":40}
{"timestamp":"2026-06-29T07:02:02.807103Z","level":"info","event":"Project /tmp/airflow/dag_bundles/my-git-repo/tracking_repo/dbt_project does not have {'dependencies.yml', 'packages.yml'}","logger":"cosmos.dbt.project","filename":"project.py","lineno":40}
{"timestamp":"2026-06-29T07:02:02.807516Z","level":"info","event":"Project /tmp/airflow/dag_bundles/my-git-repo/tracking_repo/dbt_project does not have {'dependencies.yml', 'packages.yml'}","logger":"cosmos.dbt.project","filename":"project.py","lineno":40}
{"timestamp":"2026-06-29T07:02:02.807916Z","level":"info","event":"Project /tmp/airflow/dag_bundles/my-git-repo/tracking_repo/dbt_project does not have {'dependencies.yml', 'packages.yml'}","logger":"cosmos.dbt.project","filename":"project.py","lineno":40}
{"timestamp":"2026-06-29T07:02:02.808292Z","level":"info","event":"Project /tmp/airflow/dag_bundles/my-git-repo/tracking_repo/dbt_project does not have {'dependencies.yml', 'packages.yml'}","logger":"cosmos.dbt.project","filename":"project.py","lineno":40}
{"timestamp":"2026-06-29T07:02:02.808644Z","level":"info","event":"Project /tmp/airflow/dag_bundles/my-git-repo/tracking_repo/dbt_project does not have {'dependencies.yml', 'packages.yml'}","logger":"cosmos.dbt.project","filename":"project.py","lineno":40}
{"timestamp":"2026-06-29T07:02:02.809971Z","level":"info","event":"Project /tmp/airflow/dag_bundles/my-git-repo/tracking_repo/dbt_project does not have {'dependencies.yml', 'packages.yml'}","logger":"cosmos.dbt.project","filename":"project.py","lineno":40}
{"timestamp":"2026-06-29T07:02:02.810241Z","level":"info","event":"Cosmos performance (get_games_metadata__dbt_transform) - [d2f09bca74c9|5208]: It took 0.00378s to build the Airflow DAG.","logger":"cosmos.converter","filename":"converter.py","lineno":387}
{"timestamp":"2026-06-29T07:02:02.810272Z","level":"info","event":"::endgroup::Cosmos DAG parsing logs","logger":"cosmos.converter","filename":"converter.py","lineno":390}
{"timestamp":"2026-06-29T07:02:33.723486Z","level":"info","event":"Filling up the DagBag from /tmp/airflow/dag_bundles/my-git-repo/tracking_repo/airflow-dags/steam/DAG_steam_api.py","logger":"airflow.models.dagbag.DagBag","filename":"dagbag.py","lineno":593}
{"timestamp":"2026-06-29T07:02:34.142595Z","level":"info","event":"Project /tmp/airflow/dag_bundles/my-git-repo/tracking_repo/dbt_project does not have {'dependencies.yml', 'packages.yml'}","logger":"cosmos.dbt.project","filename":"project.py","lineno":40}
{"timestamp":"2026-06-29T07:02:34.143252Z","level":"info","event":"::group::Cosmos DAG parsing logs","logger":"cosmos.converter","filename":"converter.py","lineno":293}
{"timestamp":"2026-06-29T07:02:34.143534Z","level":"info","event":"Trying to parse the dbt project using dbt ls cache cosmos_cache__get_games_metadata__dbt_transform...","logger":"cosmos.dbt.graph","filename":"graph.py","lineno":781}
{"timestamp":"2026-06-29T07:02:34.150354Z","level":"info","event":"Cosmos performance: time to calculate cache identifier cosmos_cache__get_games_metadata__dbt_transform for current version: 0.000392542002373375","logger":"cosmos.cache","filename":"cache.py","lineno":333}
{"timestamp":"2026-06-29T07:02:34.150413Z","level":"info","event":"Cosmos performance [d2f09bca74c9|5236]: The cache size for cosmos_cache__get_games_metadata__dbt_transform is 5873","logger":"cosmos.dbt.graph","filename":"graph.py","lineno":798}
{"timestamp":"2026-06-29T07:02:34.150567Z","level":"info","event":"Cosmos performance: Cache hit for cosmos_cache__get_games_metadata__dbt_transform - 5d5dc19a4d21d68d9e2dd97b4b147311,84441d245827577361e239eef1354057","logger":"cosmos.dbt.graph","filename":"graph.py","lineno":806}
{"timestamp":"2026-06-29T07:02:34.150760Z","level":"info","event":"Total nodes: 6","logger":"cosmos.dbt.graph","filename":"graph.py","lineno":711}
{"timestamp":"2026-06-29T07:02:34.150799Z","level":"info","event":"Total filtered nodes: 6","logger":"cosmos.dbt.graph","filename":"graph.py","lineno":712}
{"timestamp":"2026-06-29T07:02:34.150846Z","level":"info","event":"Cosmos performance (get_games_metadata__dbt_transform) -  [d2f09bca74c9|5236]: It took 0.00733s to parse the dbt project for DAG using LoadMode.DBT_LS_CACHE","logger":"cosmos.converter","filename":"converter.py","lineno":340}
{"timestamp":"2026-06-29T07:02:34.151100Z","level":"info","event":"Project /tmp/airflow/dag_bundles/my-git-repo/tracking_repo/dbt_project does not have {'dependencies.yml', 'packages.yml'}","logger":"cosmos.dbt.project","filename":"project.py","lineno":40}
{"timestamp":"2026-06-29T07:02:34.151508Z","level":"info","event":"Project /tmp/airflow/dag_bundles/my-git-repo/tracking_repo/dbt_project does not have {'dependencies.yml', 'packages.yml'}","logger":"cosmos.dbt.project","filename":"project.py","lineno":40}
{"timestamp":"2026-06-29T07:02:34.151941Z","level":"info","event":"Project /tmp/airflow/dag_bundles/my-git-repo/tracking_repo/dbt_project does not have {'dependencies.yml', 'packages.yml'}","logger":"cosmos.dbt.project","filename":"project.py","lineno":40}
{"timestamp":"2026-06-29T07:02:34.152361Z","level":"info","event":"Project /tmp/airflow/dag_bundles/my-git-repo/tracking_repo/dbt_project does not have {'dependencies.yml', 'packages.yml'}","logger":"cosmos.dbt.project","filename":"project.py","lineno":40}
{"timestamp":"2026-06-29T07:02:34.152732Z","level":"info","event":"Project /tmp/airflow/dag_bundles/my-git-repo/tracking_repo/dbt_project does not have {'dependencies.yml', 'packages.yml'}","logger":"cosmos.dbt.project","filename":"project.py","lineno":40}
{"timestamp":"2026-06-29T07:02:34.153107Z","level":"info","event":"Project /tmp/airflow/dag_bundles/my-git-repo/tracking_repo/dbt_project does not have {'dependencies.yml', 'packages.yml'}","logger":"cosmos.dbt.project","filename":"project.py","lineno":40}
{"timestamp":"2026-06-29T07:02:34.153539Z","level":"info","event":"Project /tmp/airflow/dag_bundles/my-git-repo/tracking_repo/dbt_project does not have {'dependencies.yml', 'packages.yml'}","logger":"cosmos.dbt.project","filename":"project.py","lineno":40}
{"timestamp":"2026-06-29T07:02:34.153779Z","level":"info","event":"Cosmos performance (get_games_metadata__dbt_transform) - [d2f09bca74c9|5236]: It took 0.00293s to build the Airflow DAG.","logger":"cosmos.converter","filename":"converter.py","lineno":387}
{"timestamp":"2026-06-29T07:02:34.153818Z","level":"info","event":"::endgroup::Cosmos DAG parsing logs","logger":"cosmos.converter","filename":"converter.py","lineno":390}
{"timestamp":"2026-06-29T07:03:05.025294Z","level":"info","event":"Filling up the DagBag from /tmp/airflow/dag_bundles/my-git-repo/tracking_repo/airflow-dags/steam/DAG_steam_api.py","logger":"airflow.models.dagbag.DagBag","filename":"dagbag.py","lineno":593}
{"timestamp":"2026-06-29T07:03:05.455078Z","level":"info","event":"Project /tmp/airflow/dag_bundles/my-git-repo/tracking_repo/dbt_project does not have {'dependencies.yml', 'packages.yml'}","logger":"cosmos.dbt.project","filename":"project.py","lineno":40}
{"timestamp":"2026-06-29T07:03:05.455842Z","level":"info","event":"::group::Cosmos DAG parsing logs","logger":"cosmos.converter","filename":"converter.py","lineno":293}
{"timestamp":"2026-06-29T07:03:05.456186Z","level":"info","event":"Trying to parse the dbt project using dbt ls cache cosmos_cache__get_games_metadata__dbt_transform...","logger":"cosmos.dbt.graph","filename":"graph.py","lineno":781}
{"timestamp":"2026-06-29T07:03:05.464644Z","level":"info","event":"Cosmos performance: time to calculate cache identifier cosmos_cache__get_games_metadata__dbt_transform for current version: 0.0004549169971141964","logger":"cosmos.cache","filename":"cache.py","lineno":333}
{"timestamp":"2026-06-29T07:03:05.464703Z","level":"info","event":"Cosmos performance [d2f09bca74c9|5264]: The cache size for cosmos_cache__get_games_metadata__dbt_transform is 5873","logger":"cosmos.dbt.graph","filename":"graph.py","lineno":798}
{"timestamp":"2026-06-29T07:03:05.464871Z","level":"info","event":"Cosmos performance: Cache hit for cosmos_cache__get_games_metadata__dbt_transform - 5d5dc19a4d21d68d9e2dd97b4b147311,84441d245827577361e239eef1354057","logger":"cosmos.dbt.graph","filename":"graph.py","lineno":806}
{"timestamp":"2026-06-29T07:03:05.465077Z","level":"info","event":"Total nodes: 6","logger":"cosmos.dbt.graph","filename":"graph.py","lineno":711}
{"timestamp":"2026-06-29T07:03:05.465117Z","level":"info","event":"Total filtered nodes: 6","logger":"cosmos.dbt.graph","filename":"graph.py","lineno":712}
{"timestamp":"2026-06-29T07:03:05.465162Z","level":"info","event":"Cosmos performance (get_games_metadata__dbt_transform) -  [d2f09bca74c9|5264]: It took 0.009s to parse the dbt project for DAG using LoadMode.DBT_LS_CACHE","logger":"cosmos.converter","filename":"converter.py","lineno":340}
{"timestamp":"2026-06-29T07:03:05.465410Z","level":"info","event":"Project /tmp/airflow/dag_bundles/my-git-repo/tracking_repo/dbt_project does not have {'dependencies.yml', 'packages.yml'}","logger":"cosmos.dbt.project","filename":"project.py","lineno":40}
{"timestamp":"2026-06-29T07:03:05.465818Z","level":"info","event":"Project /tmp/airflow/dag_bundles/my-git-repo/tracking_repo/dbt_project does not have {'dependencies.yml', 'packages.yml'}","logger":"cosmos.dbt.project","filename":"project.py","lineno":40}
{"timestamp":"2026-06-29T07:03:05.466251Z","level":"info","event":"Project /tmp/airflow/dag_bundles/my-git-repo/tracking_repo/dbt_project does not have {'dependencies.yml', 'packages.yml'}","logger":"cosmos.dbt.project","filename":"project.py","lineno":40}
{"timestamp":"2026-06-29T07:03:05.466656Z","level":"info","event":"Project /tmp/airflow/dag_bundles/my-git-repo/tracking_repo/dbt_project does not have {'dependencies.yml', 'packages.yml'}","logger":"cosmos.dbt.project","filename":"project.py","lineno":40}
{"timestamp":"2026-06-29T07:03:05.467008Z","level":"info","event":"Project /tmp/airflow/dag_bundles/my-git-repo/tracking_repo/dbt_project does not have {'dependencies.yml', 'packages.yml'}","logger":"cosmos.dbt.project","filename":"project.py","lineno":40}
{"timestamp":"2026-06-29T07:03:05.467398Z","level":"info","event":"Project /tmp/airflow/dag_bundles/my-git-repo/tracking_repo/dbt_project does not have {'dependencies.yml', 'packages.yml'}","logger":"cosmos.dbt.project","filename":"project.py","lineno":40}
{"timestamp":"2026-06-29T07:03:05.468832Z","level":"info","event":"Project /tmp/airflow/dag_bundles/my-git-repo/tracking_repo/dbt_project does not have {'dependencies.yml', 'packages.yml'}","logger":"cosmos.dbt.project","filename":"project.py","lineno":40}
{"timestamp":"2026-06-29T07:03:05.469098Z","level":"info","event":"Cosmos performance (get_games_metadata__dbt_transform) - [d2f09bca74c9|5264]: It took 0.00393s to build the Airflow DAG.","logger":"cosmos.converter","filename":"converter.py","lineno":387}
{"timestamp":"2026-06-29T07:03:05.469142Z","level":"info","event":"::endgroup::Cosmos DAG parsing logs","logger":"cosmos.converter","filename":"converter.py","lineno":390}
{"timestamp":"2026-06-29T07:03:36.343293Z","level":"info","event":"Filling up the DagBag from /tmp/airflow/dag_bundles/my-git-repo/tracking_repo/airflow-dags/steam/DAG_steam_api.py","logger":"airflow.models.dagbag.DagBag","filename":"dagbag.py","lineno":593}
{"timestamp":"2026-06-29T07:03:36.767382Z","level":"info","event":"Project /tmp/airflow/dag_bundles/my-git-repo/tracking_repo/dbt_project does not have {'dependencies.yml', 'packages.yml'}","logger":"cosmos.dbt.project","filename":"project.py","lineno":40}
{"timestamp":"2026-06-29T07:03:36.768046Z","level":"info","event":"::group::Cosmos DAG parsing logs","logger":"cosmos.converter","filename":"converter.py","lineno":293}
{"timestamp":"2026-06-29T07:03:36.768332Z","level":"info","event":"Trying to parse the dbt project using dbt ls cache cosmos_cache__get_games_metadata__dbt_transform...","logger":"cosmos.dbt.graph","filename":"graph.py","lineno":781}
{"timestamp":"2026-06-29T07:03:36.775288Z","level":"info","event":"Cosmos performance: time to calculate cache identifier cosmos_cache__get_games_metadata__dbt_transform for current version: 0.00038533400220330805","logger":"cosmos.cache","filename":"cache.py","lineno":333}
{"timestamp":"2026-06-29T07:03:36.775350Z","level":"info","event":"Cosmos performance [d2f09bca74c9|5292]: The cache size for cosmos_cache__get_games_metadata__dbt_transform is 5873","logger":"cosmos.dbt.graph","filename":"graph.py","lineno":798}
{"timestamp":"2026-06-29T07:03:36.775517Z","level":"info","event":"Cosmos performance: Cache hit for cosmos_cache__get_games_metadata__dbt_transform - 5d5dc19a4d21d68d9e2dd97b4b147311,84441d245827577361e239eef1354057","logger":"cosmos.dbt.graph","filename":"graph.py","lineno":806}
{"timestamp":"2026-06-29T07:03:36.775703Z","level":"info","event":"Total nodes: 6","logger":"cosmos.dbt.graph","filename":"graph.py","lineno":711}
{"timestamp":"2026-06-29T07:03:36.775739Z","level":"info","event":"Total filtered nodes: 6","logger":"cosmos.dbt.graph","filename":"graph.py","lineno":712}
{"timestamp":"2026-06-29T07:03:36.775773Z","level":"info","event":"Cosmos performance (get_games_metadata__dbt_transform) -  [d2f09bca74c9|5292]: It took 0.00746s to parse the dbt project for DAG using LoadMode.DBT_LS_CACHE","logger":"cosmos.converter","filename":"converter.py","lineno":340}
{"timestamp":"2026-06-29T07:03:36.776009Z","level":"info","event":"Project /tmp/airflow/dag_bundles/my-git-repo/tracking_repo/dbt_project does not have {'dependencies.yml', 'packages.yml'}","logger":"cosmos.dbt.project","filename":"project.py","lineno":40}
{"timestamp":"2026-06-29T07:03:36.776412Z","level":"info","event":"Project /tmp/airflow/dag_bundles/my-git-repo/tracking_repo/dbt_project does not have {'dependencies.yml', 'packages.yml'}","logger":"cosmos.dbt.project","filename":"project.py","lineno":40}
{"timestamp":"2026-06-29T07:03:36.776824Z","level":"info","event":"Project /tmp/airflow/dag_bundles/my-git-repo/tracking_repo/dbt_project does not have {'dependencies.yml', 'packages.yml'}","logger":"cosmos.dbt.project","filename":"project.py","lineno":40}
{"timestamp":"2026-06-29T07:03:36.777227Z","level":"info","event":"Project /tmp/airflow/dag_bundles/my-git-repo/tracking_repo/dbt_project does not have {'dependencies.yml', 'packages.yml'}","logger":"cosmos.dbt.project","filename":"project.py","lineno":40}
{"timestamp":"2026-06-29T07:03:36.777608Z","level":"info","event":"Project /tmp/airflow/dag_bundles/my-git-repo/tracking_repo/dbt_project does not have {'dependencies.yml', 'packages.yml'}","logger":"cosmos.dbt.project","filename":"project.py","lineno":40}
{"timestamp":"2026-06-29T07:03:36.777956Z","level":"info","event":"Project /tmp/airflow/dag_bundles/my-git-repo/tracking_repo/dbt_project does not have {'dependencies.yml', 'packages.yml'}","logger":"cosmos.dbt.project","filename":"project.py","lineno":40}
{"timestamp":"2026-06-29T07:03:36.778371Z","level":"info","event":"Project /tmp/airflow/dag_bundles/my-git-repo/tracking_repo/dbt_project does not have {'dependencies.yml', 'packages.yml'}","logger":"cosmos.dbt.project","filename":"project.py","lineno":40}
{"timestamp":"2026-06-29T07:03:36.778620Z","level":"info","event":"Cosmos performance (get_games_metadata__dbt_transform) - [d2f09bca74c9|5292]: It took 0.00284s to build the Airflow DAG.","logger":"cosmos.converter","filename":"converter.py","lineno":387}
{"timestamp":"2026-06-29T07:03:36.778659Z","level":"info","event":"::endgroup::Cosmos DAG parsing logs","logger":"cosmos.converter","filename":"converter.py","lineno":390}
{"timestamp":"2026-06-29T07:04:07.259353Z","level":"info","event":"Filling up the DagBag from /tmp/airflow/dag_bundles/my-git-repo/tracking_repo/airflow-dags/steam/DAG_steam_api.py","logger":"airflow.models.dagbag.DagBag","filename":"dagbag.py","lineno":593}
{"timestamp":"2026-06-29T07:04:07.738114Z","level":"info","event":"Project /tmp/airflow/dag_bundles/my-git-repo/tracking_repo/dbt_project does not have {'dependencies.yml', 'packages.yml'}","logger":"cosmos.dbt.project","filename":"project.py","lineno":40}
{"timestamp":"2026-06-29T07:04:07.739086Z","level":"info","event":"::group::Cosmos DAG parsing logs","logger":"cosmos.converter","filename":"converter.py","lineno":293}
{"timestamp":"2026-06-29T07:04:07.739459Z","level":"info","event":"Trying to parse the dbt project using dbt ls cache cosmos_cache__get_games_metadata__dbt_transform...","logger":"cosmos.dbt.graph","filename":"graph.py","lineno":781}
{"timestamp":"2026-06-29T07:04:07.746540Z","level":"info","event":"Cosmos performance: time to calculate cache identifier cosmos_cache__get_games_metadata__dbt_transform for current version: 0.0004515830005402677","logger":"cosmos.cache","filename":"cache.py","lineno":333}
{"timestamp":"2026-06-29T07:04:07.746594Z","level":"info","event":"Cosmos performance [d2f09bca74c9|5335]: The cache size for cosmos_cache__get_games_metadata__dbt_transform is 5873","logger":"cosmos.dbt.graph","filename":"graph.py","lineno":798}
{"timestamp":"2026-06-29T07:04:07.746756Z","level":"info","event":"Cosmos performance: Cache hit for cosmos_cache__get_games_metadata__dbt_transform - 5d5dc19a4d21d68d9e2dd97b4b147311,84441d245827577361e239eef1354057","logger":"cosmos.dbt.graph","filename":"graph.py","lineno":806}
{"timestamp":"2026-06-29T07:04:07.746984Z","level":"info","event":"Total nodes: 6","logger":"cosmos.dbt.graph","filename":"graph.py","lineno":711}
{"timestamp":"2026-06-29T07:04:07.747025Z","level":"info","event":"Total filtered nodes: 6","logger":"cosmos.dbt.graph","filename":"graph.py","lineno":712}
{"timestamp":"2026-06-29T07:04:07.747068Z","level":"info","event":"Cosmos performance (get_games_metadata__dbt_transform) -  [d2f09bca74c9|5335]: It took 0.00765s to parse the dbt project for DAG using LoadMode.DBT_LS_CACHE","logger":"cosmos.converter","filename":"converter.py","lineno":340}
{"timestamp":"2026-06-29T07:04:07.747320Z","level":"info","event":"Project /tmp/airflow/dag_bundles/my-git-repo/tracking_repo/dbt_project does not have {'dependencies.yml', 'packages.yml'}","logger":"cosmos.dbt.project","filename":"project.py","lineno":40}
{"timestamp":"2026-06-29T07:04:07.747720Z","level":"info","event":"Project /tmp/airflow/dag_bundles/my-git-repo/tracking_repo/dbt_project does not have {'dependencies.yml', 'packages.yml'}","logger":"cosmos.dbt.project","filename":"project.py","lineno":40}
{"timestamp":"2026-06-29T07:04:07.748198Z","level":"info","event":"Project /tmp/airflow/dag_bundles/my-git-repo/tracking_repo/dbt_project does not have {'dependencies.yml', 'packages.yml'}","logger":"cosmos.dbt.project","filename":"project.py","lineno":40}
{"timestamp":"2026-06-29T07:04:07.748594Z","level":"info","event":"Project /tmp/airflow/dag_bundles/my-git-repo/tracking_repo/dbt_project does not have {'dependencies.yml', 'packages.yml'}","logger":"cosmos.dbt.project","filename":"project.py","lineno":40}
{"timestamp":"2026-06-29T07:04:07.748987Z","level":"info","event":"Project /tmp/airflow/dag_bundles/my-git-repo/tracking_repo/dbt_project does not have {'dependencies.yml', 'packages.yml'}","logger":"cosmos.dbt.project","filename":"project.py","lineno":40}
{"timestamp":"2026-06-29T07:04:07.749360Z","level":"info","event":"Project /tmp/airflow/dag_bundles/my-git-repo/tracking_repo/dbt_project does not have {'dependencies.yml', 'packages.yml'}","logger":"cosmos.dbt.project","filename":"project.py","lineno":40}
{"timestamp":"2026-06-29T07:04:07.749707Z","level":"info","event":"Project /tmp/airflow/dag_bundles/my-git-repo/tracking_repo/dbt_project does not have {'dependencies.yml', 'packages.yml'}","logger":"cosmos.dbt.project","filename":"project.py","lineno":40}
{"timestamp":"2026-06-29T07:04:07.749970Z","level":"info","event":"Cosmos performance (get_games_metadata__dbt_transform) - [d2f09bca74c9|5335]: It took 0.00289s to build the Airflow DAG.","logger":"cosmos.converter","filename":"converter.py","lineno":387}
{"timestamp":"2026-06-29T07:04:07.750006Z","level":"info","event":"::endgroup::Cosmos DAG parsing logs","logger":"cosmos.converter","filename":"converter.py","lineno":390}
{"timestamp":"2026-06-29T07:04:38.597542Z","level":"info","event":"Filling up the DagBag from /tmp/airflow/dag_bundles/my-git-repo/tracking_repo/airflow-dags/steam/DAG_steam_api.py","logger":"airflow.models.dagbag.DagBag","filename":"dagbag.py","lineno":593}
{"timestamp":"2026-06-29T07:04:39.120727Z","level":"info","event":"Project /tmp/airflow/dag_bundles/my-git-repo/tracking_repo/dbt_project does not have {'dependencies.yml', 'packages.yml'}","logger":"cosmos.dbt.project","filename":"project.py","lineno":40}
{"timestamp":"2026-06-29T07:04:39.121557Z","level":"info","event":"::group::Cosmos DAG parsing logs","logger":"cosmos.converter","filename":"converter.py","lineno":293}
{"timestamp":"2026-06-29T07:04:39.121922Z","level":"info","event":"Trying to parse the dbt project using dbt ls cache cosmos_cache__get_games_metadata__dbt_transform...","logger":"cosmos.dbt.graph","filename":"graph.py","lineno":781}
{"timestamp":"2026-06-29T07:04:39.131065Z","level":"info","event":"Cosmos performance: time to calculate cache identifier cosmos_cache__get_games_metadata__dbt_transform for current version: 0.0005193750039325096","logger":"cosmos.cache","filename":"cache.py","lineno":333}
{"timestamp":"2026-06-29T07:04:39.131136Z","level":"info","event":"Cosmos performance [d2f09bca74c9|5363]: The cache size for cosmos_cache__get_games_metadata__dbt_transform is 5873","logger":"cosmos.dbt.graph","filename":"graph.py","lineno":798}
{"timestamp":"2026-06-29T07:04:39.131300Z","level":"info","event":"Cosmos performance: Cache hit for cosmos_cache__get_games_metadata__dbt_transform - 5d5dc19a4d21d68d9e2dd97b4b147311,84441d245827577361e239eef1354057","logger":"cosmos.dbt.graph","filename":"graph.py","lineno":806}
{"timestamp":"2026-06-29T07:04:39.131513Z","level":"info","event":"Total nodes: 6","logger":"cosmos.dbt.graph","filename":"graph.py","lineno":711}
{"timestamp":"2026-06-29T07:04:39.131546Z","level":"info","event":"Total filtered nodes: 6","logger":"cosmos.dbt.graph","filename":"graph.py","lineno":712}
{"timestamp":"2026-06-29T07:04:39.131585Z","level":"info","event":"Cosmos performance (get_games_metadata__dbt_transform) -  [d2f09bca74c9|5363]: It took 0.00969s to parse the dbt project for DAG using LoadMode.DBT_LS_CACHE","logger":"cosmos.converter","filename":"converter.py","lineno":340}
{"timestamp":"2026-06-29T07:04:39.131815Z","level":"info","event":"Project /tmp/airflow/dag_bundles/my-git-repo/tracking_repo/dbt_project does not have {'dependencies.yml', 'packages.yml'}","logger":"cosmos.dbt.project","filename":"project.py","lineno":40}
{"timestamp":"2026-06-29T07:04:39.132213Z","level":"info","event":"Project /tmp/airflow/dag_bundles/my-git-repo/tracking_repo/dbt_project does not have {'dependencies.yml', 'packages.yml'}","logger":"cosmos.dbt.project","filename":"project.py","lineno":40}
{"timestamp":"2026-06-29T07:04:39.132655Z","level":"info","event":"Project /tmp/airflow/dag_bundles/my-git-repo/tracking_repo/dbt_project does not have {'dependencies.yml', 'packages.yml'}","logger":"cosmos.dbt.project","filename":"project.py","lineno":40}
{"timestamp":"2026-06-29T07:04:39.133018Z","level":"info","event":"Project /tmp/airflow/dag_bundles/my-git-repo/tracking_repo/dbt_project does not have {'dependencies.yml', 'packages.yml'}","logger":"cosmos.dbt.project","filename":"project.py","lineno":40}
{"timestamp":"2026-06-29T07:04:39.133372Z","level":"info","event":"Project /tmp/airflow/dag_bundles/my-git-repo/tracking_repo/dbt_project does not have {'dependencies.yml', 'packages.yml'}","logger":"cosmos.dbt.project","filename":"project.py","lineno":40}
{"timestamp":"2026-06-29T07:04:39.133728Z","level":"info","event":"Project /tmp/airflow/dag_bundles/my-git-repo/tracking_repo/dbt_project does not have {'dependencies.yml', 'packages.yml'}","logger":"cosmos.dbt.project","filename":"project.py","lineno":40}
{"timestamp":"2026-06-29T07:04:39.134133Z","level":"info","event":"Project /tmp/airflow/dag_bundles/my-git-repo/tracking_repo/dbt_project does not have {'dependencies.yml', 'packages.yml'}","logger":"cosmos.dbt.project","filename":"project.py","lineno":40}
{"timestamp":"2026-06-29T07:04:39.134352Z","level":"info","event":"Cosmos performance (get_games_metadata__dbt_transform) - [d2f09bca74c9|5363]: It took 0.00277s to build the Airflow DAG.","logger":"cosmos.converter","filename":"converter.py","lineno":387}
{"timestamp":"2026-06-29T07:04:39.134382Z","level":"info","event":"::endgroup::Cosmos DAG parsing logs","logger":"cosmos.converter","filename":"converter.py","lineno":390}
{"timestamp":"2026-06-29T07:05:10.117945Z","level":"info","event":"Filling up the DagBag from /tmp/airflow/dag_bundles/my-git-repo/tracking_repo/airflow-dags/steam/DAG_steam_api.py","logger":"airflow.models.dagbag.DagBag","filename":"dagbag.py","lineno":593}
{"timestamp":"2026-06-29T07:05:10.542965Z","level":"info","event":"Project /tmp/airflow/dag_bundles/my-git-repo/tracking_repo/dbt_project does not have {'dependencies.yml', 'packages.yml'}","logger":"cosmos.dbt.project","filename":"project.py","lineno":40}
{"timestamp":"2026-06-29T07:05:10.543669Z","level":"info","event":"::group::Cosmos DAG parsing logs","logger":"cosmos.converter","filename":"converter.py","lineno":293}
{"timestamp":"2026-06-29T07:05:10.543973Z","level":"info","event":"Trying to parse the dbt project using dbt ls cache cosmos_cache__get_games_metadata__dbt_transform...","logger":"cosmos.dbt.graph","filename":"graph.py","lineno":781}
{"timestamp":"2026-06-29T07:05:10.551087Z","level":"info","event":"Cosmos performance: time to calculate cache identifier cosmos_cache__get_games_metadata__dbt_transform for current version: 0.0005116249958518893","logger":"cosmos.cache","filename":"cache.py","lineno":333}
{"timestamp":"2026-06-29T07:05:10.551151Z","level":"info","event":"Cosmos performance [d2f09bca74c9|5391]: The cache size for cosmos_cache__get_games_metadata__dbt_transform is 5873","logger":"cosmos.dbt.graph","filename":"graph.py","lineno":798}
{"timestamp":"2026-06-29T07:05:10.551323Z","level":"info","event":"Cosmos performance: Cache hit for cosmos_cache__get_games_metadata__dbt_transform - 5d5dc19a4d21d68d9e2dd97b4b147311,84441d245827577361e239eef1354057","logger":"cosmos.dbt.graph","filename":"graph.py","lineno":806}
{"timestamp":"2026-06-29T07:05:10.551519Z","level":"info","event":"Total nodes: 6","logger":"cosmos.dbt.graph","filename":"graph.py","lineno":711}
{"timestamp":"2026-06-29T07:05:10.551556Z","level":"info","event":"Total filtered nodes: 6","logger":"cosmos.dbt.graph","filename":"graph.py","lineno":712}
{"timestamp":"2026-06-29T07:05:10.551602Z","level":"info","event":"Cosmos performance (get_games_metadata__dbt_transform) -  [d2f09bca74c9|5391]: It took 0.00765s to parse the dbt project for DAG using LoadMode.DBT_LS_CACHE","logger":"cosmos.converter","filename":"converter.py","lineno":340}
{"timestamp":"2026-06-29T07:05:10.551856Z","level":"info","event":"Project /tmp/airflow/dag_bundles/my-git-repo/tracking_repo/dbt_project does not have {'dependencies.yml', 'packages.yml'}","logger":"cosmos.dbt.project","filename":"project.py","lineno":40}
{"timestamp":"2026-06-29T07:05:10.552260Z","level":"info","event":"Project /tmp/airflow/dag_bundles/my-git-repo/tracking_repo/dbt_project does not have {'dependencies.yml', 'packages.yml'}","logger":"cosmos.dbt.project","filename":"project.py","lineno":40}
{"timestamp":"2026-06-29T07:05:10.552687Z","level":"info","event":"Project /tmp/airflow/dag_bundles/my-git-repo/tracking_repo/dbt_project does not have {'dependencies.yml', 'packages.yml'}","logger":"cosmos.dbt.project","filename":"project.py","lineno":40}
{"timestamp":"2026-06-29T07:05:10.553099Z","level":"info","event":"Project /tmp/airflow/dag_bundles/my-git-repo/tracking_repo/dbt_project does not have {'dependencies.yml', 'packages.yml'}","logger":"cosmos.dbt.project","filename":"project.py","lineno":40}
{"timestamp":"2026-06-29T07:05:10.553476Z","level":"info","event":"Project /tmp/airflow/dag_bundles/my-git-repo/tracking_repo/dbt_project does not have {'dependencies.yml', 'packages.yml'}","logger":"cosmos.dbt.project","filename":"project.py","lineno":40}
{"timestamp":"2026-06-29T07:05:10.553836Z","level":"info","event":"Project /tmp/airflow/dag_bundles/my-git-repo/tracking_repo/dbt_project does not have {'dependencies.yml', 'packages.yml'}","logger":"cosmos.dbt.project","filename":"project.py","lineno":40}
{"timestamp":"2026-06-29T07:05:10.554295Z","level":"info","event":"Project /tmp/airflow/dag_bundles/my-git-repo/tracking_repo/dbt_project does not have {'dependencies.yml', 'packages.yml'}","logger":"cosmos.dbt.project","filename":"project.py","lineno":40}
{"timestamp":"2026-06-29T07:05:10.554523Z","level":"info","event":"Cosmos performance (get_games_metadata__dbt_transform) - [d2f09bca74c9|5391]: It took 0.00292s to build the Airflow DAG.","logger":"cosmos.converter","filename":"converter.py","lineno":387}
{"timestamp":"2026-06-29T07:05:10.554559Z","level":"info","event":"::endgroup::Cosmos DAG parsing logs","logger":"cosmos.converter","filename":"converter.py","lineno":390}
{"timestamp":"2026-06-29T07:05:41.516569Z","level":"info","event":"Filling up the DagBag from /tmp/airflow/dag_bundles/my-git-repo/tracking_repo/airflow-dags/steam/DAG_steam_api.py","logger":"airflow.models.dagbag.DagBag","filename":"dagbag.py","lineno":593}
{"timestamp":"2026-06-29T07:05:41.936872Z","level":"info","event":"Project /tmp/airflow/dag_bundles/my-git-repo/tracking_repo/dbt_project does not have {'dependencies.yml', 'packages.yml'}","logger":"cosmos.dbt.project","filename":"project.py","lineno":40}
{"timestamp":"2026-06-29T07:05:41.937517Z","level":"info","event":"::group::Cosmos DAG parsing logs","logger":"cosmos.converter","filename":"converter.py","lineno":293}
{"timestamp":"2026-06-29T07:05:41.937810Z","level":"info","event":"Trying to parse the dbt project using dbt ls cache cosmos_cache__get_games_metadata__dbt_transform...","logger":"cosmos.dbt.graph","filename":"graph.py","lineno":781}
{"timestamp":"2026-06-29T07:05:41.944663Z","level":"info","event":"Cosmos performance: time to calculate cache identifier cosmos_cache__get_games_metadata__dbt_transform for current version: 0.00037437500577652827","logger":"cosmos.cache","filename":"cache.py","lineno":333}
{"timestamp":"2026-06-29T07:05:41.944742Z","level":"info","event":"Cosmos performance [d2f09bca74c9|5419]: The cache size for cosmos_cache__get_games_metadata__dbt_transform is 5873","logger":"cosmos.dbt.graph","filename":"graph.py","lineno":798}
{"timestamp":"2026-06-29T07:05:41.944893Z","level":"info","event":"Cosmos performance: Cache hit for cosmos_cache__get_games_metadata__dbt_transform - 5d5dc19a4d21d68d9e2dd97b4b147311,84441d245827577361e239eef1354057","logger":"cosmos.dbt.graph","filename":"graph.py","lineno":806}
{"timestamp":"2026-06-29T07:05:41.945070Z","level":"info","event":"Total nodes: 6","logger":"cosmos.dbt.graph","filename":"graph.py","lineno":711}
{"timestamp":"2026-06-29T07:05:41.945103Z","level":"info","event":"Total filtered nodes: 6","logger":"cosmos.dbt.graph","filename":"graph.py","lineno":712}
{"timestamp":"2026-06-29T07:05:41.945144Z","level":"info","event":"Cosmos performance (get_games_metadata__dbt_transform) -  [d2f09bca74c9|5419]: It took 0.00736s to parse the dbt project for DAG using LoadMode.DBT_LS_CACHE","logger":"cosmos.converter","filename":"converter.py","lineno":340}
{"timestamp":"2026-06-29T07:05:41.945387Z","level":"info","event":"Project /tmp/airflow/dag_bundles/my-git-repo/tracking_repo/dbt_project does not have {'dependencies.yml', 'packages.yml'}","logger":"cosmos.dbt.project","filename":"project.py","lineno":40}
{"timestamp":"2026-06-29T07:05:41.945787Z","level":"info","event":"Project /tmp/airflow/dag_bundles/my-git-repo/tracking_repo/dbt_project does not have {'dependencies.yml', 'packages.yml'}","logger":"cosmos.dbt.project","filename":"project.py","lineno":40}
{"timestamp":"2026-06-29T07:05:41.946211Z","level":"info","event":"Project /tmp/airflow/dag_bundles/my-git-repo/tracking_repo/dbt_project does not have {'dependencies.yml', 'packages.yml'}","logger":"cosmos.dbt.project","filename":"project.py","lineno":40}
{"timestamp":"2026-06-29T07:05:41.946623Z","level":"info","event":"Project /tmp/airflow/dag_bundles/my-git-repo/tracking_repo/dbt_project does not have {'dependencies.yml', 'packages.yml'}","logger":"cosmos.dbt.project","filename":"project.py","lineno":40}
{"timestamp":"2026-06-29T07:05:41.946994Z","level":"info","event":"Project /tmp/airflow/dag_bundles/my-git-repo/tracking_repo/dbt_project does not have {'dependencies.yml', 'packages.yml'}","logger":"cosmos.dbt.project","filename":"project.py","lineno":40}
{"timestamp":"2026-06-29T07:05:41.947336Z","level":"info","event":"Project /tmp/airflow/dag_bundles/my-git-repo/tracking_repo/dbt_project does not have {'dependencies.yml', 'packages.yml'}","logger":"cosmos.dbt.project","filename":"project.py","lineno":40}
{"timestamp":"2026-06-29T07:05:41.948688Z","level":"info","event":"Project /tmp/airflow/dag_bundles/my-git-repo/tracking_repo/dbt_project does not have {'dependencies.yml', 'packages.yml'}","logger":"cosmos.dbt.project","filename":"project.py","lineno":40}
{"timestamp":"2026-06-29T07:05:41.948958Z","level":"info","event":"Cosmos performance (get_games_metadata__dbt_transform) - [d2f09bca74c9|5419]: It took 0.00381s to build the Airflow DAG.","logger":"cosmos.converter","filename":"converter.py","lineno":387}
{"timestamp":"2026-06-29T07:05:41.948995Z","level":"info","event":"::endgroup::Cosmos DAG parsing logs","logger":"cosmos.converter","filename":"converter.py","lineno":390}
{"timestamp":"2026-06-29T07:06:12.479582Z","level":"info","event":"Filling up the DagBag from /tmp/airflow/dag_bundles/my-git-repo/tracking_repo/airflow-dags/steam/DAG_steam_api.py","logger":"airflow.models.dagbag.DagBag","filename":"dagbag.py","lineno":593}
{"timestamp":"2026-06-29T07:06:12.945060Z","level":"info","event":"Project /tmp/airflow/dag_bundles/my-git-repo/tracking_repo/dbt_project does not have {'dependencies.yml', 'packages.yml'}","logger":"cosmos.dbt.project","filename":"project.py","lineno":40}
{"timestamp":"2026-06-29T07:06:12.945727Z","level":"info","event":"::group::Cosmos DAG parsing logs","logger":"cosmos.converter","filename":"converter.py","lineno":293}
{"timestamp":"2026-06-29T07:06:12.946090Z","level":"info","event":"Trying to parse the dbt project using dbt ls cache cosmos_cache__get_games_metadata__dbt_transform...","logger":"cosmos.dbt.graph","filename":"graph.py","lineno":781}
{"timestamp":"2026-06-29T07:06:12.954450Z","level":"info","event":"Cosmos performance: time to calculate cache identifier cosmos_cache__get_games_metadata__dbt_transform for current version: 0.0006155839946586639","logger":"cosmos.cache","filename":"cache.py","lineno":333}
{"timestamp":"2026-06-29T07:06:12.954512Z","level":"info","event":"Cosmos performance [d2f09bca74c9|5461]: The cache size for cosmos_cache__get_games_metadata__dbt_transform is 5873","logger":"cosmos.dbt.graph","filename":"graph.py","lineno":798}
{"timestamp":"2026-06-29T07:06:12.954701Z","level":"info","event":"Cosmos performance: Cache hit for cosmos_cache__get_games_metadata__dbt_transform - 5d5dc19a4d21d68d9e2dd97b4b147311,84441d245827577361e239eef1354057","logger":"cosmos.dbt.graph","filename":"graph.py","lineno":806}
{"timestamp":"2026-06-29T07:06:12.954938Z","level":"info","event":"Total nodes: 6","logger":"cosmos.dbt.graph","filename":"graph.py","lineno":711}
{"timestamp":"2026-06-29T07:06:12.954983Z","level":"info","event":"Total filtered nodes: 6","logger":"cosmos.dbt.graph","filename":"graph.py","lineno":712}
{"timestamp":"2026-06-29T07:06:12.955018Z","level":"info","event":"Cosmos performance (get_games_metadata__dbt_transform) -  [d2f09bca74c9|5461]: It took 0.00895s to parse the dbt project for DAG using LoadMode.DBT_LS_CACHE","logger":"cosmos.converter","filename":"converter.py","lineno":340}
{"timestamp":"2026-06-29T07:06:12.955262Z","level":"info","event":"Project /tmp/airflow/dag_bundles/my-git-repo/tracking_repo/dbt_project does not have {'dependencies.yml', 'packages.yml'}","logger":"cosmos.dbt.project","filename":"project.py","lineno":40}
{"timestamp":"2026-06-29T07:06:12.955669Z","level":"info","event":"Project /tmp/airflow/dag_bundles/my-git-repo/tracking_repo/dbt_project does not have {'dependencies.yml', 'packages.yml'}","logger":"cosmos.dbt.project","filename":"project.py","lineno":40}
{"timestamp":"2026-06-29T07:06:12.956103Z","level":"info","event":"Project /tmp/airflow/dag_bundles/my-git-repo/tracking_repo/dbt_project does not have {'dependencies.yml', 'packages.yml'}","logger":"cosmos.dbt.project","filename":"project.py","lineno":40}
{"timestamp":"2026-06-29T07:06:12.956472Z","level":"info","event":"Project /tmp/airflow/dag_bundles/my-git-repo/tracking_repo/dbt_project does not have {'dependencies.yml', 'packages.yml'}","logger":"cosmos.dbt.project","filename":"project.py","lineno":40}
{"timestamp":"2026-06-29T07:06:12.956848Z","level":"info","event":"Project /tmp/airflow/dag_bundles/my-git-repo/tracking_repo/dbt_project does not have {'dependencies.yml', 'packages.yml'}","logger":"cosmos.dbt.project","filename":"project.py","lineno":40}
{"timestamp":"2026-06-29T07:06:12.957220Z","level":"info","event":"Project /tmp/airflow/dag_bundles/my-git-repo/tracking_repo/dbt_project does not have {'dependencies.yml', 'packages.yml'}","logger":"cosmos.dbt.project","filename":"project.py","lineno":40}
{"timestamp":"2026-06-29T07:06:12.957654Z","level":"info","event":"Project /tmp/airflow/dag_bundles/my-git-repo/tracking_repo/dbt_project does not have {'dependencies.yml', 'packages.yml'}","logger":"cosmos.dbt.project","filename":"project.py","lineno":40}
{"timestamp":"2026-06-29T07:06:12.957878Z","level":"info","event":"Cosmos performance (get_games_metadata__dbt_transform) - [d2f09bca74c9|5461]: It took 0.00286s to build the Airflow DAG.","logger":"cosmos.converter","filename":"converter.py","lineno":387}
{"timestamp":"2026-06-29T07:06:12.957912Z","level":"info","event":"::endgroup::Cosmos DAG parsing logs","logger":"cosmos.converter","filename":"converter.py","lineno":390}
{"timestamp":"2026-06-29T07:06:42.990744Z","level":"info","event":"Filling up the DagBag from /tmp/airflow/dag_bundles/my-git-repo/tracking_repo/airflow-dags/steam/DAG_steam_api.py","logger":"airflow.models.dagbag.DagBag","filename":"dagbag.py","lineno":593}
{"timestamp":"2026-06-29T07:06:43.432600Z","level":"info","event":"Project /tmp/airflow/dag_bundles/my-git-repo/tracking_repo/dbt_project does not have {'dependencies.yml', 'packages.yml'}","logger":"cosmos.dbt.project","filename":"project.py","lineno":40}
{"timestamp":"2026-06-29T07:06:43.433373Z","level":"info","event":"::group::Cosmos DAG parsing logs","logger":"cosmos.converter","filename":"converter.py","lineno":293}
{"timestamp":"2026-06-29T07:06:43.433703Z","level":"info","event":"Trying to parse the dbt project using dbt ls cache cosmos_cache__get_games_metadata__dbt_transform...","logger":"cosmos.dbt.graph","filename":"graph.py","lineno":781}
{"timestamp":"2026-06-29T07:06:43.443500Z","level":"info","event":"Cosmos performance: time to calculate cache identifier cosmos_cache__get_games_metadata__dbt_transform for current version: 0.0003762499982258305","logger":"cosmos.cache","filename":"cache.py","lineno":333}
{"timestamp":"2026-06-29T07:06:43.443554Z","level":"info","event":"Cosmos performance [d2f09bca74c9|5489]: The cache size for cosmos_cache__get_games_metadata__dbt_transform is 5873","logger":"cosmos.dbt.graph","filename":"graph.py","lineno":798}
{"timestamp":"2026-06-29T07:06:43.443712Z","level":"info","event":"Cosmos performance: Cache hit for cosmos_cache__get_games_metadata__dbt_transform - 5d5dc19a4d21d68d9e2dd97b4b147311,84441d245827577361e239eef1354057","logger":"cosmos.dbt.graph","filename":"graph.py","lineno":806}
{"timestamp":"2026-06-29T07:06:43.443892Z","level":"info","event":"Total nodes: 6","logger":"cosmos.dbt.graph","filename":"graph.py","lineno":711}
{"timestamp":"2026-06-29T07:06:43.443934Z","level":"info","event":"Total filtered nodes: 6","logger":"cosmos.dbt.graph","filename":"graph.py","lineno":712}
{"timestamp":"2026-06-29T07:06:43.443973Z","level":"info","event":"Cosmos performance (get_games_metadata__dbt_transform) -  [d2f09bca74c9|5489]: It took 0.0103s to parse the dbt project for DAG using LoadMode.DBT_LS_CACHE","logger":"cosmos.converter","filename":"converter.py","lineno":340}
{"timestamp":"2026-06-29T07:06:43.444215Z","level":"info","event":"Project /tmp/airflow/dag_bundles/my-git-repo/tracking_repo/dbt_project does not have {'dependencies.yml', 'packages.yml'}","logger":"cosmos.dbt.project","filename":"project.py","lineno":40}
{"timestamp":"2026-06-29T07:06:43.444625Z","level":"info","event":"Project /tmp/airflow/dag_bundles/my-git-repo/tracking_repo/dbt_project does not have {'dependencies.yml', 'packages.yml'}","logger":"cosmos.dbt.project","filename":"project.py","lineno":40}
{"timestamp":"2026-06-29T07:06:43.445028Z","level":"info","event":"Project /tmp/airflow/dag_bundles/my-git-repo/tracking_repo/dbt_project does not have {'dependencies.yml', 'packages.yml'}","logger":"cosmos.dbt.project","filename":"project.py","lineno":40}
{"timestamp":"2026-06-29T07:06:43.445378Z","level":"info","event":"Project /tmp/airflow/dag_bundles/my-git-repo/tracking_repo/dbt_project does not have {'dependencies.yml', 'packages.yml'}","logger":"cosmos.dbt.project","filename":"project.py","lineno":40}
{"timestamp":"2026-06-29T07:06:43.445714Z","level":"info","event":"Project /tmp/airflow/dag_bundles/my-git-repo/tracking_repo/dbt_project does not have {'dependencies.yml', 'packages.yml'}","logger":"cosmos.dbt.project","filename":"project.py","lineno":40}
{"timestamp":"2026-06-29T07:06:43.446028Z","level":"info","event":"Project /tmp/airflow/dag_bundles/my-git-repo/tracking_repo/dbt_project does not have {'dependencies.yml', 'packages.yml'}","logger":"cosmos.dbt.project","filename":"project.py","lineno":40}
{"timestamp":"2026-06-29T07:06:43.446352Z","level":"info","event":"Project /tmp/airflow/dag_bundles/my-git-repo/tracking_repo/dbt_project does not have {'dependencies.yml', 'packages.yml'}","logger":"cosmos.dbt.project","filename":"project.py","lineno":40}
{"timestamp":"2026-06-29T07:06:43.446560Z","level":"info","event":"Cosmos performance (get_games_metadata__dbt_transform) - [d2f09bca74c9|5489]: It took 0.00259s to build the Airflow DAG.","logger":"cosmos.converter","filename":"converter.py","lineno":387}
{"timestamp":"2026-06-29T07:06:43.446591Z","level":"info","event":"::endgroup::Cosmos DAG parsing logs","logger":"cosmos.converter","filename":"converter.py","lineno":390}
{"timestamp":"2026-06-29T07:07:14.320995Z","level":"info","event":"Filling up the DagBag from /tmp/airflow/dag_bundles/my-git-repo/tracking_repo/airflow-dags/steam/DAG_steam_api.py","logger":"airflow.models.dagbag.DagBag","filename":"dagbag.py","lineno":593}
{"timestamp":"2026-06-29T07:07:14.726718Z","level":"info","event":"Project /tmp/airflow/dag_bundles/my-git-repo/tracking_repo/dbt_project does not have {'dependencies.yml', 'packages.yml'}","logger":"cosmos.dbt.project","filename":"project.py","lineno":40}
{"timestamp":"2026-06-29T07:07:14.727325Z","level":"info","event":"::group::Cosmos DAG parsing logs","logger":"cosmos.converter","filename":"converter.py","lineno":293}
{"timestamp":"2026-06-29T07:07:14.727593Z","level":"info","event":"Trying to parse the dbt project using dbt ls cache cosmos_cache__get_games_metadata__dbt_transform...","logger":"cosmos.dbt.graph","filename":"graph.py","lineno":781}
{"timestamp":"2026-06-29T07:07:14.735599Z","level":"info","event":"Cosmos performance: time to calculate cache identifier cosmos_cache__get_games_metadata__dbt_transform for current version: 0.0004076249970239587","logger":"cosmos.cache","filename":"cache.py","lineno":333}
{"timestamp":"2026-06-29T07:07:14.735678Z","level":"info","event":"Cosmos performance [d2f09bca74c9|5517]: The cache size for cosmos_cache__get_games_metadata__dbt_transform is 5873","logger":"cosmos.dbt.graph","filename":"graph.py","lineno":798}
{"timestamp":"2026-06-29T07:07:14.735850Z","level":"info","event":"Cosmos performance: Cache hit for cosmos_cache__get_games_metadata__dbt_transform - 5d5dc19a4d21d68d9e2dd97b4b147311,84441d245827577361e239eef1354057","logger":"cosmos.dbt.graph","filename":"graph.py","lineno":806}
{"timestamp":"2026-06-29T07:07:14.736068Z","level":"info","event":"Total nodes: 6","logger":"cosmos.dbt.graph","filename":"graph.py","lineno":711}
{"timestamp":"2026-06-29T07:07:14.736100Z","level":"info","event":"Total filtered nodes: 6","logger":"cosmos.dbt.graph","filename":"graph.py","lineno":712}
{"timestamp":"2026-06-29T07:07:14.736142Z","level":"info","event":"Cosmos performance (get_games_metadata__dbt_transform) -  [d2f09bca74c9|5517]: It took 0.00856s to parse the dbt project for DAG using LoadMode.DBT_LS_CACHE","logger":"cosmos.converter","filename":"converter.py","lineno":340}
{"timestamp":"2026-06-29T07:07:14.736400Z","level":"info","event":"Project /tmp/airflow/dag_bundles/my-git-repo/tracking_repo/dbt_project does not have {'dependencies.yml', 'packages.yml'}","logger":"cosmos.dbt.project","filename":"project.py","lineno":40}
{"timestamp":"2026-06-29T07:07:14.736826Z","level":"info","event":"Project /tmp/airflow/dag_bundles/my-git-repo/tracking_repo/dbt_project does not have {'dependencies.yml', 'packages.yml'}","logger":"cosmos.dbt.project","filename":"project.py","lineno":40}
{"timestamp":"2026-06-29T07:07:14.737268Z","level":"info","event":"Project /tmp/airflow/dag_bundles/my-git-repo/tracking_repo/dbt_project does not have {'dependencies.yml', 'packages.yml'}","logger":"cosmos.dbt.project","filename":"project.py","lineno":40}
{"timestamp":"2026-06-29T07:07:14.737680Z","level":"info","event":"Project /tmp/airflow/dag_bundles/my-git-repo/tracking_repo/dbt_project does not have {'dependencies.yml', 'packages.yml'}","logger":"cosmos.dbt.project","filename":"project.py","lineno":40}
{"timestamp":"2026-06-29T07:07:14.738045Z","level":"info","event":"Project /tmp/airflow/dag_bundles/my-git-repo/tracking_repo/dbt_project does not have {'dependencies.yml', 'packages.yml'}","logger":"cosmos.dbt.project","filename":"project.py","lineno":40}
{"timestamp":"2026-06-29T07:07:14.738393Z","level":"info","event":"Project /tmp/airflow/dag_bundles/my-git-repo/tracking_repo/dbt_project does not have {'dependencies.yml', 'packages.yml'}","logger":"cosmos.dbt.project","filename":"project.py","lineno":40}
{"timestamp":"2026-06-29T07:07:14.738834Z","level":"info","event":"Project /tmp/airflow/dag_bundles/my-git-repo/tracking_repo/dbt_project does not have {'dependencies.yml', 'packages.yml'}","logger":"cosmos.dbt.project","filename":"project.py","lineno":40}
{"timestamp":"2026-06-29T07:07:14.739082Z","level":"info","event":"Cosmos performance (get_games_metadata__dbt_transform) - [d2f09bca74c9|5517]: It took 0.00294s to build the Airflow DAG.","logger":"cosmos.converter","filename":"converter.py","lineno":387}
{"timestamp":"2026-06-29T07:07:14.739118Z","level":"info","event":"::endgroup::Cosmos DAG parsing logs","logger":"cosmos.converter","filename":"converter.py","lineno":390}
{"timestamp":"2026-06-29T07:07:45.532862Z","level":"info","event":"Filling up the DagBag from /tmp/airflow/dag_bundles/my-git-repo/tracking_repo/airflow-dags/steam/DAG_steam_api.py","logger":"airflow.models.dagbag.DagBag","filename":"dagbag.py","lineno":593}
{"timestamp":"2026-06-29T07:07:45.957506Z","level":"info","event":"Project /tmp/airflow/dag_bundles/my-git-repo/tracking_repo/dbt_project does not have {'dependencies.yml', 'packages.yml'}","logger":"cosmos.dbt.project","filename":"project.py","lineno":40}
{"timestamp":"2026-06-29T07:07:45.958173Z","level":"info","event":"::group::Cosmos DAG parsing logs","logger":"cosmos.converter","filename":"converter.py","lineno":293}
{"timestamp":"2026-06-29T07:07:45.958484Z","level":"info","event":"Trying to parse the dbt project using dbt ls cache cosmos_cache__get_games_metadata__dbt_transform...","logger":"cosmos.dbt.graph","filename":"graph.py","lineno":781}
{"timestamp":"2026-06-29T07:07:45.965040Z","level":"info","event":"Cosmos performance: time to calculate cache identifier cosmos_cache__get_games_metadata__dbt_transform for current version: 0.00038220800342969596","logger":"cosmos.cache","filename":"cache.py","lineno":333}
{"timestamp":"2026-06-29T07:07:45.965107Z","level":"info","event":"Cosmos performance [d2f09bca74c9|5544]: The cache size for cosmos_cache__get_games_metadata__dbt_transform is 5873","logger":"cosmos.dbt.graph","filename":"graph.py","lineno":798}
{"timestamp":"2026-06-29T07:07:45.965267Z","level":"info","event":"Cosmos performance: Cache hit for cosmos_cache__get_games_metadata__dbt_transform - 5d5dc19a4d21d68d9e2dd97b4b147311,84441d245827577361e239eef1354057","logger":"cosmos.dbt.graph","filename":"graph.py","lineno":806}
{"timestamp":"2026-06-29T07:07:45.965462Z","level":"info","event":"Total nodes: 6","logger":"cosmos.dbt.graph","filename":"graph.py","lineno":711}
{"timestamp":"2026-06-29T07:07:45.965495Z","level":"info","event":"Total filtered nodes: 6","logger":"cosmos.dbt.graph","filename":"graph.py","lineno":712}
{"timestamp":"2026-06-29T07:07:45.965531Z","level":"info","event":"Cosmos performance (get_games_metadata__dbt_transform) -  [d2f09bca74c9|5544]: It took 0.00707s to parse the dbt project for DAG using LoadMode.DBT_LS_CACHE","logger":"cosmos.converter","filename":"converter.py","lineno":340}
{"timestamp":"2026-06-29T07:07:45.965786Z","level":"info","event":"Project /tmp/airflow/dag_bundles/my-git-repo/tracking_repo/dbt_project does not have {'dependencies.yml', 'packages.yml'}","logger":"cosmos.dbt.project","filename":"project.py","lineno":40}
{"timestamp":"2026-06-29T07:07:45.966207Z","level":"info","event":"Project /tmp/airflow/dag_bundles/my-git-repo/tracking_repo/dbt_project does not have {'dependencies.yml', 'packages.yml'}","logger":"cosmos.dbt.project","filename":"project.py","lineno":40}
{"timestamp":"2026-06-29T07:07:45.966619Z","level":"info","event":"Project /tmp/airflow/dag_bundles/my-git-repo/tracking_repo/dbt_project does not have {'dependencies.yml', 'packages.yml'}","logger":"cosmos.dbt.project","filename":"project.py","lineno":40}
{"timestamp":"2026-06-29T07:07:45.967026Z","level":"info","event":"Project /tmp/airflow/dag_bundles/my-git-repo/tracking_repo/dbt_project does not have {'dependencies.yml', 'packages.yml'}","logger":"cosmos.dbt.project","filename":"project.py","lineno":40}
{"timestamp":"2026-06-29T07:07:45.967394Z","level":"info","event":"Project /tmp/airflow/dag_bundles/my-git-repo/tracking_repo/dbt_project does not have {'dependencies.yml', 'packages.yml'}","logger":"cosmos.dbt.project","filename":"project.py","lineno":40}
{"timestamp":"2026-06-29T07:07:45.967748Z","level":"info","event":"Project /tmp/airflow/dag_bundles/my-git-repo/tracking_repo/dbt_project does not have {'dependencies.yml', 'packages.yml'}","logger":"cosmos.dbt.project","filename":"project.py","lineno":40}
{"timestamp":"2026-06-29T07:07:45.968081Z","level":"info","event":"Project /tmp/airflow/dag_bundles/my-git-repo/tracking_repo/dbt_project does not have {'dependencies.yml', 'packages.yml'}","logger":"cosmos.dbt.project","filename":"project.py","lineno":40}
{"timestamp":"2026-06-29T07:07:45.968317Z","level":"info","event":"Cosmos performance (get_games_metadata__dbt_transform) - [d2f09bca74c9|5544]: It took 0.00278s to build the Airflow DAG.","logger":"cosmos.converter","filename":"converter.py","lineno":387}
{"timestamp":"2026-06-29T07:07:45.968352Z","level":"info","event":"::endgroup::Cosmos DAG parsing logs","logger":"cosmos.converter","filename":"converter.py","lineno":390}
{"timestamp":"2026-06-29T07:08:16.550476Z","level":"info","event":"Filling up the DagBag from /tmp/airflow/dag_bundles/my-git-repo/tracking_repo/airflow-dags/steam/DAG_steam_api.py","logger":"airflow.models.dagbag.DagBag","filename":"dagbag.py","lineno":593}
{"timestamp":"2026-06-29T07:08:16.959089Z","level":"info","event":"Project /tmp/airflow/dag_bundles/my-git-repo/tracking_repo/dbt_project does not have {'dependencies.yml', 'packages.yml'}","logger":"cosmos.dbt.project","filename":"project.py","lineno":40}
{"timestamp":"2026-06-29T07:08:16.959846Z","level":"info","event":"::group::Cosmos DAG parsing logs","logger":"cosmos.converter","filename":"converter.py","lineno":293}
{"timestamp":"2026-06-29T07:08:16.960159Z","level":"info","event":"Trying to parse the dbt project using dbt ls cache cosmos_cache__get_games_metadata__dbt_transform...","logger":"cosmos.dbt.graph","filename":"graph.py","lineno":781}
{"timestamp":"2026-06-29T07:08:16.967120Z","level":"info","event":"Cosmos performance: time to calculate cache identifier cosmos_cache__get_games_metadata__dbt_transform for current version: 0.0004045829991810024","logger":"cosmos.cache","filename":"cache.py","lineno":333}
{"timestamp":"2026-06-29T07:08:16.967177Z","level":"info","event":"Cosmos performance [d2f09bca74c9|5587]: The cache size for cosmos_cache__get_games_metadata__dbt_transform is 5873","logger":"cosmos.dbt.graph","filename":"graph.py","lineno":798}
{"timestamp":"2026-06-29T07:08:16.967322Z","level":"info","event":"Cosmos performance: Cache hit for cosmos_cache__get_games_metadata__dbt_transform - 5d5dc19a4d21d68d9e2dd97b4b147311,84441d245827577361e239eef1354057","logger":"cosmos.dbt.graph","filename":"graph.py","lineno":806}
{"timestamp":"2026-06-29T07:08:16.967524Z","level":"info","event":"Total nodes: 6","logger":"cosmos.dbt.graph","filename":"graph.py","lineno":711}
{"timestamp":"2026-06-29T07:08:16.967563Z","level":"info","event":"Total filtered nodes: 6","logger":"cosmos.dbt.graph","filename":"graph.py","lineno":712}
{"timestamp":"2026-06-29T07:08:16.967604Z","level":"info","event":"Cosmos performance (get_games_metadata__dbt_transform) -  [d2f09bca74c9|5587]: It took 0.00748s to parse the dbt project for DAG using LoadMode.DBT_LS_CACHE","logger":"cosmos.converter","filename":"converter.py","lineno":340}
{"timestamp":"2026-06-29T07:08:16.967853Z","level":"info","event":"Project /tmp/airflow/dag_bundles/my-git-repo/tracking_repo/dbt_project does not have {'dependencies.yml', 'packages.yml'}","logger":"cosmos.dbt.project","filename":"project.py","lineno":40}
{"timestamp":"2026-06-29T07:08:16.968224Z","level":"info","event":"Project /tmp/airflow/dag_bundles/my-git-repo/tracking_repo/dbt_project does not have {'dependencies.yml', 'packages.yml'}","logger":"cosmos.dbt.project","filename":"project.py","lineno":40}
{"timestamp":"2026-06-29T07:08:16.968659Z","level":"info","event":"Project /tmp/airflow/dag_bundles/my-git-repo/tracking_repo/dbt_project does not have {'dependencies.yml', 'packages.yml'}","logger":"cosmos.dbt.project","filename":"project.py","lineno":40}
{"timestamp":"2026-06-29T07:08:16.969077Z","level":"info","event":"Project /tmp/airflow/dag_bundles/my-git-repo/tracking_repo/dbt_project does not have {'dependencies.yml', 'packages.yml'}","logger":"cosmos.dbt.project","filename":"project.py","lineno":40}
{"timestamp":"2026-06-29T07:08:16.969443Z","level":"info","event":"Project /tmp/airflow/dag_bundles/my-git-repo/tracking_repo/dbt_project does not have {'dependencies.yml', 'packages.yml'}","logger":"cosmos.dbt.project","filename":"project.py","lineno":40}
{"timestamp":"2026-06-29T07:08:16.969797Z","level":"info","event":"Project /tmp/airflow/dag_bundles/my-git-repo/tracking_repo/dbt_project does not have {'dependencies.yml', 'packages.yml'}","logger":"cosmos.dbt.project","filename":"project.py","lineno":40}
{"timestamp":"2026-06-29T07:08:16.970230Z","level":"info","event":"Project /tmp/airflow/dag_bundles/my-git-repo/tracking_repo/dbt_project does not have {'dependencies.yml', 'packages.yml'}","logger":"cosmos.dbt.project","filename":"project.py","lineno":40}
{"timestamp":"2026-06-29T07:08:16.970440Z","level":"info","event":"Cosmos performance (get_games_metadata__dbt_transform) - [d2f09bca74c9|5587]: It took 0.00283s to build the Airflow DAG.","logger":"cosmos.converter","filename":"converter.py","lineno":387}
{"timestamp":"2026-06-29T07:08:16.970471Z","level":"info","event":"::endgroup::Cosmos DAG parsing logs","logger":"cosmos.converter","filename":"converter.py","lineno":390}
{"timestamp":"2026-06-29T07:08:47.838704Z","level":"info","event":"Filling up the DagBag from /tmp/airflow/dag_bundles/my-git-repo/tracking_repo/airflow-dags/steam/DAG_steam_api.py","logger":"airflow.models.dagbag.DagBag","filename":"dagbag.py","lineno":593}
{"timestamp":"2026-06-29T07:08:48.536307Z","level":"error","event":"Failed to import: /tmp/airflow/dag_bundles/my-git-repo/tracking_repo/airflow-dags/steam/DAG_steam_api.py","logger":"airflow.models.dagbag.DagBag","filename":"dagbag.py","lineno":415,"error_detail":[{"exc_type":"ConnectionError","exc_value":"HTTPConnectionPool(host='lakekeeper', port=8181): Max retries exceeded with url: /catalog/v1/config?warehouse=lakehouse_warehouse (Caused by NewConnectionError(\"HTTPConnection(host='lakekeeper', port=8181): Failed to establish a new connection: [Errno 111] Connection refused\"))","exc_notes":[],"syntax_error":null,"is_cause":false,"frames":[{"filename":"/home/airflow/.local/lib/python3.12/site-packages/airflow/models/dagbag.py","lineno":405,"name":"parse"},{"filename":"<frozen importlib._bootstrap_external>","lineno":999,"name":"exec_module"},{"filename":"<frozen importlib._bootstrap>","lineno":488,"name":"_call_with_frames_removed"},{"filename":"/tmp/airflow/dag_bundles/my-git-repo/tracking_repo/airflow-dags/steam/DAG_steam_api.py","lineno":11,"name":"<module>"},{"filename":"/tmp/airflow/dag_bundles/my-git-repo/tracking_repo/airflow-dags/common/__init__.py","lineno":1,"name":"<module>"},{"filename":"/tmp/airflow/dag_bundles/my-git-repo/tracking_repo/airflow-dags/common/transform.py","lineno":3,"name":"<module>"},{"filename":"/tmp/airflow/dag_bundles/my-git-repo/tracking_repo/airflow-dags/common/connections.py","lineno":17,"name":"<module>"},{"filename":"/home/airflow/.local/lib/python3.12/site-packages/pyiceberg/catalog/rest/__init__.py","lineno":354,"name":"__init__"},{"filename":"/home/airflow/.local/lib/python3.12/site-packages/pyiceberg/catalog/rest/__init__.py","lineno":623,"name":"_fetch_config"},{"filename":"/home/airflow/.local/lib/python3.12/site-packages/requests/sessions.py","lineno":602,"name":"get"},{"filename":"/home/airflow/.local/lib/python3.12/site-packages/requests/sessions.py","lineno":589,"name":"request"},{"filename":"/home/airflow/.local/lib/python3.12/site-packages/requests/sessions.py","lineno":703,"name":"send"},{"filename":"/home/airflow/.local/lib/python3.12/site-packages/requests/adapters.py","lineno":677,"name":"send"}],"is_group":false,"exceptions":[]},{"exc_type":"MaxRetryError","exc_value":"HTTPConnectionPool(host='lakekeeper', port=8181): Max retries exceeded with url: /catalog/v1/config?warehouse=lakehouse_warehouse (Caused by NewConnectionError(\"HTTPConnection(host='lakekeeper', port=8181): Failed to establish a new connection: [Errno 111] Connection refused\"))","exc_notes":[],"syntax_error":null,"is_cause":false,"frames":[{"filename":"/home/airflow/.local/lib/python3.12/site-packages/requests/adapters.py","lineno":644,"name":"send"},{"filename":"/home/airflow/.local/lib/python3.12/site-packages/urllib3/connectionpool.py","lineno":841,"name":"urlopen"},{"filename":"/home/airflow/.local/lib/python3.12/site-packages/urllib3/util/retry.py","lineno":535,"name":"increment"}],"is_group":false,"exceptions":[]},{"exc_type":"NewConnectionError","exc_value":"HTTPConnection(host='lakekeeper', port=8181): Failed to establish a new connection: [Errno 111] Connection refused","exc_notes":[],"syntax_error":null,"is_cause":true,"frames":[{"filename":"/home/airflow/.local/lib/python3.12/site-packages/urllib3/connectionpool.py","lineno":787,"name":"urlopen"},{"filename":"/home/airflow/.local/lib/python3.12/site-packages/urllib3/connectionpool.py","lineno":493,"name":"_make_request"},{"filename":"/home/airflow/.local/lib/python3.12/site-packages/urllib3/connection.py","lineno":500,"name":"request"},{"filename":"/usr/python/lib/python3.12/http/client.py","lineno":1333,"name":"endheaders"},{"filename":"/usr/python/lib/python3.12/http/client.py","lineno":1093,"name":"_send_output"},{"filename":"/usr/python/lib/python3.12/http/client.py","lineno":1037,"name":"send"},{"filename":"/home/airflow/.local/lib/python3.12/site-packages/urllib3/connection.py","lineno":331,"name":"connect"},{"filename":"/home/airflow/.local/lib/python3.12/site-packages/urllib3/connection.py","lineno":219,"name":"_new_conn"}],"is_group":false,"exceptions":[]},{"exc_type":"ConnectionRefusedError","exc_value":"[Errno 111] Connection refused","exc_notes":[],"syntax_error":null,"is_cause":true,"frames":[{"filename":"/home/airflow/.local/lib/python3.12/site-packages/urllib3/connection.py","lineno":204,"name":"_new_conn"},{"filename":"/home/airflow/.local/lib/python3.12/site-packages/urllib3/util/connection.py","lineno":85,"name":"create_connection"},{"filename":"/home/airflow/.local/lib/python3.12/site-packages/urllib3/util/connection.py","lineno":73,"name":"create_connection"}],"is_group":false,"exceptions":[]}]}
{"timestamp":"2026-06-29T07:09:18.610117Z","level":"info","event":"Filling up the DagBag from /tmp/airflow/dag_bundles/my-git-repo/tracking_repo/airflow-dags/steam/DAG_steam_api.py","logger":"airflow.models.dagbag.DagBag","filename":"dagbag.py","lineno":593}
{"timestamp":"2026-06-29T07:09:19.057859Z","level":"info","event":"Project /tmp/airflow/dag_bundles/my-git-repo/tracking_repo/dbt_project does not have {'dependencies.yml', 'packages.yml'}","logger":"cosmos.dbt.project","filename":"project.py","lineno":40}
{"timestamp":"2026-06-29T07:09:19.058534Z","level":"info","event":"::group::Cosmos DAG parsing logs","logger":"cosmos.converter","filename":"converter.py","lineno":293}
{"timestamp":"2026-06-29T07:09:19.058832Z","level":"info","event":"Trying to parse the dbt project using dbt ls cache cosmos_cache__get_games_metadata__dbt_transform...","logger":"cosmos.dbt.graph","filename":"graph.py","lineno":781}
{"timestamp":"2026-06-29T07:09:19.069128Z","level":"info","event":"Cosmos performance: time to calculate cache identifier cosmos_cache__get_games_metadata__dbt_transform for current version: 0.00036862499837297946","logger":"cosmos.cache","filename":"cache.py","lineno":333}
{"timestamp":"2026-06-29T07:09:19.069187Z","level":"info","event":"Cosmos performance [d2f09bca74c9|5641]: The cache size for cosmos_cache__get_games_metadata__dbt_transform is 5873","logger":"cosmos.dbt.graph","filename":"graph.py","lineno":798}
{"timestamp":"2026-06-29T07:09:19.069341Z","level":"info","event":"Cosmos performance: Cache hit for cosmos_cache__get_games_metadata__dbt_transform - 5d5dc19a4d21d68d9e2dd97b4b147311,84441d245827577361e239eef1354057","logger":"cosmos.dbt.graph","filename":"graph.py","lineno":806}
{"timestamp":"2026-06-29T07:09:19.069539Z","level":"info","event":"Total nodes: 6","logger":"cosmos.dbt.graph","filename":"graph.py","lineno":711}
{"timestamp":"2026-06-29T07:09:19.069572Z","level":"info","event":"Total filtered nodes: 6","logger":"cosmos.dbt.graph","filename":"graph.py","lineno":712}
{"timestamp":"2026-06-29T07:09:19.069609Z","level":"info","event":"Cosmos performance (get_games_metadata__dbt_transform) -  [d2f09bca74c9|5641]: It took 0.0108s to parse the dbt project for DAG using LoadMode.DBT_LS_CACHE","logger":"cosmos.converter","filename":"converter.py","lineno":340}
{"timestamp":"2026-06-29T07:09:19.069828Z","level":"info","event":"Project /tmp/airflow/dag_bundles/my-git-repo/tracking_repo/dbt_project does not have {'dependencies.yml', 'packages.yml'}","logger":"cosmos.dbt.project","filename":"project.py","lineno":40}
{"timestamp":"2026-06-29T07:09:19.070195Z","level":"info","event":"Project /tmp/airflow/dag_bundles/my-git-repo/tracking_repo/dbt_project does not have {'dependencies.yml', 'packages.yml'}","logger":"cosmos.dbt.project","filename":"project.py","lineno":40}
{"timestamp":"2026-06-29T07:09:19.070609Z","level":"info","event":"Project /tmp/airflow/dag_bundles/my-git-repo/tracking_repo/dbt_project does not have {'dependencies.yml', 'packages.yml'}","logger":"cosmos.dbt.project","filename":"project.py","lineno":40}
{"timestamp":"2026-06-29T07:09:19.070951Z","level":"info","event":"Project /tmp/airflow/dag_bundles/my-git-repo/tracking_repo/dbt_project does not have {'dependencies.yml', 'packages.yml'}","logger":"cosmos.dbt.project","filename":"project.py","lineno":40}
{"timestamp":"2026-06-29T07:09:19.071276Z","level":"info","event":"Project /tmp/airflow/dag_bundles/my-git-repo/tracking_repo/dbt_project does not have {'dependencies.yml', 'packages.yml'}","logger":"cosmos.dbt.project","filename":"project.py","lineno":40}
{"timestamp":"2026-06-29T07:09:19.071598Z","level":"info","event":"Project /tmp/airflow/dag_bundles/my-git-repo/tracking_repo/dbt_project does not have {'dependencies.yml', 'packages.yml'}","logger":"cosmos.dbt.project","filename":"project.py","lineno":40}
{"timestamp":"2026-06-29T07:09:19.071995Z","level":"info","event":"Project /tmp/airflow/dag_bundles/my-git-repo/tracking_repo/dbt_project does not have {'dependencies.yml', 'packages.yml'}","logger":"cosmos.dbt.project","filename":"project.py","lineno":40}
{"timestamp":"2026-06-29T07:09:19.072211Z","level":"info","event":"Cosmos performance (get_games_metadata__dbt_transform) - [d2f09bca74c9|5641]: It took 0.0026s to build the Airflow DAG.","logger":"cosmos.converter","filename":"converter.py","lineno":387}
{"timestamp":"2026-06-29T07:09:19.072243Z","level":"info","event":"::endgroup::Cosmos DAG parsing logs","logger":"cosmos.converter","filename":"converter.py","lineno":390}
{"timestamp":"2026-06-29T07:09:50.063368Z","level":"info","event":"Filling up the DagBag from /tmp/airflow/dag_bundles/my-git-repo/tracking_repo/airflow-dags/steam/DAG_steam_api.py","logger":"airflow.models.dagbag.DagBag","filename":"dagbag.py","lineno":593}
{"timestamp":"2026-06-29T07:09:50.519575Z","level":"info","event":"Project /tmp/airflow/dag_bundles/my-git-repo/tracking_repo/dbt_project does not have {'dependencies.yml', 'packages.yml'}","logger":"cosmos.dbt.project","filename":"project.py","lineno":40}
{"timestamp":"2026-06-29T07:09:50.520864Z","level":"info","event":"::group::Cosmos DAG parsing logs","logger":"cosmos.converter","filename":"converter.py","lineno":293}
{"timestamp":"2026-06-29T07:09:50.521141Z","level":"info","event":"Trying to parse the dbt project using dbt ls cache cosmos_cache__get_games_metadata__dbt_transform...","logger":"cosmos.dbt.graph","filename":"graph.py","lineno":781}
{"timestamp":"2026-06-29T07:09:50.528937Z","level":"info","event":"Cosmos performance: time to calculate cache identifier cosmos_cache__get_games_metadata__dbt_transform for current version: 0.00043316699884599075","logger":"cosmos.cache","filename":"cache.py","lineno":333}
{"timestamp":"2026-06-29T07:09:50.529005Z","level":"info","event":"Cosmos performance [d2f09bca74c9|5669]: The cache size for cosmos_cache__get_games_metadata__dbt_transform is 5873","logger":"cosmos.dbt.graph","filename":"graph.py","lineno":798}
{"timestamp":"2026-06-29T07:09:50.529182Z","level":"info","event":"Cosmos performance: Cache hit for cosmos_cache__get_games_metadata__dbt_transform - 5d5dc19a4d21d68d9e2dd97b4b147311,84441d245827577361e239eef1354057","logger":"cosmos.dbt.graph","filename":"graph.py","lineno":806}
{"timestamp":"2026-06-29T07:09:50.529372Z","level":"info","event":"Total nodes: 6","logger":"cosmos.dbt.graph","filename":"graph.py","lineno":711}
{"timestamp":"2026-06-29T07:09:50.529403Z","level":"info","event":"Total filtered nodes: 6","logger":"cosmos.dbt.graph","filename":"graph.py","lineno":712}
{"timestamp":"2026-06-29T07:09:50.529450Z","level":"info","event":"Cosmos performance (get_games_metadata__dbt_transform) -  [d2f09bca74c9|5669]: It took 0.00832s to parse the dbt project for DAG using LoadMode.DBT_LS_CACHE","logger":"cosmos.converter","filename":"converter.py","lineno":340}
{"timestamp":"2026-06-29T07:09:50.529711Z","level":"info","event":"Project /tmp/airflow/dag_bundles/my-git-repo/tracking_repo/dbt_project does not have {'dependencies.yml', 'packages.yml'}","logger":"cosmos.dbt.project","filename":"project.py","lineno":40}
{"timestamp":"2026-06-29T07:09:50.530108Z","level":"info","event":"Project /tmp/airflow/dag_bundles/my-git-repo/tracking_repo/dbt_project does not have {'dependencies.yml', 'packages.yml'}","logger":"cosmos.dbt.project","filename":"project.py","lineno":40}
{"timestamp":"2026-06-29T07:09:50.530526Z","level":"info","event":"Project /tmp/airflow/dag_bundles/my-git-repo/tracking_repo/dbt_project does not have {'dependencies.yml', 'packages.yml'}","logger":"cosmos.dbt.project","filename":"project.py","lineno":40}
{"timestamp":"2026-06-29T07:09:50.530948Z","level":"info","event":"Project /tmp/airflow/dag_bundles/my-git-repo/tracking_repo/dbt_project does not have {'dependencies.yml', 'packages.yml'}","logger":"cosmos.dbt.project","filename":"project.py","lineno":40}
{"timestamp":"2026-06-29T07:09:50.531312Z","level":"info","event":"Project /tmp/airflow/dag_bundles/my-git-repo/tracking_repo/dbt_project does not have {'dependencies.yml', 'packages.yml'}","logger":"cosmos.dbt.project","filename":"project.py","lineno":40}
{"timestamp":"2026-06-29T07:09:50.531676Z","level":"info","event":"Project /tmp/airflow/dag_bundles/my-git-repo/tracking_repo/dbt_project does not have {'dependencies.yml', 'packages.yml'}","logger":"cosmos.dbt.project","filename":"project.py","lineno":40}
{"timestamp":"2026-06-29T07:09:50.532092Z","level":"info","event":"Project /tmp/airflow/dag_bundles/my-git-repo/tracking_repo/dbt_project does not have {'dependencies.yml', 'packages.yml'}","logger":"cosmos.dbt.project","filename":"project.py","lineno":40}
{"timestamp":"2026-06-29T07:09:50.532307Z","level":"info","event":"Cosmos performance (get_games_metadata__dbt_transform) - [d2f09bca74c9|5669]: It took 0.00286s to build the Airflow DAG.","logger":"cosmos.converter","filename":"converter.py","lineno":387}
{"timestamp":"2026-06-29T07:09:50.532336Z","level":"info","event":"::endgroup::Cosmos DAG parsing logs","logger":"cosmos.converter","filename":"converter.py","lineno":390}
{"timestamp":"2026-06-29T07:17:37.775382Z","level":"info","event":"Filling up the DagBag from /tmp/airflow/dag_bundles/my-git-repo/tracking_repo/airflow-dags/steam/DAG_steam_api.py","logger":"airflow.models.dagbag.DagBag","filename":"dagbag.py","lineno":593}
{"timestamp":"2026-06-29T07:17:38.881856Z","level":"info","event":"Project /tmp/airflow/dag_bundles/my-git-repo/tracking_repo/dbt_project does not have {'dependencies.yml', 'packages.yml'}","logger":"cosmos.dbt.project","filename":"project.py","lineno":40}
{"timestamp":"2026-06-29T07:17:38.882771Z","level":"info","event":"::group::Cosmos DAG parsing logs","logger":"cosmos.converter","filename":"converter.py","lineno":293}
{"timestamp":"2026-06-29T07:17:38.883590Z","level":"info","event":"Trying to parse the dbt project using dbt ls cache cosmos_cache__get_games_metadata__dbt_transform...","logger":"cosmos.dbt.graph","filename":"graph.py","lineno":781}
{"timestamp":"2026-06-29T07:17:39.984168Z","level":"info","event":"Cosmos performance: Cache miss for cosmos_cache__get_games_metadata__dbt_transform","logger":"cosmos.dbt.graph","filename":"graph.py","lineno":787}
{"timestamp":"2026-06-29T07:17:39.984489Z","level":"info","event":"Trying to parse the dbt project in `/tmp/airflow/dag_bundles/my-git-repo/tracking_repo/dbt_project` using dbt ls...","logger":"cosmos.dbt.graph","filename":"graph.py","lineno":891}
{"timestamp":"2026-06-29T07:17:39.988363Z","level":"info","event":"Profile caching is enable.","logger":"cosmos.config","filename":"config.py","lineno":382}
{"timestamp":"2026-06-29T07:17:39.988774Z","level":"info","event":"Profile found in cache using profile: /tmp/cosmos/profile/93877f049984e53a9994c78b3b2e12a4447cdf668babf8ea0b6b0f54fc02468d/profiles.yml.","logger":"cosmos.config","filename":"config.py","lineno":362}
{"timestamp":"2026-06-29T07:17:39.988931Z","level":"info","event":"Project /tmp/airflow/dag_bundles/my-git-repo/tracking_repo/dbt_project does not have {'dependencies.yml', 'packages.yml'}","logger":"cosmos.dbt.project","filename":"project.py","lineno":40}
{"timestamp":"2026-06-29T07:17:40.994594Z","level":"info","event":"Running command with dbt Runner: `/home/airflow/.local/bin/dbt ls --output json --output-keys name unique_id resource_type depends_on original_file_path tags config freshness fqn --project-dir /tmp/tmpwpd921sp --profiles-dir /tmp/cosmos/profile/93877f049984e53a9994c78b3b2e12a4447cdf668babf8ea0b6b0f54fc02468d --profile lakehouse_profile --target dev --select stg_steam_api__games_details path:models/marts`","logger":"cosmos.dbt.graph","filename":"graph.py","lineno":296}
{"timestamp":"2026-06-29T07:17:40.994847Z","level":"info","event":"Trying to run dbtRunner with:\n ['ls', '--output', 'json', '--output-keys', 'name', 'unique_id', 'resource_type', 'depends_on', 'original_file_path', 'tags', 'config', 'freshness', 'fqn', '--project-dir', '/tmp/tmpwpd921sp', '--profiles-dir', '/tmp/cosmos/profile/93877f049984e53a9994c78b3b2e12a4447cdf668babf8ea0b6b0f54fc02468d', '--profile', 'lakehouse_profile', '--target', 'dev', '--select', 'stg_steam_api__games_details', 'path:models/marts']\n in /tmp/tmpwpd921sp","logger":"cosmos.dbt.runner","filename":"runner.py","lineno":98}
{"timestamp":"2026-06-29T07:17:41.048391Z","level":"info","event":"\u001b[0m07:17:41  Running with dbt=1.11.2","logger":"task.stdout"}
{"timestamp":"2026-06-29T07:17:41.072046Z","level":"info","event":"keyring module not found. OAuth2 token will not be stored in keyring.","logger":"trino.auth","filename":"auth.py","lineno":361}
{"timestamp":"2026-06-29T07:17:41.073285Z","level":"info","event":"keyring module not found. OAuth2 token will not be stored in keyring.","logger":"trino.auth","filename":"auth.py","lineno":361}
{"timestamp":"2026-06-29T07:17:41.250894Z","level":"info","event":"\u001b[0m07:17:41  Registered adapter: trino=1.10.1","logger":"task.stdout"}
{"timestamp":"2026-06-29T07:17:41.411378Z","level":"info","event":"\u001b[0m07:17:41  Unable to do partial parsing because saved manifest not found. Starting full parse.","logger":"task.stdout"}
{"timestamp":"2026-06-29T07:17:42.222311Z","level":"info","event":"\u001b[0m07:17:42  Found 8 models, 2 sources, 485 macros","logger":"task.stdout"}
{"timestamp":"2026-06-29T07:17:42.227459Z","level":"info","event":"{\"name\": \"deals\", \"unique_id\": \"model.dbt_project.deals\", \"resource_type\": \"model\", \"depends_on\": {\"macros\": [], \"nodes\": [\"model.dbt_project.stg_cheapshark_api__game_deals\", \"model.dbt_project.stg_steam_api__games_details\"]}, \"original_file_path\": \"models/marts/Game/deals.sql\", \"tags\": [], \"config\": {\"enabled\": true, \"alias\": null, \"schema\": \"marts\", \"database\": null, \"tags\": [], \"meta\": {}, \"group\": null, \"materialized\": \"table\", \"incremental_strategy\": null, \"batch_size\": null, \"lookback\": 1, \"begin\": null, \"persist_docs\": {}, \"post-hook\": [], \"pre-hook\": [], \"quoting\": {}, \"column_types\": {}, \"full_refresh\": null, \"unique_key\": null, \"on_schema_change\": \"ignore\", \"on_configuration_change\": \"apply\", \"grants\": {}, \"packages\": [], \"docs\": {\"show\": true, \"node_color\": null}, \"contract\": {\"enforced\": false, \"alias_types\": true}, \"event_time\": null, \"concurrent_batches\": null, \"access\": \"protected\", \"freshness\": null}, \"fqn\": [\"dbt_project\", \"marts\", \"Game\", \"deals\"]}","logger":"task.stdout"}
{"timestamp":"2026-06-29T07:17:42.227675Z","level":"info","event":"{\"name\": \"game_developers\", \"unique_id\": \"model.dbt_project.game_developers\", \"resource_type\": \"model\", \"depends_on\": {\"macros\": [], \"nodes\": [\"model.dbt_project.stg_steam_api__games_details\"]}, \"original_file_path\": \"models/marts/Game/game_developers.sql\", \"tags\": [], \"config\": {\"enabled\": true, \"alias\": null, \"schema\": \"marts\", \"database\": null, \"tags\": [], \"meta\": {}, \"group\": null, \"materialized\": \"table\", \"incremental_strategy\": null, \"batch_size\": null, \"lookback\": 1, \"begin\": null, \"persist_docs\": {}, \"post-hook\": [], \"pre-hook\": [], \"quoting\": {}, \"column_types\": {}, \"full_refresh\": null, \"unique_key\": null, \"on_schema_change\": \"ignore\", \"on_configuration_change\": \"apply\", \"grants\": {}, \"packages\": [], \"docs\": {\"show\": true, \"node_color\": null}, \"contract\": {\"enforced\": false, \"alias_types\": true}, \"event_time\": null, \"concurrent_batches\": null, \"access\": \"protected\", \"freshness\": null}, \"fqn\": [\"dbt_project\", \"marts\", \"Game\", \"game_developers\"]}","logger":"task.stdout"}
{"timestamp":"2026-06-29T07:17:42.227801Z","level":"info","event":"{\"name\": \"game_publishers\", \"unique_id\": \"model.dbt_project.game_publishers\", \"resource_type\": \"model\", \"depends_on\": {\"macros\": [], \"nodes\": [\"model.dbt_project.stg_steam_api__games_details\"]}, \"original_file_path\": \"models/marts/Game/game_publishers.sql\", \"tags\": [], \"config\": {\"enabled\": true, \"alias\": null, \"schema\": \"marts\", \"database\": null, \"tags\": [], \"meta\": {}, \"group\": null, \"materialized\": \"table\", \"incremental_strategy\": null, \"batch_size\": null, \"lookback\": 1, \"begin\": null, \"persist_docs\": {}, \"post-hook\": [], \"pre-hook\": [], \"quoting\": {}, \"column_types\": {}, \"full_refresh\": null, \"unique_key\": null, \"on_schema_change\": \"ignore\", \"on_configuration_change\": \"apply\", \"grants\": {}, \"packages\": [], \"docs\": {\"show\": true, \"node_color\": null}, \"contract\": {\"enforced\": false, \"alias_types\": true}, \"event_time\": null, \"concurrent_batches\": null, \"access\": \"protected\", \"freshness\": null}, \"fqn\": [\"dbt_project\", \"marts\", \"Game\", \"game_publishers\"]}","logger":"task.stdout"}
{"timestamp":"2026-06-29T07:17:42.227944Z","level":"info","event":"{\"name\": \"games_categories\", \"unique_id\": \"model.dbt_project.games_categories\", \"resource_type\": \"model\", \"depends_on\": {\"macros\": [], \"nodes\": [\"model.dbt_project.stg_steam_api__games_details\"]}, \"original_file_path\": \"models/marts/Game/games_categories.sql\", \"tags\": [], \"config\": {\"enabled\": true, \"alias\": null, \"schema\": \"marts\", \"database\": null, \"tags\": [], \"meta\": {}, \"group\": null, \"materialized\": \"table\", \"incremental_strategy\": null, \"batch_size\": null, \"lookback\": 1, \"begin\": null, \"persist_docs\": {}, \"post-hook\": [], \"pre-hook\": [], \"quoting\": {}, \"column_types\": {}, \"full_refresh\": null, \"unique_key\": null, \"on_schema_change\": \"ignore\", \"on_configuration_change\": \"apply\", \"grants\": {}, \"packages\": [], \"docs\": {\"show\": true, \"node_color\": null}, \"contract\": {\"enforced\": false, \"alias_types\": true}, \"event_time\": null, \"concurrent_batches\": null, \"access\": \"protected\", \"freshness\": null}, \"fqn\": [\"dbt_project\", \"marts\", \"Game\", \"games_categories\"]}","logger":"task.stdout"}
{"timestamp":"2026-06-29T07:17:42.230847Z","level":"info","event":"{\"name\": \"games_genres\", \"unique_id\": \"model.dbt_project.games_genres\", \"resource_type\": \"model\", \"depends_on\": {\"macros\": [], \"nodes\": [\"model.dbt_project.stg_steam_api__games_details\"]}, \"original_file_path\": \"models/marts/Game/games_genres.sql\", \"tags\": [], \"config\": {\"enabled\": true, \"alias\": null, \"schema\": \"marts\", \"database\": null, \"tags\": [], \"meta\": {}, \"group\": null, \"materialized\": \"table\", \"incremental_strategy\": null, \"batch_size\": null, \"lookback\": 1, \"begin\": null, \"persist_docs\": {}, \"post-hook\": [], \"pre-hook\": [], \"quoting\": {}, \"column_types\": {}, \"full_refresh\": null, \"unique_key\": null, \"on_schema_change\": \"ignore\", \"on_configuration_change\": \"apply\", \"grants\": {}, \"packages\": [], \"docs\": {\"show\": true, \"node_color\": null}, \"contract\": {\"enforced\": false, \"alias_types\": true}, \"event_time\": null, \"concurrent_batches\": null, \"access\": \"protected\", \"freshness\": null}, \"fqn\": [\"dbt_project\", \"marts\", \"Game\", \"games_genres\"]}","logger":"task.stdout"}
{"timestamp":"2026-06-29T07:17:42.230970Z","level":"info","event":"{\"name\": \"stg_steam_api__games_details\", \"unique_id\": \"model.dbt_project.stg_steam_api__games_details\", \"resource_type\": \"model\", \"depends_on\": {\"macros\": [], \"nodes\": [\"source.dbt_project.steam.steam_data\"]}, \"original_file_path\": \"models/staging/steam_api/stg_steam_api__games_details.sql\", \"tags\": [], \"config\": {\"enabled\": true, \"alias\": null, \"schema\": \"staging\", \"database\": null, \"tags\": [], \"meta\": {}, \"group\": null, \"materialized\": \"view\", \"incremental_strategy\": null, \"batch_size\": null, \"lookback\": 1, \"begin\": null, \"persist_docs\": {}, \"post-hook\": [], \"pre-hook\": [], \"quoting\": {}, \"column_types\": {}, \"full_refresh\": null, \"unique_key\": null, \"on_schema_change\": \"ignore\", \"on_configuration_change\": \"apply\", \"grants\": {}, \"packages\": [], \"docs\": {\"show\": true, \"node_color\": null}, \"contract\": {\"enforced\": false, \"alias_types\": true}, \"event_time\": null, \"concurrent_batches\": null, \"access\": \"protected\", \"freshness\": null}, \"fqn\": [\"dbt_project\", \"staging\", \"steam_api\", \"stg_steam_api__games_details\"]}","logger":"task.stdout"}
{"timestamp":"2026-06-29T07:17:43.285825Z","level":"info","event":"Cosmos performance: time to calculate cache identifier cosmos_cache__get_games_metadata__dbt_transform for current version: 0.00031795900576980785","logger":"cosmos.cache","filename":"cache.py","lineno":333}
{"timestamp":"2026-06-29T07:17:43.332875Z","level":"info","event":"Total nodes: 6","logger":"cosmos.dbt.graph","filename":"graph.py","lineno":711}
{"timestamp":"2026-06-29T07:17:43.332953Z","level":"info","event":"Total filtered nodes: 6","logger":"cosmos.dbt.graph","filename":"graph.py","lineno":712}
{"timestamp":"2026-06-29T07:17:43.333002Z","level":"info","event":"Cosmos performance (get_games_metadata__dbt_transform) -  [0603b9c2bb92|78]: It took 4.45s to parse the dbt project for DAG using LoadMode.DBT_LS","logger":"cosmos.converter","filename":"converter.py","lineno":340}
{"timestamp":"2026-06-29T07:17:43.333259Z","level":"info","event":"Project /tmp/airflow/dag_bundles/my-git-repo/tracking_repo/dbt_project does not have {'dependencies.yml', 'packages.yml'}","logger":"cosmos.dbt.project","filename":"project.py","lineno":40}
{"timestamp":"2026-06-29T07:17:43.333803Z","level":"info","event":"Project /tmp/airflow/dag_bundles/my-git-repo/tracking_repo/dbt_project does not have {'dependencies.yml', 'packages.yml'}","logger":"cosmos.dbt.project","filename":"project.py","lineno":40}
{"timestamp":"2026-06-29T07:17:43.334570Z","level":"info","event":"Project /tmp/airflow/dag_bundles/my-git-repo/tracking_repo/dbt_project does not have {'dependencies.yml', 'packages.yml'}","logger":"cosmos.dbt.project","filename":"project.py","lineno":40}
{"timestamp":"2026-06-29T07:17:43.334960Z","level":"info","event":"Project /tmp/airflow/dag_bundles/my-git-repo/tracking_repo/dbt_project does not have {'dependencies.yml', 'packages.yml'}","logger":"cosmos.dbt.project","filename":"project.py","lineno":40}
{"timestamp":"2026-06-29T07:17:43.335345Z","level":"info","event":"Project /tmp/airflow/dag_bundles/my-git-repo/tracking_repo/dbt_project does not have {'dependencies.yml', 'packages.yml'}","logger":"cosmos.dbt.project","filename":"project.py","lineno":40}
{"timestamp":"2026-06-29T07:17:43.335714Z","level":"info","event":"Project /tmp/airflow/dag_bundles/my-git-repo/tracking_repo/dbt_project does not have {'dependencies.yml', 'packages.yml'}","logger":"cosmos.dbt.project","filename":"project.py","lineno":40}
{"timestamp":"2026-06-29T07:17:43.336069Z","level":"info","event":"Project /tmp/airflow/dag_bundles/my-git-repo/tracking_repo/dbt_project does not have {'dependencies.yml', 'packages.yml'}","logger":"cosmos.dbt.project","filename":"project.py","lineno":40}
{"timestamp":"2026-06-29T07:17:43.336329Z","level":"info","event":"Cosmos performance (get_games_metadata__dbt_transform) - [0603b9c2bb92|78]: It took 0.00333s to build the Airflow DAG.","logger":"cosmos.converter","filename":"converter.py","lineno":387}
{"timestamp":"2026-06-29T07:17:43.336361Z","level":"info","event":"::endgroup::Cosmos DAG parsing logs","logger":"cosmos.converter","filename":"converter.py","lineno":390}
{"timestamp":"2026-06-29T07:18:13.727022Z","level":"info","event":"Filling up the DagBag from /tmp/airflow/dag_bundles/my-git-repo/tracking_repo/airflow-dags/steam/DAG_steam_api.py","logger":"airflow.models.dagbag.DagBag","filename":"dagbag.py","lineno":593}
{"timestamp":"2026-06-29T07:18:14.284701Z","level":"info","event":"Project /tmp/airflow/dag_bundles/my-git-repo/tracking_repo/dbt_project does not have {'dependencies.yml', 'packages.yml'}","logger":"cosmos.dbt.project","filename":"project.py","lineno":40}
{"timestamp":"2026-06-29T07:18:14.285616Z","level":"info","event":"::group::Cosmos DAG parsing logs","logger":"cosmos.converter","filename":"converter.py","lineno":293}
{"timestamp":"2026-06-29T07:18:14.285962Z","level":"info","event":"Trying to parse the dbt project using dbt ls cache cosmos_cache__get_games_metadata__dbt_transform...","logger":"cosmos.dbt.graph","filename":"graph.py","lineno":781}
{"timestamp":"2026-06-29T07:18:14.297501Z","level":"info","event":"Cosmos performance: time to calculate cache identifier cosmos_cache__get_games_metadata__dbt_transform for current version: 0.00038062500243540853","logger":"cosmos.cache","filename":"cache.py","lineno":333}
{"timestamp":"2026-06-29T07:18:14.297564Z","level":"info","event":"Cosmos performance [0603b9c2bb92|136]: The cache size for cosmos_cache__get_games_metadata__dbt_transform is 5873","logger":"cosmos.dbt.graph","filename":"graph.py","lineno":798}
{"timestamp":"2026-06-29T07:18:14.297737Z","level":"info","event":"Cosmos performance: Cache hit for cosmos_cache__get_games_metadata__dbt_transform - 5d5dc19a4d21d68d9e2dd97b4b147311,84441d245827577361e239eef1354057","logger":"cosmos.dbt.graph","filename":"graph.py","lineno":806}
{"timestamp":"2026-06-29T07:18:14.297980Z","level":"info","event":"Total nodes: 6","logger":"cosmos.dbt.graph","filename":"graph.py","lineno":711}
{"timestamp":"2026-06-29T07:18:14.298028Z","level":"info","event":"Total filtered nodes: 6","logger":"cosmos.dbt.graph","filename":"graph.py","lineno":712}
{"timestamp":"2026-06-29T07:18:14.298068Z","level":"info","event":"Cosmos performance (get_games_metadata__dbt_transform) -  [0603b9c2bb92|136]: It took 0.0121s to parse the dbt project for DAG using LoadMode.DBT_LS_CACHE","logger":"cosmos.converter","filename":"converter.py","lineno":340}
{"timestamp":"2026-06-29T07:18:14.298296Z","level":"info","event":"Project /tmp/airflow/dag_bundles/my-git-repo/tracking_repo/dbt_project does not have {'dependencies.yml', 'packages.yml'}","logger":"cosmos.dbt.project","filename":"project.py","lineno":40}
{"timestamp":"2026-06-29T07:18:14.298731Z","level":"info","event":"Project /tmp/airflow/dag_bundles/my-git-repo/tracking_repo/dbt_project does not have {'dependencies.yml', 'packages.yml'}","logger":"cosmos.dbt.project","filename":"project.py","lineno":40}
{"timestamp":"2026-06-29T07:18:14.299171Z","level":"info","event":"Project /tmp/airflow/dag_bundles/my-git-repo/tracking_repo/dbt_project does not have {'dependencies.yml', 'packages.yml'}","logger":"cosmos.dbt.project","filename":"project.py","lineno":40}
{"timestamp":"2026-06-29T07:18:14.299627Z","level":"info","event":"Project /tmp/airflow/dag_bundles/my-git-repo/tracking_repo/dbt_project does not have {'dependencies.yml', 'packages.yml'}","logger":"cosmos.dbt.project","filename":"project.py","lineno":40}
{"timestamp":"2026-06-29T07:18:14.300214Z","level":"info","event":"Project /tmp/airflow/dag_bundles/my-git-repo/tracking_repo/dbt_project does not have {'dependencies.yml', 'packages.yml'}","logger":"cosmos.dbt.project","filename":"project.py","lineno":40}
{"timestamp":"2026-06-29T07:18:14.300593Z","level":"info","event":"Project /tmp/airflow/dag_bundles/my-git-repo/tracking_repo/dbt_project does not have {'dependencies.yml', 'packages.yml'}","logger":"cosmos.dbt.project","filename":"project.py","lineno":40}
{"timestamp":"2026-06-29T07:18:14.301067Z","level":"info","event":"Project /tmp/airflow/dag_bundles/my-git-repo/tracking_repo/dbt_project does not have {'dependencies.yml', 'packages.yml'}","logger":"cosmos.dbt.project","filename":"project.py","lineno":40}
{"timestamp":"2026-06-29T07:18:14.301378Z","level":"info","event":"Cosmos performance (get_games_metadata__dbt_transform) - [0603b9c2bb92|136]: It took 0.00327s to build the Airflow DAG.","logger":"cosmos.converter","filename":"converter.py","lineno":387}
{"timestamp":"2026-06-29T07:18:14.301424Z","level":"info","event":"::endgroup::Cosmos DAG parsing logs","logger":"cosmos.converter","filename":"converter.py","lineno":390}
{"timestamp":"2026-06-29T07:18:44.764255Z","level":"info","event":"Filling up the DagBag from /tmp/airflow/dag_bundles/my-git-repo/tracking_repo/airflow-dags/steam/DAG_steam_api.py","logger":"airflow.models.dagbag.DagBag","filename":"dagbag.py","lineno":593}
{"timestamp":"2026-06-29T07:18:45.726149Z","level":"info","event":"Project /tmp/airflow/dag_bundles/my-git-repo/tracking_repo/dbt_project does not have {'dependencies.yml', 'packages.yml'}","logger":"cosmos.dbt.project","filename":"project.py","lineno":40}
{"timestamp":"2026-06-29T07:18:45.729307Z","level":"info","event":"::group::Cosmos DAG parsing logs","logger":"cosmos.converter","filename":"converter.py","lineno":293}
{"timestamp":"2026-06-29T07:18:45.729864Z","level":"info","event":"Trying to parse the dbt project using dbt ls cache cosmos_cache__get_games_metadata__dbt_transform...","logger":"cosmos.dbt.graph","filename":"graph.py","lineno":781}
{"timestamp":"2026-06-29T07:18:45.742879Z","level":"info","event":"Cosmos performance: time to calculate cache identifier cosmos_cache__get_games_metadata__dbt_transform for current version: 0.0006183750010677613","logger":"cosmos.cache","filename":"cache.py","lineno":333}
{"timestamp":"2026-06-29T07:18:45.742942Z","level":"info","event":"Cosmos performance [0603b9c2bb92|164]: The cache size for cosmos_cache__get_games_metadata__dbt_transform is 5873","logger":"cosmos.dbt.graph","filename":"graph.py","lineno":798}
{"timestamp":"2026-06-29T07:18:45.743118Z","level":"info","event":"Cosmos performance: Cache hit for cosmos_cache__get_games_metadata__dbt_transform - 5d5dc19a4d21d68d9e2dd97b4b147311,84441d245827577361e239eef1354057","logger":"cosmos.dbt.graph","filename":"graph.py","lineno":806}
{"timestamp":"2026-06-29T07:18:45.743402Z","level":"info","event":"Total nodes: 6","logger":"cosmos.dbt.graph","filename":"graph.py","lineno":711}
{"timestamp":"2026-06-29T07:18:45.743434Z","level":"info","event":"Total filtered nodes: 6","logger":"cosmos.dbt.graph","filename":"graph.py","lineno":712}
{"timestamp":"2026-06-29T07:18:45.743483Z","level":"info","event":"Cosmos performance (get_games_metadata__dbt_transform) -  [0603b9c2bb92|164]: It took 0.0137s to parse the dbt project for DAG using LoadMode.DBT_LS_CACHE","logger":"cosmos.converter","filename":"converter.py","lineno":340}
{"timestamp":"2026-06-29T07:18:45.743712Z","level":"info","event":"Project /tmp/airflow/dag_bundles/my-git-repo/tracking_repo/dbt_project does not have {'dependencies.yml', 'packages.yml'}","logger":"cosmos.dbt.project","filename":"project.py","lineno":40}
{"timestamp":"2026-06-29T07:18:45.744229Z","level":"info","event":"Project /tmp/airflow/dag_bundles/my-git-repo/tracking_repo/dbt_project does not have {'dependencies.yml', 'packages.yml'}","logger":"cosmos.dbt.project","filename":"project.py","lineno":40}
{"timestamp":"2026-06-29T07:18:45.744660Z","level":"info","event":"Project /tmp/airflow/dag_bundles/my-git-repo/tracking_repo/dbt_project does not have {'dependencies.yml', 'packages.yml'}","logger":"cosmos.dbt.project","filename":"project.py","lineno":40}
{"timestamp":"2026-06-29T07:18:45.745030Z","level":"info","event":"Project /tmp/airflow/dag_bundles/my-git-repo/tracking_repo/dbt_project does not have {'dependencies.yml', 'packages.yml'}","logger":"cosmos.dbt.project","filename":"project.py","lineno":40}
{"timestamp":"2026-06-29T07:18:45.745369Z","level":"info","event":"Project /tmp/airflow/dag_bundles/my-git-repo/tracking_repo/dbt_project does not have {'dependencies.yml', 'packages.yml'}","logger":"cosmos.dbt.project","filename":"project.py","lineno":40}
{"timestamp":"2026-06-29T07:18:45.745706Z","level":"info","event":"Project /tmp/airflow/dag_bundles/my-git-repo/tracking_repo/dbt_project does not have {'dependencies.yml', 'packages.yml'}","logger":"cosmos.dbt.project","filename":"project.py","lineno":40}
{"timestamp":"2026-06-29T07:18:45.746053Z","level":"info","event":"Project /tmp/airflow/dag_bundles/my-git-repo/tracking_repo/dbt_project does not have {'dependencies.yml', 'packages.yml'}","logger":"cosmos.dbt.project","filename":"project.py","lineno":40}
{"timestamp":"2026-06-29T07:18:45.746288Z","level":"info","event":"Cosmos performance (get_games_metadata__dbt_transform) - [0603b9c2bb92|164]: It took 0.00281s to build the Airflow DAG.","logger":"cosmos.converter","filename":"converter.py","lineno":387}
{"timestamp":"2026-06-29T07:18:45.746320Z","level":"info","event":"::endgroup::Cosmos DAG parsing logs","logger":"cosmos.converter","filename":"converter.py","lineno":390}
{"timestamp":"2026-06-29T07:19:16.120616Z","level":"info","event":"Filling up the DagBag from /tmp/airflow/dag_bundles/my-git-repo/tracking_repo/airflow-dags/steam/DAG_steam_api.py","logger":"airflow.models.dagbag.DagBag","filename":"dagbag.py","lineno":593}
{"timestamp":"2026-06-29T07:19:16.846579Z","level":"info","event":"Project /tmp/airflow/dag_bundles/my-git-repo/tracking_repo/dbt_project does not have {'dependencies.yml', 'packages.yml'}","logger":"cosmos.dbt.project","filename":"project.py","lineno":40}
{"timestamp":"2026-06-29T07:19:16.847785Z","level":"info","event":"::group::Cosmos DAG parsing logs","logger":"cosmos.converter","filename":"converter.py","lineno":293}
{"timestamp":"2026-06-29T07:19:16.848280Z","level":"info","event":"Trying to parse the dbt project using dbt ls cache cosmos_cache__get_games_metadata__dbt_transform...","logger":"cosmos.dbt.graph","filename":"graph.py","lineno":781}
{"timestamp":"2026-06-29T07:19:16.865078Z","level":"info","event":"Cosmos performance: time to calculate cache identifier cosmos_cache__get_games_metadata__dbt_transform for current version: 0.000401041004806757","logger":"cosmos.cache","filename":"cache.py","lineno":333}
{"timestamp":"2026-06-29T07:19:16.865155Z","level":"info","event":"Cosmos performance [0603b9c2bb92|191]: The cache size for cosmos_cache__get_games_metadata__dbt_transform is 5873","logger":"cosmos.dbt.graph","filename":"graph.py","lineno":798}
{"timestamp":"2026-06-29T07:19:16.865339Z","level":"info","event":"Cosmos performance: Cache hit for cosmos_cache__get_games_metadata__dbt_transform - 5d5dc19a4d21d68d9e2dd97b4b147311,84441d245827577361e239eef1354057","logger":"cosmos.dbt.graph","filename":"graph.py","lineno":806}
{"timestamp":"2026-06-29T07:19:16.865644Z","level":"info","event":"Total nodes: 6","logger":"cosmos.dbt.graph","filename":"graph.py","lineno":711}
{"timestamp":"2026-06-29T07:19:16.865679Z","level":"info","event":"Total filtered nodes: 6","logger":"cosmos.dbt.graph","filename":"graph.py","lineno":712}
{"timestamp":"2026-06-29T07:19:16.865732Z","level":"info","event":"Cosmos performance (get_games_metadata__dbt_transform) -  [0603b9c2bb92|191]: It took 0.0175s to parse the dbt project for DAG using LoadMode.DBT_LS_CACHE","logger":"cosmos.converter","filename":"converter.py","lineno":340}
{"timestamp":"2026-06-29T07:19:16.865974Z","level":"info","event":"Project /tmp/airflow/dag_bundles/my-git-repo/tracking_repo/dbt_project does not have {'dependencies.yml', 'packages.yml'}","logger":"cosmos.dbt.project","filename":"project.py","lineno":40}
{"timestamp":"2026-06-29T07:19:16.866479Z","level":"info","event":"Project /tmp/airflow/dag_bundles/my-git-repo/tracking_repo/dbt_project does not have {'dependencies.yml', 'packages.yml'}","logger":"cosmos.dbt.project","filename":"project.py","lineno":40}
{"timestamp":"2026-06-29T07:19:16.866917Z","level":"info","event":"Project /tmp/airflow/dag_bundles/my-git-repo/tracking_repo/dbt_project does not have {'dependencies.yml', 'packages.yml'}","logger":"cosmos.dbt.project","filename":"project.py","lineno":40}
{"timestamp":"2026-06-29T07:19:16.867271Z","level":"info","event":"Project /tmp/airflow/dag_bundles/my-git-repo/tracking_repo/dbt_project does not have {'dependencies.yml', 'packages.yml'}","logger":"cosmos.dbt.project","filename":"project.py","lineno":40}
{"timestamp":"2026-06-29T07:19:16.867619Z","level":"info","event":"Project /tmp/airflow/dag_bundles/my-git-repo/tracking_repo/dbt_project does not have {'dependencies.yml', 'packages.yml'}","logger":"cosmos.dbt.project","filename":"project.py","lineno":40}
{"timestamp":"2026-06-29T07:19:16.867962Z","level":"info","event":"Project /tmp/airflow/dag_bundles/my-git-repo/tracking_repo/dbt_project does not have {'dependencies.yml', 'packages.yml'}","logger":"cosmos.dbt.project","filename":"project.py","lineno":40}
{"timestamp":"2026-06-29T07:19:16.868292Z","level":"info","event":"Project /tmp/airflow/dag_bundles/my-git-repo/tracking_repo/dbt_project does not have {'dependencies.yml', 'packages.yml'}","logger":"cosmos.dbt.project","filename":"project.py","lineno":40}
{"timestamp":"2026-06-29T07:19:16.868523Z","level":"info","event":"Cosmos performance (get_games_metadata__dbt_transform) - [0603b9c2bb92|191]: It took 0.0028s to build the Airflow DAG.","logger":"cosmos.converter","filename":"converter.py","lineno":387}
{"timestamp":"2026-06-29T07:19:16.868555Z","level":"info","event":"::endgroup::Cosmos DAG parsing logs","logger":"cosmos.converter","filename":"converter.py","lineno":390}
{"timestamp":"2026-06-29T07:19:47.264177Z","level":"info","event":"Filling up the DagBag from /tmp/airflow/dag_bundles/my-git-repo/tracking_repo/airflow-dags/steam/DAG_steam_api.py","logger":"airflow.models.dagbag.DagBag","filename":"dagbag.py","lineno":593}
{"timestamp":"2026-06-29T07:19:47.748283Z","level":"info","event":"Project /tmp/airflow/dag_bundles/my-git-repo/tracking_repo/dbt_project does not have {'dependencies.yml', 'packages.yml'}","logger":"cosmos.dbt.project","filename":"project.py","lineno":40}
{"timestamp":"2026-06-29T07:19:47.748972Z","level":"info","event":"::group::Cosmos DAG parsing logs","logger":"cosmos.converter","filename":"converter.py","lineno":293}
{"timestamp":"2026-06-29T07:19:47.749242Z","level":"info","event":"Trying to parse the dbt project using dbt ls cache cosmos_cache__get_games_metadata__dbt_transform...","logger":"cosmos.dbt.graph","filename":"graph.py","lineno":781}
{"timestamp":"2026-06-29T07:19:47.766328Z","level":"info","event":"Cosmos performance: time to calculate cache identifier cosmos_cache__get_games_metadata__dbt_transform for current version: 0.00033729099959600717","logger":"cosmos.cache","filename":"cache.py","lineno":333}
{"timestamp":"2026-06-29T07:19:47.766411Z","level":"info","event":"Cosmos performance [0603b9c2bb92|227]: The cache size for cosmos_cache__get_games_metadata__dbt_transform is 5873","logger":"cosmos.dbt.graph","filename":"graph.py","lineno":798}
{"timestamp":"2026-06-29T07:19:47.766573Z","level":"info","event":"Cosmos performance: Cache hit for cosmos_cache__get_games_metadata__dbt_transform - 5d5dc19a4d21d68d9e2dd97b4b147311,84441d245827577361e239eef1354057","logger":"cosmos.dbt.graph","filename":"graph.py","lineno":806}
{"timestamp":"2026-06-29T07:19:47.766812Z","level":"info","event":"Total nodes: 6","logger":"cosmos.dbt.graph","filename":"graph.py","lineno":711}
{"timestamp":"2026-06-29T07:19:47.766844Z","level":"info","event":"Total filtered nodes: 6","logger":"cosmos.dbt.graph","filename":"graph.py","lineno":712}
{"timestamp":"2026-06-29T07:19:47.766885Z","level":"info","event":"Cosmos performance (get_games_metadata__dbt_transform) -  [0603b9c2bb92|227]: It took 0.0177s to parse the dbt project for DAG using LoadMode.DBT_LS_CACHE","logger":"cosmos.converter","filename":"converter.py","lineno":340}
{"timestamp":"2026-06-29T07:19:47.767104Z","level":"info","event":"Project /tmp/airflow/dag_bundles/my-git-repo/tracking_repo/dbt_project does not have {'dependencies.yml', 'packages.yml'}","logger":"cosmos.dbt.project","filename":"project.py","lineno":40}
{"timestamp":"2026-06-29T07:19:47.767550Z","level":"info","event":"Project /tmp/airflow/dag_bundles/my-git-repo/tracking_repo/dbt_project does not have {'dependencies.yml', 'packages.yml'}","logger":"cosmos.dbt.project","filename":"project.py","lineno":40}
{"timestamp":"2026-06-29T07:19:47.767963Z","level":"info","event":"Project /tmp/airflow/dag_bundles/my-git-repo/tracking_repo/dbt_project does not have {'dependencies.yml', 'packages.yml'}","logger":"cosmos.dbt.project","filename":"project.py","lineno":40}
{"timestamp":"2026-06-29T07:19:47.768316Z","level":"info","event":"Project /tmp/airflow/dag_bundles/my-git-repo/tracking_repo/dbt_project does not have {'dependencies.yml', 'packages.yml'}","logger":"cosmos.dbt.project","filename":"project.py","lineno":40}
{"timestamp":"2026-06-29T07:19:47.768658Z","level":"info","event":"Project /tmp/airflow/dag_bundles/my-git-repo/tracking_repo/dbt_project does not have {'dependencies.yml', 'packages.yml'}","logger":"cosmos.dbt.project","filename":"project.py","lineno":40}
{"timestamp":"2026-06-29T07:19:47.768981Z","level":"info","event":"Project /tmp/airflow/dag_bundles/my-git-repo/tracking_repo/dbt_project does not have {'dependencies.yml', 'packages.yml'}","logger":"cosmos.dbt.project","filename":"project.py","lineno":40}
{"timestamp":"2026-06-29T07:19:47.769319Z","level":"info","event":"Project /tmp/airflow/dag_bundles/my-git-repo/tracking_repo/dbt_project does not have {'dependencies.yml', 'packages.yml'}","logger":"cosmos.dbt.project","filename":"project.py","lineno":40}
{"timestamp":"2026-06-29T07:19:47.769561Z","level":"info","event":"Cosmos performance (get_games_metadata__dbt_transform) - [0603b9c2bb92|227]: It took 0.00268s to build the Airflow DAG.","logger":"cosmos.converter","filename":"converter.py","lineno":387}
{"timestamp":"2026-06-29T07:19:47.769590Z","level":"info","event":"::endgroup::Cosmos DAG parsing logs","logger":"cosmos.converter","filename":"converter.py","lineno":390}
{"timestamp":"2026-06-29T07:20:18.107071Z","level":"info","event":"Filling up the DagBag from /tmp/airflow/dag_bundles/my-git-repo/tracking_repo/airflow-dags/steam/DAG_steam_api.py","logger":"airflow.models.dagbag.DagBag","filename":"dagbag.py","lineno":593}
{"timestamp":"2026-06-29T07:20:18.665504Z","level":"info","event":"Project /tmp/airflow/dag_bundles/my-git-repo/tracking_repo/dbt_project does not have {'dependencies.yml', 'packages.yml'}","logger":"cosmos.dbt.project","filename":"project.py","lineno":40}
{"timestamp":"2026-06-29T07:20:18.666356Z","level":"info","event":"::group::Cosmos DAG parsing logs","logger":"cosmos.converter","filename":"converter.py","lineno":293}
{"timestamp":"2026-06-29T07:20:18.666715Z","level":"info","event":"Trying to parse the dbt project using dbt ls cache cosmos_cache__get_games_metadata__dbt_transform...","logger":"cosmos.dbt.graph","filename":"graph.py","lineno":781}
{"timestamp":"2026-06-29T07:20:18.674219Z","level":"info","event":"Cosmos performance: time to calculate cache identifier cosmos_cache__get_games_metadata__dbt_transform for current version: 0.0006667090055998415","logger":"cosmos.cache","filename":"cache.py","lineno":333}
{"timestamp":"2026-06-29T07:20:18.674270Z","level":"info","event":"Cosmos performance [0603b9c2bb92|255]: The cache size for cosmos_cache__get_games_metadata__dbt_transform is 5873","logger":"cosmos.dbt.graph","filename":"graph.py","lineno":798}
{"timestamp":"2026-06-29T07:20:18.674444Z","level":"info","event":"Cosmos performance: Cache hit for cosmos_cache__get_games_metadata__dbt_transform - 5d5dc19a4d21d68d9e2dd97b4b147311,84441d245827577361e239eef1354057","logger":"cosmos.dbt.graph","filename":"graph.py","lineno":806}
{"timestamp":"2026-06-29T07:20:18.674698Z","level":"info","event":"Total nodes: 6","logger":"cosmos.dbt.graph","filename":"graph.py","lineno":711}
{"timestamp":"2026-06-29T07:20:18.674732Z","level":"info","event":"Total filtered nodes: 6","logger":"cosmos.dbt.graph","filename":"graph.py","lineno":712}
{"timestamp":"2026-06-29T07:20:18.674767Z","level":"info","event":"Cosmos performance (get_games_metadata__dbt_transform) -  [0603b9c2bb92|255]: It took 0.00808s to parse the dbt project for DAG using LoadMode.DBT_LS_CACHE","logger":"cosmos.converter","filename":"converter.py","lineno":340}
{"timestamp":"2026-06-29T07:20:18.674994Z","level":"info","event":"Project /tmp/airflow/dag_bundles/my-git-repo/tracking_repo/dbt_project does not have {'dependencies.yml', 'packages.yml'}","logger":"cosmos.dbt.project","filename":"project.py","lineno":40}
{"timestamp":"2026-06-29T07:20:18.676417Z","level":"info","event":"Project /tmp/airflow/dag_bundles/my-git-repo/tracking_repo/dbt_project does not have {'dependencies.yml', 'packages.yml'}","logger":"cosmos.dbt.project","filename":"project.py","lineno":40}
{"timestamp":"2026-06-29T07:20:18.676868Z","level":"info","event":"Project /tmp/airflow/dag_bundles/my-git-repo/tracking_repo/dbt_project does not have {'dependencies.yml', 'packages.yml'}","logger":"cosmos.dbt.project","filename":"project.py","lineno":40}
{"timestamp":"2026-06-29T07:20:18.677254Z","level":"info","event":"Project /tmp/airflow/dag_bundles/my-git-repo/tracking_repo/dbt_project does not have {'dependencies.yml', 'packages.yml'}","logger":"cosmos.dbt.project","filename":"project.py","lineno":40}
{"timestamp":"2026-06-29T07:20:18.677616Z","level":"info","event":"Project /tmp/airflow/dag_bundles/my-git-repo/tracking_repo/dbt_project does not have {'dependencies.yml', 'packages.yml'}","logger":"cosmos.dbt.project","filename":"project.py","lineno":40}
{"timestamp":"2026-06-29T07:20:18.677969Z","level":"info","event":"Project /tmp/airflow/dag_bundles/my-git-repo/tracking_repo/dbt_project does not have {'dependencies.yml', 'packages.yml'}","logger":"cosmos.dbt.project","filename":"project.py","lineno":40}
{"timestamp":"2026-06-29T07:20:18.678325Z","level":"info","event":"Project /tmp/airflow/dag_bundles/my-git-repo/tracking_repo/dbt_project does not have {'dependencies.yml', 'packages.yml'}","logger":"cosmos.dbt.project","filename":"project.py","lineno":40}
{"timestamp":"2026-06-29T07:20:18.678554Z","level":"info","event":"Cosmos performance (get_games_metadata__dbt_transform) - [0603b9c2bb92|255]: It took 0.00378s to build the Airflow DAG.","logger":"cosmos.converter","filename":"converter.py","lineno":387}
{"timestamp":"2026-06-29T07:20:18.678591Z","level":"info","event":"::endgroup::Cosmos DAG parsing logs","logger":"cosmos.converter","filename":"converter.py","lineno":390}
{"timestamp":"2026-06-29T07:20:48.994341Z","level":"info","event":"Filling up the DagBag from /tmp/airflow/dag_bundles/my-git-repo/tracking_repo/airflow-dags/steam/DAG_steam_api.py","logger":"airflow.models.dagbag.DagBag","filename":"dagbag.py","lineno":593}
{"timestamp":"2026-06-29T07:20:49.904009Z","level":"info","event":"Project /tmp/airflow/dag_bundles/my-git-repo/tracking_repo/dbt_project does not have {'dependencies.yml', 'packages.yml'}","logger":"cosmos.dbt.project","filename":"project.py","lineno":40}
{"timestamp":"2026-06-29T07:20:49.904999Z","level":"info","event":"::group::Cosmos DAG parsing logs","logger":"cosmos.converter","filename":"converter.py","lineno":293}
{"timestamp":"2026-06-29T07:20:49.905451Z","level":"info","event":"Trying to parse the dbt project using dbt ls cache cosmos_cache__get_games_metadata__dbt_transform...","logger":"cosmos.dbt.graph","filename":"graph.py","lineno":781}
{"timestamp":"2026-06-29T07:20:49.928253Z","level":"info","event":"Cosmos performance: time to calculate cache identifier cosmos_cache__get_games_metadata__dbt_transform for current version: 0.0011483330017654225","logger":"cosmos.cache","filename":"cache.py","lineno":333}
{"timestamp":"2026-06-29T07:20:49.928356Z","level":"info","event":"Cosmos performance [0603b9c2bb92|283]: The cache size for cosmos_cache__get_games_metadata__dbt_transform is 5873","logger":"cosmos.dbt.graph","filename":"graph.py","lineno":798}
{"timestamp":"2026-06-29T07:20:49.928617Z","level":"info","event":"Cosmos performance: Cache hit for cosmos_cache__get_games_metadata__dbt_transform - 5d5dc19a4d21d68d9e2dd97b4b147311,84441d245827577361e239eef1354057","logger":"cosmos.dbt.graph","filename":"graph.py","lineno":806}
{"timestamp":"2026-06-29T07:20:49.928978Z","level":"info","event":"Total nodes: 6","logger":"cosmos.dbt.graph","filename":"graph.py","lineno":711}
{"timestamp":"2026-06-29T07:20:49.929019Z","level":"info","event":"Total filtered nodes: 6","logger":"cosmos.dbt.graph","filename":"graph.py","lineno":712}
{"timestamp":"2026-06-29T07:20:49.929065Z","level":"info","event":"Cosmos performance (get_games_metadata__dbt_transform) -  [0603b9c2bb92|283]: It took 0.0236s to parse the dbt project for DAG using LoadMode.DBT_LS_CACHE","logger":"cosmos.converter","filename":"converter.py","lineno":340}
{"timestamp":"2026-06-29T07:20:49.929496Z","level":"info","event":"Project /tmp/airflow/dag_bundles/my-git-repo/tracking_repo/dbt_project does not have {'dependencies.yml', 'packages.yml'}","logger":"cosmos.dbt.project","filename":"project.py","lineno":40}
{"timestamp":"2026-06-29T07:20:49.930473Z","level":"info","event":"Project /tmp/airflow/dag_bundles/my-git-repo/tracking_repo/dbt_project does not have {'dependencies.yml', 'packages.yml'}","logger":"cosmos.dbt.project","filename":"project.py","lineno":40}
{"timestamp":"2026-06-29T07:20:49.930966Z","level":"info","event":"Project /tmp/airflow/dag_bundles/my-git-repo/tracking_repo/dbt_project does not have {'dependencies.yml', 'packages.yml'}","logger":"cosmos.dbt.project","filename":"project.py","lineno":40}
{"timestamp":"2026-06-29T07:20:49.931366Z","level":"info","event":"Project /tmp/airflow/dag_bundles/my-git-repo/tracking_repo/dbt_project does not have {'dependencies.yml', 'packages.yml'}","logger":"cosmos.dbt.project","filename":"project.py","lineno":40}
{"timestamp":"2026-06-29T07:20:49.931733Z","level":"info","event":"Project /tmp/airflow/dag_bundles/my-git-repo/tracking_repo/dbt_project does not have {'dependencies.yml', 'packages.yml'}","logger":"cosmos.dbt.project","filename":"project.py","lineno":40}
{"timestamp":"2026-06-29T07:20:49.932112Z","level":"info","event":"Project /tmp/airflow/dag_bundles/my-git-repo/tracking_repo/dbt_project does not have {'dependencies.yml', 'packages.yml'}","logger":"cosmos.dbt.project","filename":"project.py","lineno":40}
{"timestamp":"2026-06-29T07:20:49.932586Z","level":"info","event":"Project /tmp/airflow/dag_bundles/my-git-repo/tracking_repo/dbt_project does not have {'dependencies.yml', 'packages.yml'}","logger":"cosmos.dbt.project","filename":"project.py","lineno":40}
{"timestamp":"2026-06-29T07:20:49.933099Z","level":"info","event":"Cosmos performance (get_games_metadata__dbt_transform) - [0603b9c2bb92|283]: It took 0.00399s to build the Airflow DAG.","logger":"cosmos.converter","filename":"converter.py","lineno":387}
{"timestamp":"2026-06-29T07:20:49.933152Z","level":"info","event":"::endgroup::Cosmos DAG parsing logs","logger":"cosmos.converter","filename":"converter.py","lineno":390}
{"timestamp":"2026-06-29T07:21:20.263404Z","level":"info","event":"Filling up the DagBag from /tmp/airflow/dag_bundles/my-git-repo/tracking_repo/airflow-dags/steam/DAG_steam_api.py","logger":"airflow.models.dagbag.DagBag","filename":"dagbag.py","lineno":593}
{"timestamp":"2026-06-29T07:21:20.875720Z","level":"info","event":"Project /tmp/airflow/dag_bundles/my-git-repo/tracking_repo/dbt_project does not have {'dependencies.yml', 'packages.yml'}","logger":"cosmos.dbt.project","filename":"project.py","lineno":40}
{"timestamp":"2026-06-29T07:21:20.877193Z","level":"info","event":"::group::Cosmos DAG parsing logs","logger":"cosmos.converter","filename":"converter.py","lineno":293}
{"timestamp":"2026-06-29T07:21:20.877732Z","level":"info","event":"Trying to parse the dbt project using dbt ls cache cosmos_cache__get_games_metadata__dbt_transform...","logger":"cosmos.dbt.graph","filename":"graph.py","lineno":781}
{"timestamp":"2026-06-29T07:21:20.889794Z","level":"info","event":"Cosmos performance: time to calculate cache identifier cosmos_cache__get_games_metadata__dbt_transform for current version: 0.00042874999780906364","logger":"cosmos.cache","filename":"cache.py","lineno":333}
{"timestamp":"2026-06-29T07:21:20.889868Z","level":"info","event":"Cosmos performance [0603b9c2bb92|311]: The cache size for cosmos_cache__get_games_metadata__dbt_transform is 5873","logger":"cosmos.dbt.graph","filename":"graph.py","lineno":798}
{"timestamp":"2026-06-29T07:21:20.890080Z","level":"info","event":"Cosmos performance: Cache hit for cosmos_cache__get_games_metadata__dbt_transform - 5d5dc19a4d21d68d9e2dd97b4b147311,84441d245827577361e239eef1354057","logger":"cosmos.dbt.graph","filename":"graph.py","lineno":806}
{"timestamp":"2026-06-29T07:21:20.890342Z","level":"info","event":"Total nodes: 6","logger":"cosmos.dbt.graph","filename":"graph.py","lineno":711}
{"timestamp":"2026-06-29T07:21:20.890388Z","level":"info","event":"Total filtered nodes: 6","logger":"cosmos.dbt.graph","filename":"graph.py","lineno":712}
{"timestamp":"2026-06-29T07:21:20.890434Z","level":"info","event":"Cosmos performance (get_games_metadata__dbt_transform) -  [0603b9c2bb92|311]: It took 0.0128s to parse the dbt project for DAG using LoadMode.DBT_LS_CACHE","logger":"cosmos.converter","filename":"converter.py","lineno":340}
{"timestamp":"2026-06-29T07:21:20.890692Z","level":"info","event":"Project /tmp/airflow/dag_bundles/my-git-repo/tracking_repo/dbt_project does not have {'dependencies.yml', 'packages.yml'}","logger":"cosmos.dbt.project","filename":"project.py","lineno":40}
{"timestamp":"2026-06-29T07:21:20.891198Z","level":"info","event":"Project /tmp/airflow/dag_bundles/my-git-repo/tracking_repo/dbt_project does not have {'dependencies.yml', 'packages.yml'}","logger":"cosmos.dbt.project","filename":"project.py","lineno":40}
{"timestamp":"2026-06-29T07:21:20.891661Z","level":"info","event":"Project /tmp/airflow/dag_bundles/my-git-repo/tracking_repo/dbt_project does not have {'dependencies.yml', 'packages.yml'}","logger":"cosmos.dbt.project","filename":"project.py","lineno":40}
{"timestamp":"2026-06-29T07:21:20.892068Z","level":"info","event":"Project /tmp/airflow/dag_bundles/my-git-repo/tracking_repo/dbt_project does not have {'dependencies.yml', 'packages.yml'}","logger":"cosmos.dbt.project","filename":"project.py","lineno":40}
{"timestamp":"2026-06-29T07:21:20.892449Z","level":"info","event":"Project /tmp/airflow/dag_bundles/my-git-repo/tracking_repo/dbt_project does not have {'dependencies.yml', 'packages.yml'}","logger":"cosmos.dbt.project","filename":"project.py","lineno":40}
{"timestamp":"2026-06-29T07:21:20.892818Z","level":"info","event":"Project /tmp/airflow/dag_bundles/my-git-repo/tracking_repo/dbt_project does not have {'dependencies.yml', 'packages.yml'}","logger":"cosmos.dbt.project","filename":"project.py","lineno":40}
{"timestamp":"2026-06-29T07:21:20.893168Z","level":"info","event":"Project /tmp/airflow/dag_bundles/my-git-repo/tracking_repo/dbt_project does not have {'dependencies.yml', 'packages.yml'}","logger":"cosmos.dbt.project","filename":"project.py","lineno":40}
{"timestamp":"2026-06-29T07:21:20.893405Z","level":"info","event":"Cosmos performance (get_games_metadata__dbt_transform) - [0603b9c2bb92|311]: It took 0.00297s to build the Airflow DAG.","logger":"cosmos.converter","filename":"converter.py","lineno":387}
{"timestamp":"2026-06-29T07:21:20.893433Z","level":"info","event":"::endgroup::Cosmos DAG parsing logs","logger":"cosmos.converter","filename":"converter.py","lineno":390}
{"timestamp":"2026-06-29T07:21:51.198155Z","level":"info","event":"Filling up the DagBag from /tmp/airflow/dag_bundles/my-git-repo/tracking_repo/airflow-dags/steam/DAG_steam_api.py","logger":"airflow.models.dagbag.DagBag","filename":"dagbag.py","lineno":593}
{"timestamp":"2026-06-29T07:21:51.880837Z","level":"info","event":"Project /tmp/airflow/dag_bundles/my-git-repo/tracking_repo/dbt_project does not have {'dependencies.yml', 'packages.yml'}","logger":"cosmos.dbt.project","filename":"project.py","lineno":40}
{"timestamp":"2026-06-29T07:21:51.881893Z","level":"info","event":"::group::Cosmos DAG parsing logs","logger":"cosmos.converter","filename":"converter.py","lineno":293}
{"timestamp":"2026-06-29T07:21:51.882291Z","level":"info","event":"Trying to parse the dbt project using dbt ls cache cosmos_cache__get_games_metadata__dbt_transform...","logger":"cosmos.dbt.graph","filename":"graph.py","lineno":781}
{"timestamp":"2026-06-29T07:21:51.909069Z","level":"info","event":"Cosmos performance: time to calculate cache identifier cosmos_cache__get_games_metadata__dbt_transform for current version: 0.0004531660015345551","logger":"cosmos.cache","filename":"cache.py","lineno":333}
{"timestamp":"2026-06-29T07:21:51.909165Z","level":"info","event":"Cosmos performance [0603b9c2bb92|354]: The cache size for cosmos_cache__get_games_metadata__dbt_transform is 5873","logger":"cosmos.dbt.graph","filename":"graph.py","lineno":798}
{"timestamp":"2026-06-29T07:21:51.909759Z","level":"info","event":"Cosmos performance: Cache hit for cosmos_cache__get_games_metadata__dbt_transform - 5d5dc19a4d21d68d9e2dd97b4b147311,84441d245827577361e239eef1354057","logger":"cosmos.dbt.graph","filename":"graph.py","lineno":806}
{"timestamp":"2026-06-29T07:21:51.910582Z","level":"info","event":"Total nodes: 6","logger":"cosmos.dbt.graph","filename":"graph.py","lineno":711}
{"timestamp":"2026-06-29T07:21:51.910748Z","level":"info","event":"Total filtered nodes: 6","logger":"cosmos.dbt.graph","filename":"graph.py","lineno":712}
{"timestamp":"2026-06-29T07:21:51.910940Z","level":"info","event":"Cosmos performance (get_games_metadata__dbt_transform) -  [0603b9c2bb92|354]: It took 0.0286s to parse the dbt project for DAG using LoadMode.DBT_LS_CACHE","logger":"cosmos.converter","filename":"converter.py","lineno":340}
{"timestamp":"2026-06-29T07:21:51.911728Z","level":"info","event":"Project /tmp/airflow/dag_bundles/my-git-repo/tracking_repo/dbt_project does not have {'dependencies.yml', 'packages.yml'}","logger":"cosmos.dbt.project","filename":"project.py","lineno":40}
{"timestamp":"2026-06-29T07:21:51.912886Z","level":"info","event":"Project /tmp/airflow/dag_bundles/my-git-repo/tracking_repo/dbt_project does not have {'dependencies.yml', 'packages.yml'}","logger":"cosmos.dbt.project","filename":"project.py","lineno":40}
{"timestamp":"2026-06-29T07:21:51.913444Z","level":"info","event":"Project /tmp/airflow/dag_bundles/my-git-repo/tracking_repo/dbt_project does not have {'dependencies.yml', 'packages.yml'}","logger":"cosmos.dbt.project","filename":"project.py","lineno":40}
{"timestamp":"2026-06-29T07:21:51.913861Z","level":"info","event":"Project /tmp/airflow/dag_bundles/my-git-repo/tracking_repo/dbt_project does not have {'dependencies.yml', 'packages.yml'}","logger":"cosmos.dbt.project","filename":"project.py","lineno":40}
{"timestamp":"2026-06-29T07:21:51.914279Z","level":"info","event":"Project /tmp/airflow/dag_bundles/my-git-repo/tracking_repo/dbt_project does not have {'dependencies.yml', 'packages.yml'}","logger":"cosmos.dbt.project","filename":"project.py","lineno":40}
{"timestamp":"2026-06-29T07:21:51.914680Z","level":"info","event":"Project /tmp/airflow/dag_bundles/my-git-repo/tracking_repo/dbt_project does not have {'dependencies.yml', 'packages.yml'}","logger":"cosmos.dbt.project","filename":"project.py","lineno":40}
{"timestamp":"2026-06-29T07:21:51.915261Z","level":"info","event":"Project /tmp/airflow/dag_bundles/my-git-repo/tracking_repo/dbt_project does not have {'dependencies.yml', 'packages.yml'}","logger":"cosmos.dbt.project","filename":"project.py","lineno":40}
{"timestamp":"2026-06-29T07:21:51.915569Z","level":"info","event":"Cosmos performance (get_games_metadata__dbt_transform) - [0603b9c2bb92|354]: It took 0.00472s to build the Airflow DAG.","logger":"cosmos.converter","filename":"converter.py","lineno":387}
{"timestamp":"2026-06-29T07:21:51.915602Z","level":"info","event":"::endgroup::Cosmos DAG parsing logs","logger":"cosmos.converter","filename":"converter.py","lineno":390}
{"timestamp":"2026-06-29T07:22:22.305960Z","level":"info","event":"Filling up the DagBag from /tmp/airflow/dag_bundles/my-git-repo/tracking_repo/airflow-dags/steam/DAG_steam_api.py","logger":"airflow.models.dagbag.DagBag","filename":"dagbag.py","lineno":593}
{"timestamp":"2026-06-29T07:22:22.906233Z","level":"info","event":"Project /tmp/airflow/dag_bundles/my-git-repo/tracking_repo/dbt_project does not have {'dependencies.yml', 'packages.yml'}","logger":"cosmos.dbt.project","filename":"project.py","lineno":40}
{"timestamp":"2026-06-29T07:22:22.907616Z","level":"info","event":"::group::Cosmos DAG parsing logs","logger":"cosmos.converter","filename":"converter.py","lineno":293}
{"timestamp":"2026-06-29T07:22:22.908064Z","level":"info","event":"Trying to parse the dbt project using dbt ls cache cosmos_cache__get_games_metadata__dbt_transform...","logger":"cosmos.dbt.graph","filename":"graph.py","lineno":781}
{"timestamp":"2026-06-29T07:22:22.920296Z","level":"info","event":"Cosmos performance: time to calculate cache identifier cosmos_cache__get_games_metadata__dbt_transform for current version: 0.0004471669963095337","logger":"cosmos.cache","filename":"cache.py","lineno":333}
{"timestamp":"2026-06-29T07:22:22.920379Z","level":"info","event":"Cosmos performance [0603b9c2bb92|382]: The cache size for cosmos_cache__get_games_metadata__dbt_transform is 5873","logger":"cosmos.dbt.graph","filename":"graph.py","lineno":798}
{"timestamp":"2026-06-29T07:22:22.920540Z","level":"info","event":"Cosmos performance: Cache hit for cosmos_cache__get_games_metadata__dbt_transform - 5d5dc19a4d21d68d9e2dd97b4b147311,84441d245827577361e239eef1354057","logger":"cosmos.dbt.graph","filename":"graph.py","lineno":806}
{"timestamp":"2026-06-29T07:22:22.920804Z","level":"info","event":"Total nodes: 6","logger":"cosmos.dbt.graph","filename":"graph.py","lineno":711}
{"timestamp":"2026-06-29T07:22:22.920844Z","level":"info","event":"Total filtered nodes: 6","logger":"cosmos.dbt.graph","filename":"graph.py","lineno":712}
{"timestamp":"2026-06-29T07:22:22.920893Z","level":"info","event":"Cosmos performance (get_games_metadata__dbt_transform) -  [0603b9c2bb92|382]: It took 0.0129s to parse the dbt project for DAG using LoadMode.DBT_LS_CACHE","logger":"cosmos.converter","filename":"converter.py","lineno":340}
{"timestamp":"2026-06-29T07:22:22.921162Z","level":"info","event":"Project /tmp/airflow/dag_bundles/my-git-repo/tracking_repo/dbt_project does not have {'dependencies.yml', 'packages.yml'}","logger":"cosmos.dbt.project","filename":"project.py","lineno":40}
{"timestamp":"2026-06-29T07:22:22.921626Z","level":"info","event":"Project /tmp/airflow/dag_bundles/my-git-repo/tracking_repo/dbt_project does not have {'dependencies.yml', 'packages.yml'}","logger":"cosmos.dbt.project","filename":"project.py","lineno":40}
{"timestamp":"2026-06-29T07:22:22.922158Z","level":"info","event":"Project /tmp/airflow/dag_bundles/my-git-repo/tracking_repo/dbt_project does not have {'dependencies.yml', 'packages.yml'}","logger":"cosmos.dbt.project","filename":"project.py","lineno":40}
{"timestamp":"2026-06-29T07:22:22.922536Z","level":"info","event":"Project /tmp/airflow/dag_bundles/my-git-repo/tracking_repo/dbt_project does not have {'dependencies.yml', 'packages.yml'}","logger":"cosmos.dbt.project","filename":"project.py","lineno":40}
{"timestamp":"2026-06-29T07:22:22.923018Z","level":"info","event":"Project /tmp/airflow/dag_bundles/my-git-repo/tracking_repo/dbt_project does not have {'dependencies.yml', 'packages.yml'}","logger":"cosmos.dbt.project","filename":"project.py","lineno":40}
{"timestamp":"2026-06-29T07:22:22.923484Z","level":"info","event":"Project /tmp/airflow/dag_bundles/my-git-repo/tracking_repo/dbt_project does not have {'dependencies.yml', 'packages.yml'}","logger":"cosmos.dbt.project","filename":"project.py","lineno":40}
{"timestamp":"2026-06-29T07:22:22.923871Z","level":"info","event":"Project /tmp/airflow/dag_bundles/my-git-repo/tracking_repo/dbt_project does not have {'dependencies.yml', 'packages.yml'}","logger":"cosmos.dbt.project","filename":"project.py","lineno":40}
{"timestamp":"2026-06-29T07:22:22.924135Z","level":"info","event":"Cosmos performance (get_games_metadata__dbt_transform) - [0603b9c2bb92|382]: It took 0.00324s to build the Airflow DAG.","logger":"cosmos.converter","filename":"converter.py","lineno":387}
{"timestamp":"2026-06-29T07:22:22.924170Z","level":"info","event":"::endgroup::Cosmos DAG parsing logs","logger":"cosmos.converter","filename":"converter.py","lineno":390}
{"timestamp":"2026-06-29T07:22:53.273386Z","level":"info","event":"Filling up the DagBag from /tmp/airflow/dag_bundles/my-git-repo/tracking_repo/airflow-dags/steam/DAG_steam_api.py","logger":"airflow.models.dagbag.DagBag","filename":"dagbag.py","lineno":593}
{"timestamp":"2026-06-29T07:22:54.231021Z","level":"info","event":"Project /tmp/airflow/dag_bundles/my-git-repo/tracking_repo/dbt_project does not have {'dependencies.yml', 'packages.yml'}","logger":"cosmos.dbt.project","filename":"project.py","lineno":40}
{"timestamp":"2026-06-29T07:22:54.233095Z","level":"info","event":"::group::Cosmos DAG parsing logs","logger":"cosmos.converter","filename":"converter.py","lineno":293}
{"timestamp":"2026-06-29T07:22:54.233585Z","level":"info","event":"Trying to parse the dbt project using dbt ls cache cosmos_cache__get_games_metadata__dbt_transform...","logger":"cosmos.dbt.graph","filename":"graph.py","lineno":781}
{"timestamp":"2026-06-29T07:22:54.271244Z","level":"info","event":"Cosmos performance: time to calculate cache identifier cosmos_cache__get_games_metadata__dbt_transform for current version: 0.0006577919994015247","logger":"cosmos.cache","filename":"cache.py","lineno":333}
{"timestamp":"2026-06-29T07:22:54.271366Z","level":"info","event":"Cosmos performance [0603b9c2bb92|410]: The cache size for cosmos_cache__get_games_metadata__dbt_transform is 5873","logger":"cosmos.dbt.graph","filename":"graph.py","lineno":798}
{"timestamp":"2026-06-29T07:22:54.272232Z","level":"info","event":"Cosmos performance: Cache hit for cosmos_cache__get_games_metadata__dbt_transform - 5d5dc19a4d21d68d9e2dd97b4b147311,84441d245827577361e239eef1354057","logger":"cosmos.dbt.graph","filename":"graph.py","lineno":806}
{"timestamp":"2026-06-29T07:22:54.273072Z","level":"info","event":"Total nodes: 6","logger":"cosmos.dbt.graph","filename":"graph.py","lineno":711}
{"timestamp":"2026-06-29T07:22:54.273182Z","level":"info","event":"Total filtered nodes: 6","logger":"cosmos.dbt.graph","filename":"graph.py","lineno":712}
{"timestamp":"2026-06-29T07:22:54.273320Z","level":"info","event":"Cosmos performance (get_games_metadata__dbt_transform) -  [0603b9c2bb92|410]: It took 0.0398s to parse the dbt project for DAG using LoadMode.DBT_LS_CACHE","logger":"cosmos.converter","filename":"converter.py","lineno":340}
{"timestamp":"2026-06-29T07:22:54.274186Z","level":"info","event":"Project /tmp/airflow/dag_bundles/my-git-repo/tracking_repo/dbt_project does not have {'dependencies.yml', 'packages.yml'}","logger":"cosmos.dbt.project","filename":"project.py","lineno":40}
{"timestamp":"2026-06-29T07:22:54.276291Z","level":"info","event":"Project /tmp/airflow/dag_bundles/my-git-repo/tracking_repo/dbt_project does not have {'dependencies.yml', 'packages.yml'}","logger":"cosmos.dbt.project","filename":"project.py","lineno":40}
{"timestamp":"2026-06-29T07:22:54.277736Z","level":"info","event":"Project /tmp/airflow/dag_bundles/my-git-repo/tracking_repo/dbt_project does not have {'dependencies.yml', 'packages.yml'}","logger":"cosmos.dbt.project","filename":"project.py","lineno":40}
{"timestamp":"2026-06-29T07:22:54.278582Z","level":"info","event":"Project /tmp/airflow/dag_bundles/my-git-repo/tracking_repo/dbt_project does not have {'dependencies.yml', 'packages.yml'}","logger":"cosmos.dbt.project","filename":"project.py","lineno":40}
{"timestamp":"2026-06-29T07:22:54.279041Z","level":"info","event":"Project /tmp/airflow/dag_bundles/my-git-repo/tracking_repo/dbt_project does not have {'dependencies.yml', 'packages.yml'}","logger":"cosmos.dbt.project","filename":"project.py","lineno":40}
{"timestamp":"2026-06-29T07:22:54.279914Z","level":"info","event":"Project /tmp/airflow/dag_bundles/my-git-repo/tracking_repo/dbt_project does not have {'dependencies.yml', 'packages.yml'}","logger":"cosmos.dbt.project","filename":"project.py","lineno":40}
{"timestamp":"2026-06-29T07:22:54.281797Z","level":"info","event":"Project /tmp/airflow/dag_bundles/my-git-repo/tracking_repo/dbt_project does not have {'dependencies.yml', 'packages.yml'}","logger":"cosmos.dbt.project","filename":"project.py","lineno":40}
{"timestamp":"2026-06-29T07:22:54.282683Z","level":"info","event":"Cosmos performance (get_games_metadata__dbt_transform) - [0603b9c2bb92|410]: It took 0.00935s to build the Airflow DAG.","logger":"cosmos.converter","filename":"converter.py","lineno":387}
{"timestamp":"2026-06-29T07:22:54.282758Z","level":"info","event":"::endgroup::Cosmos DAG parsing logs","logger":"cosmos.converter","filename":"converter.py","lineno":390}
{"timestamp":"2026-06-29T07:23:24.650312Z","level":"info","event":"Filling up the DagBag from /tmp/airflow/dag_bundles/my-git-repo/tracking_repo/airflow-dags/steam/DAG_steam_api.py","logger":"airflow.models.dagbag.DagBag","filename":"dagbag.py","lineno":593}
{"timestamp":"2026-06-29T07:23:25.220399Z","level":"info","event":"Project /tmp/airflow/dag_bundles/my-git-repo/tracking_repo/dbt_project does not have {'dependencies.yml', 'packages.yml'}","logger":"cosmos.dbt.project","filename":"project.py","lineno":40}
{"timestamp":"2026-06-29T07:23:25.221377Z","level":"info","event":"::group::Cosmos DAG parsing logs","logger":"cosmos.converter","filename":"converter.py","lineno":293}
{"timestamp":"2026-06-29T07:23:25.221765Z","level":"info","event":"Trying to parse the dbt project using dbt ls cache cosmos_cache__get_games_metadata__dbt_transform...","logger":"cosmos.dbt.graph","filename":"graph.py","lineno":781}
{"timestamp":"2026-06-29T07:23:25.231625Z","level":"info","event":"Cosmos performance: time to calculate cache identifier cosmos_cache__get_games_metadata__dbt_transform for current version: 0.0003873329987982288","logger":"cosmos.cache","filename":"cache.py","lineno":333}
{"timestamp":"2026-06-29T07:23:25.231694Z","level":"info","event":"Cosmos performance [0603b9c2bb92|438]: The cache size for cosmos_cache__get_games_metadata__dbt_transform is 5873","logger":"cosmos.dbt.graph","filename":"graph.py","lineno":798}
{"timestamp":"2026-06-29T07:23:25.231860Z","level":"info","event":"Cosmos performance: Cache hit for cosmos_cache__get_games_metadata__dbt_transform - 5d5dc19a4d21d68d9e2dd97b4b147311,84441d245827577361e239eef1354057","logger":"cosmos.dbt.graph","filename":"graph.py","lineno":806}
{"timestamp":"2026-06-29T07:23:25.232063Z","level":"info","event":"Total nodes: 6","logger":"cosmos.dbt.graph","filename":"graph.py","lineno":711}
{"timestamp":"2026-06-29T07:23:25.232105Z","level":"info","event":"Total filtered nodes: 6","logger":"cosmos.dbt.graph","filename":"graph.py","lineno":712}
{"timestamp":"2026-06-29T07:23:25.232147Z","level":"info","event":"Cosmos performance (get_games_metadata__dbt_transform) -  [0603b9c2bb92|438]: It took 0.0104s to parse the dbt project for DAG using LoadMode.DBT_LS_CACHE","logger":"cosmos.converter","filename":"converter.py","lineno":340}
{"timestamp":"2026-06-29T07:23:25.232392Z","level":"info","event":"Project /tmp/airflow/dag_bundles/my-git-repo/tracking_repo/dbt_project does not have {'dependencies.yml', 'packages.yml'}","logger":"cosmos.dbt.project","filename":"project.py","lineno":40}
{"timestamp":"2026-06-29T07:23:25.232851Z","level":"info","event":"Project /tmp/airflow/dag_bundles/my-git-repo/tracking_repo/dbt_project does not have {'dependencies.yml', 'packages.yml'}","logger":"cosmos.dbt.project","filename":"project.py","lineno":40}
{"timestamp":"2026-06-29T07:23:25.233310Z","level":"info","event":"Project /tmp/airflow/dag_bundles/my-git-repo/tracking_repo/dbt_project does not have {'dependencies.yml', 'packages.yml'}","logger":"cosmos.dbt.project","filename":"project.py","lineno":40}
{"timestamp":"2026-06-29T07:23:25.233777Z","level":"info","event":"Project /tmp/airflow/dag_bundles/my-git-repo/tracking_repo/dbt_project does not have {'dependencies.yml', 'packages.yml'}","logger":"cosmos.dbt.project","filename":"project.py","lineno":40}
{"timestamp":"2026-06-29T07:23:25.234174Z","level":"info","event":"Project /tmp/airflow/dag_bundles/my-git-repo/tracking_repo/dbt_project does not have {'dependencies.yml', 'packages.yml'}","logger":"cosmos.dbt.project","filename":"project.py","lineno":40}
{"timestamp":"2026-06-29T07:23:25.234564Z","level":"info","event":"Project /tmp/airflow/dag_bundles/my-git-repo/tracking_repo/dbt_project does not have {'dependencies.yml', 'packages.yml'}","logger":"cosmos.dbt.project","filename":"project.py","lineno":40}
{"timestamp":"2026-06-29T07:23:25.234912Z","level":"info","event":"Project /tmp/airflow/dag_bundles/my-git-repo/tracking_repo/dbt_project does not have {'dependencies.yml', 'packages.yml'}","logger":"cosmos.dbt.project","filename":"project.py","lineno":40}
{"timestamp":"2026-06-29T07:23:25.235131Z","level":"info","event":"Cosmos performance (get_games_metadata__dbt_transform) - [0603b9c2bb92|438]: It took 0.00299s to build the Airflow DAG.","logger":"cosmos.converter","filename":"converter.py","lineno":387}
{"timestamp":"2026-06-29T07:23:25.235164Z","level":"info","event":"::endgroup::Cosmos DAG parsing logs","logger":"cosmos.converter","filename":"converter.py","lineno":390}
{"timestamp":"2026-06-29T07:23:55.293724Z","level":"info","event":"Filling up the DagBag from /tmp/airflow/dag_bundles/my-git-repo/tracking_repo/airflow-dags/steam/DAG_steam_api.py","logger":"airflow.models.dagbag.DagBag","filename":"dagbag.py","lineno":593}
{"timestamp":"2026-06-29T07:23:55.773766Z","level":"info","event":"Project /tmp/airflow/dag_bundles/my-git-repo/tracking_repo/dbt_project does not have {'dependencies.yml', 'packages.yml'}","logger":"cosmos.dbt.project","filename":"project.py","lineno":40}
{"timestamp":"2026-06-29T07:23:55.775569Z","level":"info","event":"::group::Cosmos DAG parsing logs","logger":"cosmos.converter","filename":"converter.py","lineno":293}
{"timestamp":"2026-06-29T07:23:55.775858Z","level":"info","event":"Trying to parse the dbt project using dbt ls cache cosmos_cache__get_games_metadata__dbt_transform...","logger":"cosmos.dbt.graph","filename":"graph.py","lineno":781}
{"timestamp":"2026-06-29T07:23:55.782597Z","level":"info","event":"Cosmos performance: time to calculate cache identifier cosmos_cache__get_games_metadata__dbt_transform for current version: 0.0003595000016503036","logger":"cosmos.cache","filename":"cache.py","lineno":333}
{"timestamp":"2026-06-29T07:23:55.782659Z","level":"info","event":"Cosmos performance [0603b9c2bb92|481]: The cache size for cosmos_cache__get_games_metadata__dbt_transform is 5873","logger":"cosmos.dbt.graph","filename":"graph.py","lineno":798}
{"timestamp":"2026-06-29T07:23:55.782815Z","level":"info","event":"Cosmos performance: Cache hit for cosmos_cache__get_games_metadata__dbt_transform - 5d5dc19a4d21d68d9e2dd97b4b147311,84441d245827577361e239eef1354057","logger":"cosmos.dbt.graph","filename":"graph.py","lineno":806}
{"timestamp":"2026-06-29T07:23:55.783064Z","level":"info","event":"Total nodes: 6","logger":"cosmos.dbt.graph","filename":"graph.py","lineno":711}
{"timestamp":"2026-06-29T07:23:55.783096Z","level":"info","event":"Total filtered nodes: 6","logger":"cosmos.dbt.graph","filename":"graph.py","lineno":712}
{"timestamp":"2026-06-29T07:23:55.783135Z","level":"info","event":"Cosmos performance (get_games_metadata__dbt_transform) -  [0603b9c2bb92|481]: It took 0.00731s to parse the dbt project for DAG using LoadMode.DBT_LS_CACHE","logger":"cosmos.converter","filename":"converter.py","lineno":340}
{"timestamp":"2026-06-29T07:23:55.783381Z","level":"info","event":"Project /tmp/airflow/dag_bundles/my-git-repo/tracking_repo/dbt_project does not have {'dependencies.yml', 'packages.yml'}","logger":"cosmos.dbt.project","filename":"project.py","lineno":40}
{"timestamp":"2026-06-29T07:23:55.783835Z","level":"info","event":"Project /tmp/airflow/dag_bundles/my-git-repo/tracking_repo/dbt_project does not have {'dependencies.yml', 'packages.yml'}","logger":"cosmos.dbt.project","filename":"project.py","lineno":40}
{"timestamp":"2026-06-29T07:23:55.784320Z","level":"info","event":"Project /tmp/airflow/dag_bundles/my-git-repo/tracking_repo/dbt_project does not have {'dependencies.yml', 'packages.yml'}","logger":"cosmos.dbt.project","filename":"project.py","lineno":40}
{"timestamp":"2026-06-29T07:23:55.784708Z","level":"info","event":"Project /tmp/airflow/dag_bundles/my-git-repo/tracking_repo/dbt_project does not have {'dependencies.yml', 'packages.yml'}","logger":"cosmos.dbt.project","filename":"project.py","lineno":40}
{"timestamp":"2026-06-29T07:23:55.785086Z","level":"info","event":"Project /tmp/airflow/dag_bundles/my-git-repo/tracking_repo/dbt_project does not have {'dependencies.yml', 'packages.yml'}","logger":"cosmos.dbt.project","filename":"project.py","lineno":40}
{"timestamp":"2026-06-29T07:23:55.785440Z","level":"info","event":"Project /tmp/airflow/dag_bundles/my-git-repo/tracking_repo/dbt_project does not have {'dependencies.yml', 'packages.yml'}","logger":"cosmos.dbt.project","filename":"project.py","lineno":40}
{"timestamp":"2026-06-29T07:23:55.785776Z","level":"info","event":"Project /tmp/airflow/dag_bundles/my-git-repo/tracking_repo/dbt_project does not have {'dependencies.yml', 'packages.yml'}","logger":"cosmos.dbt.project","filename":"project.py","lineno":40}
{"timestamp":"2026-06-29T07:23:55.786012Z","level":"info","event":"Cosmos performance (get_games_metadata__dbt_transform) - [0603b9c2bb92|481]: It took 0.00288s to build the Airflow DAG.","logger":"cosmos.converter","filename":"converter.py","lineno":387}
{"timestamp":"2026-06-29T07:23:55.786041Z","level":"info","event":"::endgroup::Cosmos DAG parsing logs","logger":"cosmos.converter","filename":"converter.py","lineno":390}
{"timestamp":"2026-06-29T07:24:26.183289Z","level":"info","event":"Filling up the DagBag from /tmp/airflow/dag_bundles/my-git-repo/tracking_repo/airflow-dags/steam/DAG_steam_api.py","logger":"airflow.models.dagbag.DagBag","filename":"dagbag.py","lineno":593}
{"timestamp":"2026-06-29T07:24:26.719495Z","level":"info","event":"Project /tmp/airflow/dag_bundles/my-git-repo/tracking_repo/dbt_project does not have {'dependencies.yml', 'packages.yml'}","logger":"cosmos.dbt.project","filename":"project.py","lineno":40}
{"timestamp":"2026-06-29T07:24:26.720288Z","level":"info","event":"::group::Cosmos DAG parsing logs","logger":"cosmos.converter","filename":"converter.py","lineno":293}
{"timestamp":"2026-06-29T07:24:26.720617Z","level":"info","event":"Trying to parse the dbt project using dbt ls cache cosmos_cache__get_games_metadata__dbt_transform...","logger":"cosmos.dbt.graph","filename":"graph.py","lineno":781}
{"timestamp":"2026-06-29T07:24:26.729001Z","level":"info","event":"Cosmos performance: time to calculate cache identifier cosmos_cache__get_games_metadata__dbt_transform for current version: 0.0004780410017701797","logger":"cosmos.cache","filename":"cache.py","lineno":333}
{"timestamp":"2026-06-29T07:24:26.729072Z","level":"info","event":"Cosmos performance [0603b9c2bb92|509]: The cache size for cosmos_cache__get_games_metadata__dbt_transform is 5873","logger":"cosmos.dbt.graph","filename":"graph.py","lineno":798}
{"timestamp":"2026-06-29T07:24:26.729331Z","level":"info","event":"Cosmos performance: Cache hit for cosmos_cache__get_games_metadata__dbt_transform - 5d5dc19a4d21d68d9e2dd97b4b147311,84441d245827577361e239eef1354057","logger":"cosmos.dbt.graph","filename":"graph.py","lineno":806}
{"timestamp":"2026-06-29T07:24:26.729918Z","level":"info","event":"Total nodes: 6","logger":"cosmos.dbt.graph","filename":"graph.py","lineno":711}
{"timestamp":"2026-06-29T07:24:26.730061Z","level":"info","event":"Total filtered nodes: 6","logger":"cosmos.dbt.graph","filename":"graph.py","lineno":712}
{"timestamp":"2026-06-29T07:24:26.730124Z","level":"info","event":"Cosmos performance (get_games_metadata__dbt_transform) -  [0603b9c2bb92|509]: It took 0.00953s to parse the dbt project for DAG using LoadMode.DBT_LS_CACHE","logger":"cosmos.converter","filename":"converter.py","lineno":340}
{"timestamp":"2026-06-29T07:24:26.730369Z","level":"info","event":"Project /tmp/airflow/dag_bundles/my-git-repo/tracking_repo/dbt_project does not have {'dependencies.yml', 'packages.yml'}","logger":"cosmos.dbt.project","filename":"project.py","lineno":40}
{"timestamp":"2026-06-29T07:24:26.730994Z","level":"info","event":"Project /tmp/airflow/dag_bundles/my-git-repo/tracking_repo/dbt_project does not have {'dependencies.yml', 'packages.yml'}","logger":"cosmos.dbt.project","filename":"project.py","lineno":40}
{"timestamp":"2026-06-29T07:24:26.731559Z","level":"info","event":"Project /tmp/airflow/dag_bundles/my-git-repo/tracking_repo/dbt_project does not have {'dependencies.yml', 'packages.yml'}","logger":"cosmos.dbt.project","filename":"project.py","lineno":40}
{"timestamp":"2026-06-29T07:24:26.731997Z","level":"info","event":"Project /tmp/airflow/dag_bundles/my-git-repo/tracking_repo/dbt_project does not have {'dependencies.yml', 'packages.yml'}","logger":"cosmos.dbt.project","filename":"project.py","lineno":40}
{"timestamp":"2026-06-29T07:24:26.732391Z","level":"info","event":"Project /tmp/airflow/dag_bundles/my-git-repo/tracking_repo/dbt_project does not have {'dependencies.yml', 'packages.yml'}","logger":"cosmos.dbt.project","filename":"project.py","lineno":40}
{"timestamp":"2026-06-29T07:24:26.732748Z","level":"info","event":"Project /tmp/airflow/dag_bundles/my-git-repo/tracking_repo/dbt_project does not have {'dependencies.yml', 'packages.yml'}","logger":"cosmos.dbt.project","filename":"project.py","lineno":40}
{"timestamp":"2026-06-29T07:24:26.733132Z","level":"info","event":"Project /tmp/airflow/dag_bundles/my-git-repo/tracking_repo/dbt_project does not have {'dependencies.yml', 'packages.yml'}","logger":"cosmos.dbt.project","filename":"project.py","lineno":40}
{"timestamp":"2026-06-29T07:24:26.733381Z","level":"info","event":"Cosmos performance (get_games_metadata__dbt_transform) - [0603b9c2bb92|509]: It took 0.00326s to build the Airflow DAG.","logger":"cosmos.converter","filename":"converter.py","lineno":387}
{"timestamp":"2026-06-29T07:24:26.733415Z","level":"info","event":"::endgroup::Cosmos DAG parsing logs","logger":"cosmos.converter","filename":"converter.py","lineno":390}
{"timestamp":"2026-06-29T07:24:57.102935Z","level":"info","event":"Filling up the DagBag from /tmp/airflow/dag_bundles/my-git-repo/tracking_repo/airflow-dags/steam/DAG_steam_api.py","logger":"airflow.models.dagbag.DagBag","filename":"dagbag.py","lineno":593}
{"timestamp":"2026-06-29T07:24:57.685411Z","level":"info","event":"Project /tmp/airflow/dag_bundles/my-git-repo/tracking_repo/dbt_project does not have {'dependencies.yml', 'packages.yml'}","logger":"cosmos.dbt.project","filename":"project.py","lineno":40}
{"timestamp":"2026-06-29T07:24:57.686155Z","level":"info","event":"::group::Cosmos DAG parsing logs","logger":"cosmos.converter","filename":"converter.py","lineno":293}
{"timestamp":"2026-06-29T07:24:57.686512Z","level":"info","event":"Trying to parse the dbt project using dbt ls cache cosmos_cache__get_games_metadata__dbt_transform...","logger":"cosmos.dbt.graph","filename":"graph.py","lineno":781}
{"timestamp":"2026-06-29T07:24:57.694116Z","level":"info","event":"Cosmos performance: time to calculate cache identifier cosmos_cache__get_games_metadata__dbt_transform for current version: 0.00041508400317979977","logger":"cosmos.cache","filename":"cache.py","lineno":333}
{"timestamp":"2026-06-29T07:24:57.694215Z","level":"info","event":"Cosmos performance [0603b9c2bb92|537]: The cache size for cosmos_cache__get_games_metadata__dbt_transform is 5873","logger":"cosmos.dbt.graph","filename":"graph.py","lineno":798}
{"timestamp":"2026-06-29T07:24:57.694409Z","level":"info","event":"Cosmos performance: Cache hit for cosmos_cache__get_games_metadata__dbt_transform - 5d5dc19a4d21d68d9e2dd97b4b147311,84441d245827577361e239eef1354057","logger":"cosmos.dbt.graph","filename":"graph.py","lineno":806}
{"timestamp":"2026-06-29T07:24:57.694713Z","level":"info","event":"Total nodes: 6","logger":"cosmos.dbt.graph","filename":"graph.py","lineno":711}
{"timestamp":"2026-06-29T07:24:57.694759Z","level":"info","event":"Total filtered nodes: 6","logger":"cosmos.dbt.graph","filename":"graph.py","lineno":712}
{"timestamp":"2026-06-29T07:24:57.694814Z","level":"info","event":"Cosmos performance (get_games_metadata__dbt_transform) -  [0603b9c2bb92|537]: It took 0.00832s to parse the dbt project for DAG using LoadMode.DBT_LS_CACHE","logger":"cosmos.converter","filename":"converter.py","lineno":340}
{"timestamp":"2026-06-29T07:24:57.695097Z","level":"info","event":"Project /tmp/airflow/dag_bundles/my-git-repo/tracking_repo/dbt_project does not have {'dependencies.yml', 'packages.yml'}","logger":"cosmos.dbt.project","filename":"project.py","lineno":40}
{"timestamp":"2026-06-29T07:24:57.695640Z","level":"info","event":"Project /tmp/airflow/dag_bundles/my-git-repo/tracking_repo/dbt_project does not have {'dependencies.yml', 'packages.yml'}","logger":"cosmos.dbt.project","filename":"project.py","lineno":40}
{"timestamp":"2026-06-29T07:24:57.696122Z","level":"info","event":"Project /tmp/airflow/dag_bundles/my-git-repo/tracking_repo/dbt_project does not have {'dependencies.yml', 'packages.yml'}","logger":"cosmos.dbt.project","filename":"project.py","lineno":40}
{"timestamp":"2026-06-29T07:24:57.696510Z","level":"info","event":"Project /tmp/airflow/dag_bundles/my-git-repo/tracking_repo/dbt_project does not have {'dependencies.yml', 'packages.yml'}","logger":"cosmos.dbt.project","filename":"project.py","lineno":40}
{"timestamp":"2026-06-29T07:24:57.696895Z","level":"info","event":"Project /tmp/airflow/dag_bundles/my-git-repo/tracking_repo/dbt_project does not have {'dependencies.yml', 'packages.yml'}","logger":"cosmos.dbt.project","filename":"project.py","lineno":40}
{"timestamp":"2026-06-29T07:24:57.697279Z","level":"info","event":"Project /tmp/airflow/dag_bundles/my-git-repo/tracking_repo/dbt_project does not have {'dependencies.yml', 'packages.yml'}","logger":"cosmos.dbt.project","filename":"project.py","lineno":40}
{"timestamp":"2026-06-29T07:24:57.697637Z","level":"info","event":"Project /tmp/airflow/dag_bundles/my-git-repo/tracking_repo/dbt_project does not have {'dependencies.yml', 'packages.yml'}","logger":"cosmos.dbt.project","filename":"project.py","lineno":40}
{"timestamp":"2026-06-29T07:24:57.697894Z","level":"info","event":"Cosmos performance (get_games_metadata__dbt_transform) - [0603b9c2bb92|537]: It took 0.00308s to build the Airflow DAG.","logger":"cosmos.converter","filename":"converter.py","lineno":387}
{"timestamp":"2026-06-29T07:24:57.697929Z","level":"info","event":"::endgroup::Cosmos DAG parsing logs","logger":"cosmos.converter","filename":"converter.py","lineno":390}
{"timestamp":"2026-06-29T07:25:28.057987Z","level":"info","event":"Filling up the DagBag from /tmp/airflow/dag_bundles/my-git-repo/tracking_repo/airflow-dags/steam/DAG_steam_api.py","logger":"airflow.models.dagbag.DagBag","filename":"dagbag.py","lineno":593}
{"timestamp":"2026-06-29T07:25:28.589651Z","level":"info","event":"Project /tmp/airflow/dag_bundles/my-git-repo/tracking_repo/dbt_project does not have {'dependencies.yml', 'packages.yml'}","logger":"cosmos.dbt.project","filename":"project.py","lineno":40}
{"timestamp":"2026-06-29T07:25:28.590338Z","level":"info","event":"::group::Cosmos DAG parsing logs","logger":"cosmos.converter","filename":"converter.py","lineno":293}
{"timestamp":"2026-06-29T07:25:28.590594Z","level":"info","event":"Trying to parse the dbt project using dbt ls cache cosmos_cache__get_games_metadata__dbt_transform...","logger":"cosmos.dbt.graph","filename":"graph.py","lineno":781}
{"timestamp":"2026-06-29T07:25:28.597133Z","level":"info","event":"Cosmos performance: time to calculate cache identifier cosmos_cache__get_games_metadata__dbt_transform for current version: 0.0003620410061557777","logger":"cosmos.cache","filename":"cache.py","lineno":333}
{"timestamp":"2026-06-29T07:25:28.597195Z","level":"info","event":"Cosmos performance [0603b9c2bb92|565]: The cache size for cosmos_cache__get_games_metadata__dbt_transform is 5873","logger":"cosmos.dbt.graph","filename":"graph.py","lineno":798}
{"timestamp":"2026-06-29T07:25:28.597361Z","level":"info","event":"Cosmos performance: Cache hit for cosmos_cache__get_games_metadata__dbt_transform - 5d5dc19a4d21d68d9e2dd97b4b147311,84441d245827577361e239eef1354057","logger":"cosmos.dbt.graph","filename":"graph.py","lineno":806}
{"timestamp":"2026-06-29T07:25:28.597585Z","level":"info","event":"Total nodes: 6","logger":"cosmos.dbt.graph","filename":"graph.py","lineno":711}
{"timestamp":"2026-06-29T07:25:28.597637Z","level":"info","event":"Total filtered nodes: 6","logger":"cosmos.dbt.graph","filename":"graph.py","lineno":712}
{"timestamp":"2026-06-29T07:25:28.597678Z","level":"info","event":"Cosmos performance (get_games_metadata__dbt_transform) -  [0603b9c2bb92|565]: It took 0.0071s to parse the dbt project for DAG using LoadMode.DBT_LS_CACHE","logger":"cosmos.converter","filename":"converter.py","lineno":340}
{"timestamp":"2026-06-29T07:25:28.597921Z","level":"info","event":"Project /tmp/airflow/dag_bundles/my-git-repo/tracking_repo/dbt_project does not have {'dependencies.yml', 'packages.yml'}","logger":"cosmos.dbt.project","filename":"project.py","lineno":40}
{"timestamp":"2026-06-29T07:25:28.598388Z","level":"info","event":"Project /tmp/airflow/dag_bundles/my-git-repo/tracking_repo/dbt_project does not have {'dependencies.yml', 'packages.yml'}","logger":"cosmos.dbt.project","filename":"project.py","lineno":40}
{"timestamp":"2026-06-29T07:25:28.598814Z","level":"info","event":"Project /tmp/airflow/dag_bundles/my-git-repo/tracking_repo/dbt_project does not have {'dependencies.yml', 'packages.yml'}","logger":"cosmos.dbt.project","filename":"project.py","lineno":40}
{"timestamp":"2026-06-29T07:25:28.599191Z","level":"info","event":"Project /tmp/airflow/dag_bundles/my-git-repo/tracking_repo/dbt_project does not have {'dependencies.yml', 'packages.yml'}","logger":"cosmos.dbt.project","filename":"project.py","lineno":40}
{"timestamp":"2026-06-29T07:25:28.599525Z","level":"info","event":"Project /tmp/airflow/dag_bundles/my-git-repo/tracking_repo/dbt_project does not have {'dependencies.yml', 'packages.yml'}","logger":"cosmos.dbt.project","filename":"project.py","lineno":40}
{"timestamp":"2026-06-29T07:25:28.599853Z","level":"info","event":"Project /tmp/airflow/dag_bundles/my-git-repo/tracking_repo/dbt_project does not have {'dependencies.yml', 'packages.yml'}","logger":"cosmos.dbt.project","filename":"project.py","lineno":40}
{"timestamp":"2026-06-29T07:25:28.600168Z","level":"info","event":"Project /tmp/airflow/dag_bundles/my-git-repo/tracking_repo/dbt_project does not have {'dependencies.yml', 'packages.yml'}","logger":"cosmos.dbt.project","filename":"project.py","lineno":40}
{"timestamp":"2026-06-29T07:25:28.600382Z","level":"info","event":"Cosmos performance (get_games_metadata__dbt_transform) - [0603b9c2bb92|565]: It took 0.0027s to build the Airflow DAG.","logger":"cosmos.converter","filename":"converter.py","lineno":387}
{"timestamp":"2026-06-29T07:25:28.600410Z","level":"info","event":"::endgroup::Cosmos DAG parsing logs","logger":"cosmos.converter","filename":"converter.py","lineno":390}
{"timestamp":"2026-06-29T07:25:58.913118Z","level":"info","event":"Filling up the DagBag from /tmp/airflow/dag_bundles/my-git-repo/tracking_repo/airflow-dags/steam/DAG_steam_api.py","logger":"airflow.models.dagbag.DagBag","filename":"dagbag.py","lineno":593}
{"timestamp":"2026-06-29T07:25:59.453844Z","level":"info","event":"Project /tmp/airflow/dag_bundles/my-git-repo/tracking_repo/dbt_project does not have {'dependencies.yml', 'packages.yml'}","logger":"cosmos.dbt.project","filename":"project.py","lineno":40}
{"timestamp":"2026-06-29T07:25:59.454731Z","level":"info","event":"::group::Cosmos DAG parsing logs","logger":"cosmos.converter","filename":"converter.py","lineno":293}
{"timestamp":"2026-06-29T07:25:59.455100Z","level":"info","event":"Trying to parse the dbt project using dbt ls cache cosmos_cache__get_games_metadata__dbt_transform...","logger":"cosmos.dbt.graph","filename":"graph.py","lineno":781}
{"timestamp":"2026-06-29T07:25:59.464802Z","level":"info","event":"Cosmos performance: time to calculate cache identifier cosmos_cache__get_games_metadata__dbt_transform for current version: 0.0008049999960348941","logger":"cosmos.cache","filename":"cache.py","lineno":333}
{"timestamp":"2026-06-29T07:25:59.464873Z","level":"info","event":"Cosmos performance [0603b9c2bb92|608]: The cache size for cosmos_cache__get_games_metadata__dbt_transform is 5873","logger":"cosmos.dbt.graph","filename":"graph.py","lineno":798}
{"timestamp":"2026-06-29T07:25:59.465039Z","level":"info","event":"Cosmos performance: Cache hit for cosmos_cache__get_games_metadata__dbt_transform - 5d5dc19a4d21d68d9e2dd97b4b147311,84441d245827577361e239eef1354057","logger":"cosmos.dbt.graph","filename":"graph.py","lineno":806}
{"timestamp":"2026-06-29T07:25:59.465302Z","level":"info","event":"Total nodes: 6","logger":"cosmos.dbt.graph","filename":"graph.py","lineno":711}
{"timestamp":"2026-06-29T07:25:59.465339Z","level":"info","event":"Total filtered nodes: 6","logger":"cosmos.dbt.graph","filename":"graph.py","lineno":712}
{"timestamp":"2026-06-29T07:25:59.465382Z","level":"info","event":"Cosmos performance (get_games_metadata__dbt_transform) -  [0603b9c2bb92|608]: It took 0.0103s to parse the dbt project for DAG using LoadMode.DBT_LS_CACHE","logger":"cosmos.converter","filename":"converter.py","lineno":340}
{"timestamp":"2026-06-29T07:25:59.465628Z","level":"info","event":"Project /tmp/airflow/dag_bundles/my-git-repo/tracking_repo/dbt_project does not have {'dependencies.yml', 'packages.yml'}","logger":"cosmos.dbt.project","filename":"project.py","lineno":40}
{"timestamp":"2026-06-29T07:25:59.466044Z","level":"info","event":"Project /tmp/airflow/dag_bundles/my-git-repo/tracking_repo/dbt_project does not have {'dependencies.yml', 'packages.yml'}","logger":"cosmos.dbt.project","filename":"project.py","lineno":40}
{"timestamp":"2026-06-29T07:25:59.466486Z","level":"info","event":"Project /tmp/airflow/dag_bundles/my-git-repo/tracking_repo/dbt_project does not have {'dependencies.yml', 'packages.yml'}","logger":"cosmos.dbt.project","filename":"project.py","lineno":40}
{"timestamp":"2026-06-29T07:25:59.466955Z","level":"info","event":"Project /tmp/airflow/dag_bundles/my-git-repo/tracking_repo/dbt_project does not have {'dependencies.yml', 'packages.yml'}","logger":"cosmos.dbt.project","filename":"project.py","lineno":40}
{"timestamp":"2026-06-29T07:25:59.467349Z","level":"info","event":"Project /tmp/airflow/dag_bundles/my-git-repo/tracking_repo/dbt_project does not have {'dependencies.yml', 'packages.yml'}","logger":"cosmos.dbt.project","filename":"project.py","lineno":40}
{"timestamp":"2026-06-29T07:25:59.467747Z","level":"info","event":"Project /tmp/airflow/dag_bundles/my-git-repo/tracking_repo/dbt_project does not have {'dependencies.yml', 'packages.yml'}","logger":"cosmos.dbt.project","filename":"project.py","lineno":40}
{"timestamp":"2026-06-29T07:25:59.468106Z","level":"info","event":"Project /tmp/airflow/dag_bundles/my-git-repo/tracking_repo/dbt_project does not have {'dependencies.yml', 'packages.yml'}","logger":"cosmos.dbt.project","filename":"project.py","lineno":40}
{"timestamp":"2026-06-29T07:25:59.468352Z","level":"info","event":"Cosmos performance (get_games_metadata__dbt_transform) - [0603b9c2bb92|608]: It took 0.00297s to build the Airflow DAG.","logger":"cosmos.converter","filename":"converter.py","lineno":387}
{"timestamp":"2026-06-29T07:25:59.468385Z","level":"info","event":"::endgroup::Cosmos DAG parsing logs","logger":"cosmos.converter","filename":"converter.py","lineno":390}
{"timestamp":"2026-06-29T07:26:29.808407Z","level":"info","event":"Filling up the DagBag from /tmp/airflow/dag_bundles/my-git-repo/tracking_repo/airflow-dags/steam/DAG_steam_api.py","logger":"airflow.models.dagbag.DagBag","filename":"dagbag.py","lineno":593}
{"timestamp":"2026-06-29T07:26:30.295177Z","level":"info","event":"Project /tmp/airflow/dag_bundles/my-git-repo/tracking_repo/dbt_project does not have {'dependencies.yml', 'packages.yml'}","logger":"cosmos.dbt.project","filename":"project.py","lineno":40}
{"timestamp":"2026-06-29T07:26:30.295945Z","level":"info","event":"::group::Cosmos DAG parsing logs","logger":"cosmos.converter","filename":"converter.py","lineno":293}
{"timestamp":"2026-06-29T07:26:30.296245Z","level":"info","event":"Trying to parse the dbt project using dbt ls cache cosmos_cache__get_games_metadata__dbt_transform...","logger":"cosmos.dbt.graph","filename":"graph.py","lineno":781}
{"timestamp":"2026-06-29T07:26:30.303497Z","level":"info","event":"Cosmos performance: time to calculate cache identifier cosmos_cache__get_games_metadata__dbt_transform for current version: 0.00038625000161118805","logger":"cosmos.cache","filename":"cache.py","lineno":333}
{"timestamp":"2026-06-29T07:26:30.303556Z","level":"info","event":"Cosmos performance [0603b9c2bb92|636]: The cache size for cosmos_cache__get_games_metadata__dbt_transform is 5873","logger":"cosmos.dbt.graph","filename":"graph.py","lineno":798}
{"timestamp":"2026-06-29T07:26:30.303715Z","level":"info","event":"Cosmos performance: Cache hit for cosmos_cache__get_games_metadata__dbt_transform - 5d5dc19a4d21d68d9e2dd97b4b147311,84441d245827577361e239eef1354057","logger":"cosmos.dbt.graph","filename":"graph.py","lineno":806}
{"timestamp":"2026-06-29T07:26:30.303945Z","level":"info","event":"Total nodes: 6","logger":"cosmos.dbt.graph","filename":"graph.py","lineno":711}
{"timestamp":"2026-06-29T07:26:30.303977Z","level":"info","event":"Total filtered nodes: 6","logger":"cosmos.dbt.graph","filename":"graph.py","lineno":712}
{"timestamp":"2026-06-29T07:26:30.304014Z","level":"info","event":"Cosmos performance (get_games_metadata__dbt_transform) -  [0603b9c2bb92|636]: It took 0.0078s to parse the dbt project for DAG using LoadMode.DBT_LS_CACHE","logger":"cosmos.converter","filename":"converter.py","lineno":340}
{"timestamp":"2026-06-29T07:26:30.304236Z","level":"info","event":"Project /tmp/airflow/dag_bundles/my-git-repo/tracking_repo/dbt_project does not have {'dependencies.yml', 'packages.yml'}","logger":"cosmos.dbt.project","filename":"project.py","lineno":40}
{"timestamp":"2026-06-29T07:26:30.305610Z","level":"info","event":"Project /tmp/airflow/dag_bundles/my-git-repo/tracking_repo/dbt_project does not have {'dependencies.yml', 'packages.yml'}","logger":"cosmos.dbt.project","filename":"project.py","lineno":40}
{"timestamp":"2026-06-29T07:26:30.306023Z","level":"info","event":"Project /tmp/airflow/dag_bundles/my-git-repo/tracking_repo/dbt_project does not have {'dependencies.yml', 'packages.yml'}","logger":"cosmos.dbt.project","filename":"project.py","lineno":40}
{"timestamp":"2026-06-29T07:26:30.306360Z","level":"info","event":"Project /tmp/airflow/dag_bundles/my-git-repo/tracking_repo/dbt_project does not have {'dependencies.yml', 'packages.yml'}","logger":"cosmos.dbt.project","filename":"project.py","lineno":40}
{"timestamp":"2026-06-29T07:26:30.306692Z","level":"info","event":"Project /tmp/airflow/dag_bundles/my-git-repo/tracking_repo/dbt_project does not have {'dependencies.yml', 'packages.yml'}","logger":"cosmos.dbt.project","filename":"project.py","lineno":40}
{"timestamp":"2026-06-29T07:26:30.307022Z","level":"info","event":"Project /tmp/airflow/dag_bundles/my-git-repo/tracking_repo/dbt_project does not have {'dependencies.yml', 'packages.yml'}","logger":"cosmos.dbt.project","filename":"project.py","lineno":40}
{"timestamp":"2026-06-29T07:26:30.307342Z","level":"info","event":"Project /tmp/airflow/dag_bundles/my-git-repo/tracking_repo/dbt_project does not have {'dependencies.yml', 'packages.yml'}","logger":"cosmos.dbt.project","filename":"project.py","lineno":40}
{"timestamp":"2026-06-29T07:26:30.307580Z","level":"info","event":"Cosmos performance (get_games_metadata__dbt_transform) - [0603b9c2bb92|636]: It took 0.00356s to build the Airflow DAG.","logger":"cosmos.converter","filename":"converter.py","lineno":387}
{"timestamp":"2026-06-29T07:26:30.307609Z","level":"info","event":"::endgroup::Cosmos DAG parsing logs","logger":"cosmos.converter","filename":"converter.py","lineno":390}
{"timestamp":"2026-06-29T07:27:00.703252Z","level":"info","event":"Filling up the DagBag from /tmp/airflow/dag_bundles/my-git-repo/tracking_repo/airflow-dags/steam/DAG_steam_api.py","logger":"airflow.models.dagbag.DagBag","filename":"dagbag.py","lineno":593}
{"timestamp":"2026-06-29T07:27:01.128016Z","level":"info","event":"Project /tmp/airflow/dag_bundles/my-git-repo/tracking_repo/dbt_project does not have {'dependencies.yml', 'packages.yml'}","logger":"cosmos.dbt.project","filename":"project.py","lineno":40}
{"timestamp":"2026-06-29T07:27:01.128812Z","level":"info","event":"::group::Cosmos DAG parsing logs","logger":"cosmos.converter","filename":"converter.py","lineno":293}
{"timestamp":"2026-06-29T07:27:01.129137Z","level":"info","event":"Trying to parse the dbt project using dbt ls cache cosmos_cache__get_games_metadata__dbt_transform...","logger":"cosmos.dbt.graph","filename":"graph.py","lineno":781}
{"timestamp":"2026-06-29T07:27:01.136505Z","level":"info","event":"Cosmos performance: time to calculate cache identifier cosmos_cache__get_games_metadata__dbt_transform for current version: 0.00043641700176522136","logger":"cosmos.cache","filename":"cache.py","lineno":333}
{"timestamp":"2026-06-29T07:27:01.136565Z","level":"info","event":"Cosmos performance [0603b9c2bb92|664]: The cache size for cosmos_cache__get_games_metadata__dbt_transform is 5873","logger":"cosmos.dbt.graph","filename":"graph.py","lineno":798}
{"timestamp":"2026-06-29T07:27:01.136726Z","level":"info","event":"Cosmos performance: Cache hit for cosmos_cache__get_games_metadata__dbt_transform - 5d5dc19a4d21d68d9e2dd97b4b147311,84441d245827577361e239eef1354057","logger":"cosmos.dbt.graph","filename":"graph.py","lineno":806}
{"timestamp":"2026-06-29T07:27:01.136924Z","level":"info","event":"Total nodes: 6","logger":"cosmos.dbt.graph","filename":"graph.py","lineno":711}
{"timestamp":"2026-06-29T07:27:01.136953Z","level":"info","event":"Total filtered nodes: 6","logger":"cosmos.dbt.graph","filename":"graph.py","lineno":712}
{"timestamp":"2026-06-29T07:27:01.136994Z","level":"info","event":"Cosmos performance (get_games_metadata__dbt_transform) -  [0603b9c2bb92|664]: It took 0.00788s to parse the dbt project for DAG using LoadMode.DBT_LS_CACHE","logger":"cosmos.converter","filename":"converter.py","lineno":340}
{"timestamp":"2026-06-29T07:27:01.137231Z","level":"info","event":"Project /tmp/airflow/dag_bundles/my-git-repo/tracking_repo/dbt_project does not have {'dependencies.yml', 'packages.yml'}","logger":"cosmos.dbt.project","filename":"project.py","lineno":40}
{"timestamp":"2026-06-29T07:27:01.137695Z","level":"info","event":"Project /tmp/airflow/dag_bundles/my-git-repo/tracking_repo/dbt_project does not have {'dependencies.yml', 'packages.yml'}","logger":"cosmos.dbt.project","filename":"project.py","lineno":40}
{"timestamp":"2026-06-29T07:27:01.138127Z","level":"info","event":"Project /tmp/airflow/dag_bundles/my-git-repo/tracking_repo/dbt_project does not have {'dependencies.yml', 'packages.yml'}","logger":"cosmos.dbt.project","filename":"project.py","lineno":40}
{"timestamp":"2026-06-29T07:27:01.138528Z","level":"info","event":"Project /tmp/airflow/dag_bundles/my-git-repo/tracking_repo/dbt_project does not have {'dependencies.yml', 'packages.yml'}","logger":"cosmos.dbt.project","filename":"project.py","lineno":40}
{"timestamp":"2026-06-29T07:27:01.138888Z","level":"info","event":"Project /tmp/airflow/dag_bundles/my-git-repo/tracking_repo/dbt_project does not have {'dependencies.yml', 'packages.yml'}","logger":"cosmos.dbt.project","filename":"project.py","lineno":40}
{"timestamp":"2026-06-29T07:27:01.139251Z","level":"info","event":"Project /tmp/airflow/dag_bundles/my-git-repo/tracking_repo/dbt_project does not have {'dependencies.yml', 'packages.yml'}","logger":"cosmos.dbt.project","filename":"project.py","lineno":40}
{"timestamp":"2026-06-29T07:27:01.139617Z","level":"info","event":"Project /tmp/airflow/dag_bundles/my-git-repo/tracking_repo/dbt_project does not have {'dependencies.yml', 'packages.yml'}","logger":"cosmos.dbt.project","filename":"project.py","lineno":40}
{"timestamp":"2026-06-29T07:27:01.139847Z","level":"info","event":"Cosmos performance (get_games_metadata__dbt_transform) - [0603b9c2bb92|664]: It took 0.00285s to build the Airflow DAG.","logger":"cosmos.converter","filename":"converter.py","lineno":387}
{"timestamp":"2026-06-29T07:27:01.139880Z","level":"info","event":"::endgroup::Cosmos DAG parsing logs","logger":"cosmos.converter","filename":"converter.py","lineno":390}
{"timestamp":"2026-06-29T07:27:32.050548Z","level":"info","event":"Filling up the DagBag from /tmp/airflow/dag_bundles/my-git-repo/tracking_repo/airflow-dags/steam/DAG_steam_api.py","logger":"airflow.models.dagbag.DagBag","filename":"dagbag.py","lineno":593}
{"timestamp":"2026-06-29T07:27:32.606079Z","level":"info","event":"Project /tmp/airflow/dag_bundles/my-git-repo/tracking_repo/dbt_project does not have {'dependencies.yml', 'packages.yml'}","logger":"cosmos.dbt.project","filename":"project.py","lineno":40}
{"timestamp":"2026-06-29T07:27:32.608352Z","level":"info","event":"::group::Cosmos DAG parsing logs","logger":"cosmos.converter","filename":"converter.py","lineno":293}
{"timestamp":"2026-06-29T07:27:32.608774Z","level":"info","event":"Trying to parse the dbt project using dbt ls cache cosmos_cache__get_games_metadata__dbt_transform...","logger":"cosmos.dbt.graph","filename":"graph.py","lineno":781}
{"timestamp":"2026-06-29T07:27:32.620269Z","level":"info","event":"Cosmos performance: time to calculate cache identifier cosmos_cache__get_games_metadata__dbt_transform for current version: 0.0011297089949948713","logger":"cosmos.cache","filename":"cache.py","lineno":333}
{"timestamp":"2026-06-29T07:27:32.620378Z","level":"info","event":"Cosmos performance [0603b9c2bb92|692]: The cache size for cosmos_cache__get_games_metadata__dbt_transform is 5873","logger":"cosmos.dbt.graph","filename":"graph.py","lineno":798}
{"timestamp":"2026-06-29T07:27:32.620704Z","level":"info","event":"Cosmos performance: Cache hit for cosmos_cache__get_games_metadata__dbt_transform - 5d5dc19a4d21d68d9e2dd97b4b147311,84441d245827577361e239eef1354057","logger":"cosmos.dbt.graph","filename":"graph.py","lineno":806}
{"timestamp":"2026-06-29T07:27:32.621085Z","level":"info","event":"Total nodes: 6","logger":"cosmos.dbt.graph","filename":"graph.py","lineno":711}
{"timestamp":"2026-06-29T07:27:32.621143Z","level":"info","event":"Total filtered nodes: 6","logger":"cosmos.dbt.graph","filename":"graph.py","lineno":712}
{"timestamp":"2026-06-29T07:27:32.621245Z","level":"info","event":"Cosmos performance (get_games_metadata__dbt_transform) -  [0603b9c2bb92|692]: It took 0.0125s to parse the dbt project for DAG using LoadMode.DBT_LS_CACHE","logger":"cosmos.converter","filename":"converter.py","lineno":340}
{"timestamp":"2026-06-29T07:27:32.621637Z","level":"info","event":"Project /tmp/airflow/dag_bundles/my-git-repo/tracking_repo/dbt_project does not have {'dependencies.yml', 'packages.yml'}","logger":"cosmos.dbt.project","filename":"project.py","lineno":40}
{"timestamp":"2026-06-29T07:27:32.622359Z","level":"info","event":"Project /tmp/airflow/dag_bundles/my-git-repo/tracking_repo/dbt_project does not have {'dependencies.yml', 'packages.yml'}","logger":"cosmos.dbt.project","filename":"project.py","lineno":40}
{"timestamp":"2026-06-29T07:27:32.622833Z","level":"info","event":"Project /tmp/airflow/dag_bundles/my-git-repo/tracking_repo/dbt_project does not have {'dependencies.yml', 'packages.yml'}","logger":"cosmos.dbt.project","filename":"project.py","lineno":40}
{"timestamp":"2026-06-29T07:27:32.623214Z","level":"info","event":"Project /tmp/airflow/dag_bundles/my-git-repo/tracking_repo/dbt_project does not have {'dependencies.yml', 'packages.yml'}","logger":"cosmos.dbt.project","filename":"project.py","lineno":40}
{"timestamp":"2026-06-29T07:27:32.623587Z","level":"info","event":"Project /tmp/airflow/dag_bundles/my-git-repo/tracking_repo/dbt_project does not have {'dependencies.yml', 'packages.yml'}","logger":"cosmos.dbt.project","filename":"project.py","lineno":40}
{"timestamp":"2026-06-29T07:27:32.623970Z","level":"info","event":"Project /tmp/airflow/dag_bundles/my-git-repo/tracking_repo/dbt_project does not have {'dependencies.yml', 'packages.yml'}","logger":"cosmos.dbt.project","filename":"project.py","lineno":40}
{"timestamp":"2026-06-29T07:27:32.624320Z","level":"info","event":"Project /tmp/airflow/dag_bundles/my-git-repo/tracking_repo/dbt_project does not have {'dependencies.yml', 'packages.yml'}","logger":"cosmos.dbt.project","filename":"project.py","lineno":40}
{"timestamp":"2026-06-29T07:27:32.624569Z","level":"info","event":"Cosmos performance (get_games_metadata__dbt_transform) - [0603b9c2bb92|692]: It took 0.00335s to build the Airflow DAG.","logger":"cosmos.converter","filename":"converter.py","lineno":387}
{"timestamp":"2026-06-29T07:27:32.624613Z","level":"info","event":"::endgroup::Cosmos DAG parsing logs","logger":"cosmos.converter","filename":"converter.py","lineno":390}
{"timestamp":"2026-06-29T07:28:03.026535Z","level":"info","event":"Filling up the DagBag from /tmp/airflow/dag_bundles/my-git-repo/tracking_repo/airflow-dags/steam/DAG_steam_api.py","logger":"airflow.models.dagbag.DagBag","filename":"dagbag.py","lineno":593}
{"timestamp":"2026-06-29T07:28:03.564238Z","level":"info","event":"Project /tmp/airflow/dag_bundles/my-git-repo/tracking_repo/dbt_project does not have {'dependencies.yml', 'packages.yml'}","logger":"cosmos.dbt.project","filename":"project.py","lineno":40}
{"timestamp":"2026-06-29T07:28:03.565195Z","level":"info","event":"::group::Cosmos DAG parsing logs","logger":"cosmos.converter","filename":"converter.py","lineno":293}
{"timestamp":"2026-06-29T07:28:03.565632Z","level":"info","event":"Trying to parse the dbt project using dbt ls cache cosmos_cache__get_games_metadata__dbt_transform...","logger":"cosmos.dbt.graph","filename":"graph.py","lineno":781}
{"timestamp":"2026-06-29T07:28:03.576961Z","level":"info","event":"Cosmos performance: time to calculate cache identifier cosmos_cache__get_games_metadata__dbt_transform for current version: 0.0008694999996805564","logger":"cosmos.cache","filename":"cache.py","lineno":333}
{"timestamp":"2026-06-29T07:28:03.577027Z","level":"info","event":"Cosmos performance [0603b9c2bb92|735]: The cache size for cosmos_cache__get_games_metadata__dbt_transform is 5873","logger":"cosmos.dbt.graph","filename":"graph.py","lineno":798}
{"timestamp":"2026-06-29T07:28:03.577213Z","level":"info","event":"Cosmos performance: Cache hit for cosmos_cache__get_games_metadata__dbt_transform - 5d5dc19a4d21d68d9e2dd97b4b147311,84441d245827577361e239eef1354057","logger":"cosmos.dbt.graph","filename":"graph.py","lineno":806}
{"timestamp":"2026-06-29T07:28:03.577456Z","level":"info","event":"Total nodes: 6","logger":"cosmos.dbt.graph","filename":"graph.py","lineno":711}
{"timestamp":"2026-06-29T07:28:03.577490Z","level":"info","event":"Total filtered nodes: 6","logger":"cosmos.dbt.graph","filename":"graph.py","lineno":712}
{"timestamp":"2026-06-29T07:28:03.577527Z","level":"info","event":"Cosmos performance (get_games_metadata__dbt_transform) -  [0603b9c2bb92|735]: It took 0.0119s to parse the dbt project for DAG using LoadMode.DBT_LS_CACHE","logger":"cosmos.converter","filename":"converter.py","lineno":340}
{"timestamp":"2026-06-29T07:28:03.577793Z","level":"info","event":"Project /tmp/airflow/dag_bundles/my-git-repo/tracking_repo/dbt_project does not have {'dependencies.yml', 'packages.yml'}","logger":"cosmos.dbt.project","filename":"project.py","lineno":40}
{"timestamp":"2026-06-29T07:28:03.578301Z","level":"info","event":"Project /tmp/airflow/dag_bundles/my-git-repo/tracking_repo/dbt_project does not have {'dependencies.yml', 'packages.yml'}","logger":"cosmos.dbt.project","filename":"project.py","lineno":40}
{"timestamp":"2026-06-29T07:28:03.578765Z","level":"info","event":"Project /tmp/airflow/dag_bundles/my-git-repo/tracking_repo/dbt_project does not have {'dependencies.yml', 'packages.yml'}","logger":"cosmos.dbt.project","filename":"project.py","lineno":40}
{"timestamp":"2026-06-29T07:28:03.579161Z","level":"info","event":"Project /tmp/airflow/dag_bundles/my-git-repo/tracking_repo/dbt_project does not have {'dependencies.yml', 'packages.yml'}","logger":"cosmos.dbt.project","filename":"project.py","lineno":40}
{"timestamp":"2026-06-29T07:28:03.579552Z","level":"info","event":"Project /tmp/airflow/dag_bundles/my-git-repo/tracking_repo/dbt_project does not have {'dependencies.yml', 'packages.yml'}","logger":"cosmos.dbt.project","filename":"project.py","lineno":40}
{"timestamp":"2026-06-29T07:28:03.579921Z","level":"info","event":"Project /tmp/airflow/dag_bundles/my-git-repo/tracking_repo/dbt_project does not have {'dependencies.yml', 'packages.yml'}","logger":"cosmos.dbt.project","filename":"project.py","lineno":40}
{"timestamp":"2026-06-29T07:28:03.580295Z","level":"info","event":"Project /tmp/airflow/dag_bundles/my-git-repo/tracking_repo/dbt_project does not have {'dependencies.yml', 'packages.yml'}","logger":"cosmos.dbt.project","filename":"project.py","lineno":40}
{"timestamp":"2026-06-29T07:28:03.580559Z","level":"info","event":"Cosmos performance (get_games_metadata__dbt_transform) - [0603b9c2bb92|735]: It took 0.00302s to build the Airflow DAG.","logger":"cosmos.converter","filename":"converter.py","lineno":387}
{"timestamp":"2026-06-29T07:28:03.580591Z","level":"info","event":"::endgroup::Cosmos DAG parsing logs","logger":"cosmos.converter","filename":"converter.py","lineno":390}
{"timestamp":"2026-06-29T07:28:34.371166Z","level":"info","event":"Filling up the DagBag from /tmp/airflow/dag_bundles/my-git-repo/tracking_repo/airflow-dags/steam/DAG_steam_api.py","logger":"airflow.models.dagbag.DagBag","filename":"dagbag.py","lineno":593}
{"timestamp":"2026-06-29T07:28:34.804381Z","level":"info","event":"Project /tmp/airflow/dag_bundles/my-git-repo/tracking_repo/dbt_project does not have {'dependencies.yml', 'packages.yml'}","logger":"cosmos.dbt.project","filename":"project.py","lineno":40}
{"timestamp":"2026-06-29T07:28:34.805085Z","level":"info","event":"::group::Cosmos DAG parsing logs","logger":"cosmos.converter","filename":"converter.py","lineno":293}
{"timestamp":"2026-06-29T07:28:34.805402Z","level":"info","event":"Trying to parse the dbt project using dbt ls cache cosmos_cache__get_games_metadata__dbt_transform...","logger":"cosmos.dbt.graph","filename":"graph.py","lineno":781}
{"timestamp":"2026-06-29T07:28:34.812235Z","level":"info","event":"Cosmos performance: time to calculate cache identifier cosmos_cache__get_games_metadata__dbt_transform for current version: 0.0004345420020399615","logger":"cosmos.cache","filename":"cache.py","lineno":333}
{"timestamp":"2026-06-29T07:28:34.812291Z","level":"info","event":"Cosmos performance [0603b9c2bb92|763]: The cache size for cosmos_cache__get_games_metadata__dbt_transform is 5873","logger":"cosmos.dbt.graph","filename":"graph.py","lineno":798}
{"timestamp":"2026-06-29T07:28:34.812447Z","level":"info","event":"Cosmos performance: Cache hit for cosmos_cache__get_games_metadata__dbt_transform - 5d5dc19a4d21d68d9e2dd97b4b147311,84441d245827577361e239eef1354057","logger":"cosmos.dbt.graph","filename":"graph.py","lineno":806}
{"timestamp":"2026-06-29T07:28:34.812624Z","level":"info","event":"Total nodes: 6","logger":"cosmos.dbt.graph","filename":"graph.py","lineno":711}
{"timestamp":"2026-06-29T07:28:34.812662Z","level":"info","event":"Total filtered nodes: 6","logger":"cosmos.dbt.graph","filename":"graph.py","lineno":712}
{"timestamp":"2026-06-29T07:28:34.812704Z","level":"info","event":"Cosmos performance (get_games_metadata__dbt_transform) -  [0603b9c2bb92|763]: It took 0.00733s to parse the dbt project for DAG using LoadMode.DBT_LS_CACHE","logger":"cosmos.converter","filename":"converter.py","lineno":340}
{"timestamp":"2026-06-29T07:28:34.812936Z","level":"info","event":"Project /tmp/airflow/dag_bundles/my-git-repo/tracking_repo/dbt_project does not have {'dependencies.yml', 'packages.yml'}","logger":"cosmos.dbt.project","filename":"project.py","lineno":40}
{"timestamp":"2026-06-29T07:28:34.813333Z","level":"info","event":"Project /tmp/airflow/dag_bundles/my-git-repo/tracking_repo/dbt_project does not have {'dependencies.yml', 'packages.yml'}","logger":"cosmos.dbt.project","filename":"project.py","lineno":40}
{"timestamp":"2026-06-29T07:28:34.813793Z","level":"info","event":"Project /tmp/airflow/dag_bundles/my-git-repo/tracking_repo/dbt_project does not have {'dependencies.yml', 'packages.yml'}","logger":"cosmos.dbt.project","filename":"project.py","lineno":40}
{"timestamp":"2026-06-29T07:28:34.814169Z","level":"info","event":"Project /tmp/airflow/dag_bundles/my-git-repo/tracking_repo/dbt_project does not have {'dependencies.yml', 'packages.yml'}","logger":"cosmos.dbt.project","filename":"project.py","lineno":40}
{"timestamp":"2026-06-29T07:28:34.814559Z","level":"info","event":"Project /tmp/airflow/dag_bundles/my-git-repo/tracking_repo/dbt_project does not have {'dependencies.yml', 'packages.yml'}","logger":"cosmos.dbt.project","filename":"project.py","lineno":40}
{"timestamp":"2026-06-29T07:28:34.814918Z","level":"info","event":"Project /tmp/airflow/dag_bundles/my-git-repo/tracking_repo/dbt_project does not have {'dependencies.yml', 'packages.yml'}","logger":"cosmos.dbt.project","filename":"project.py","lineno":40}
{"timestamp":"2026-06-29T07:28:34.815297Z","level":"info","event":"Project /tmp/airflow/dag_bundles/my-git-repo/tracking_repo/dbt_project does not have {'dependencies.yml', 'packages.yml'}","logger":"cosmos.dbt.project","filename":"project.py","lineno":40}
{"timestamp":"2026-06-29T07:28:34.815551Z","level":"info","event":"Cosmos performance (get_games_metadata__dbt_transform) - [0603b9c2bb92|763]: It took 0.00285s to build the Airflow DAG.","logger":"cosmos.converter","filename":"converter.py","lineno":387}
{"timestamp":"2026-06-29T07:28:34.815581Z","level":"info","event":"::endgroup::Cosmos DAG parsing logs","logger":"cosmos.converter","filename":"converter.py","lineno":390}
{"timestamp":"2026-06-29T07:29:05.546799Z","level":"info","event":"Filling up the DagBag from /tmp/airflow/dag_bundles/my-git-repo/tracking_repo/airflow-dags/steam/DAG_steam_api.py","logger":"airflow.models.dagbag.DagBag","filename":"dagbag.py","lineno":593}
{"timestamp":"2026-06-29T07:29:05.948663Z","level":"info","event":"Project /tmp/airflow/dag_bundles/my-git-repo/tracking_repo/dbt_project does not have {'dependencies.yml', 'packages.yml'}","logger":"cosmos.dbt.project","filename":"project.py","lineno":40}
{"timestamp":"2026-06-29T07:29:05.949434Z","level":"info","event":"::group::Cosmos DAG parsing logs","logger":"cosmos.converter","filename":"converter.py","lineno":293}
{"timestamp":"2026-06-29T07:29:05.949674Z","level":"info","event":"Trying to parse the dbt project using dbt ls cache cosmos_cache__get_games_metadata__dbt_transform...","logger":"cosmos.dbt.graph","filename":"graph.py","lineno":781}
{"timestamp":"2026-06-29T07:29:05.957974Z","level":"info","event":"Cosmos performance: time to calculate cache identifier cosmos_cache__get_games_metadata__dbt_transform for current version: 0.0003792909992625937","logger":"cosmos.cache","filename":"cache.py","lineno":333}
{"timestamp":"2026-06-29T07:29:05.958054Z","level":"info","event":"Cosmos performance [0603b9c2bb92|791]: The cache size for cosmos_cache__get_games_metadata__dbt_transform is 5873","logger":"cosmos.dbt.graph","filename":"graph.py","lineno":798}
{"timestamp":"2026-06-29T07:29:05.958216Z","level":"info","event":"Cosmos performance: Cache hit for cosmos_cache__get_games_metadata__dbt_transform - 5d5dc19a4d21d68d9e2dd97b4b147311,84441d245827577361e239eef1354057","logger":"cosmos.dbt.graph","filename":"graph.py","lineno":806}
{"timestamp":"2026-06-29T07:29:05.958472Z","level":"info","event":"Total nodes: 6","logger":"cosmos.dbt.graph","filename":"graph.py","lineno":711}
{"timestamp":"2026-06-29T07:29:05.958504Z","level":"info","event":"Total filtered nodes: 6","logger":"cosmos.dbt.graph","filename":"graph.py","lineno":712}
{"timestamp":"2026-06-29T07:29:05.958549Z","level":"info","event":"Cosmos performance (get_games_metadata__dbt_transform) -  [0603b9c2bb92|791]: It took 0.00889s to parse the dbt project for DAG using LoadMode.DBT_LS_CACHE","logger":"cosmos.converter","filename":"converter.py","lineno":340}
{"timestamp":"2026-06-29T07:29:05.958787Z","level":"info","event":"Project /tmp/airflow/dag_bundles/my-git-repo/tracking_repo/dbt_project does not have {'dependencies.yml', 'packages.yml'}","logger":"cosmos.dbt.project","filename":"project.py","lineno":40}
{"timestamp":"2026-06-29T07:29:05.959197Z","level":"info","event":"Project /tmp/airflow/dag_bundles/my-git-repo/tracking_repo/dbt_project does not have {'dependencies.yml', 'packages.yml'}","logger":"cosmos.dbt.project","filename":"project.py","lineno":40}
{"timestamp":"2026-06-29T07:29:05.959620Z","level":"info","event":"Project /tmp/airflow/dag_bundles/my-git-repo/tracking_repo/dbt_project does not have {'dependencies.yml', 'packages.yml'}","logger":"cosmos.dbt.project","filename":"project.py","lineno":40}
{"timestamp":"2026-06-29T07:29:05.960016Z","level":"info","event":"Project /tmp/airflow/dag_bundles/my-git-repo/tracking_repo/dbt_project does not have {'dependencies.yml', 'packages.yml'}","logger":"cosmos.dbt.project","filename":"project.py","lineno":40}
{"timestamp":"2026-06-29T07:29:05.960380Z","level":"info","event":"Project /tmp/airflow/dag_bundles/my-git-repo/tracking_repo/dbt_project does not have {'dependencies.yml', 'packages.yml'}","logger":"cosmos.dbt.project","filename":"project.py","lineno":40}
{"timestamp":"2026-06-29T07:29:05.960743Z","level":"info","event":"Project /tmp/airflow/dag_bundles/my-git-repo/tracking_repo/dbt_project does not have {'dependencies.yml', 'packages.yml'}","logger":"cosmos.dbt.project","filename":"project.py","lineno":40}
{"timestamp":"2026-06-29T07:29:05.961116Z","level":"info","event":"Project /tmp/airflow/dag_bundles/my-git-repo/tracking_repo/dbt_project does not have {'dependencies.yml', 'packages.yml'}","logger":"cosmos.dbt.project","filename":"project.py","lineno":40}
{"timestamp":"2026-06-29T07:29:05.961334Z","level":"info","event":"Cosmos performance (get_games_metadata__dbt_transform) - [0603b9c2bb92|791]: It took 0.00279s to build the Airflow DAG.","logger":"cosmos.converter","filename":"converter.py","lineno":387}
{"timestamp":"2026-06-29T07:29:05.961362Z","level":"info","event":"::endgroup::Cosmos DAG parsing logs","logger":"cosmos.converter","filename":"converter.py","lineno":390}
{"timestamp":"2026-06-29T07:29:36.681483Z","level":"info","event":"Filling up the DagBag from /tmp/airflow/dag_bundles/my-git-repo/tracking_repo/airflow-dags/steam/DAG_steam_api.py","logger":"airflow.models.dagbag.DagBag","filename":"dagbag.py","lineno":593}
{"timestamp":"2026-06-29T07:29:37.093553Z","level":"info","event":"Project /tmp/airflow/dag_bundles/my-git-repo/tracking_repo/dbt_project does not have {'dependencies.yml', 'packages.yml'}","logger":"cosmos.dbt.project","filename":"project.py","lineno":40}
{"timestamp":"2026-06-29T07:29:37.094302Z","level":"info","event":"::group::Cosmos DAG parsing logs","logger":"cosmos.converter","filename":"converter.py","lineno":293}
{"timestamp":"2026-06-29T07:29:37.094586Z","level":"info","event":"Trying to parse the dbt project using dbt ls cache cosmos_cache__get_games_metadata__dbt_transform...","logger":"cosmos.dbt.graph","filename":"graph.py","lineno":781}
{"timestamp":"2026-06-29T07:29:37.101437Z","level":"info","event":"Cosmos performance: time to calculate cache identifier cosmos_cache__get_games_metadata__dbt_transform for current version: 0.00037141700158827007","logger":"cosmos.cache","filename":"cache.py","lineno":333}
{"timestamp":"2026-06-29T07:29:37.101491Z","level":"info","event":"Cosmos performance [0603b9c2bb92|819]: The cache size for cosmos_cache__get_games_metadata__dbt_transform is 5873","logger":"cosmos.dbt.graph","filename":"graph.py","lineno":798}
{"timestamp":"2026-06-29T07:29:37.101642Z","level":"info","event":"Cosmos performance: Cache hit for cosmos_cache__get_games_metadata__dbt_transform - 5d5dc19a4d21d68d9e2dd97b4b147311,84441d245827577361e239eef1354057","logger":"cosmos.dbt.graph","filename":"graph.py","lineno":806}
{"timestamp":"2026-06-29T07:29:37.101829Z","level":"info","event":"Total nodes: 6","logger":"cosmos.dbt.graph","filename":"graph.py","lineno":711}
{"timestamp":"2026-06-29T07:29:37.101858Z","level":"info","event":"Total filtered nodes: 6","logger":"cosmos.dbt.graph","filename":"graph.py","lineno":712}
{"timestamp":"2026-06-29T07:29:37.101899Z","level":"info","event":"Cosmos performance (get_games_metadata__dbt_transform) -  [0603b9c2bb92|819]: It took 0.00733s to parse the dbt project for DAG using LoadMode.DBT_LS_CACHE","logger":"cosmos.converter","filename":"converter.py","lineno":340}
{"timestamp":"2026-06-29T07:29:37.102151Z","level":"info","event":"Project /tmp/airflow/dag_bundles/my-git-repo/tracking_repo/dbt_project does not have {'dependencies.yml', 'packages.yml'}","logger":"cosmos.dbt.project","filename":"project.py","lineno":40}
{"timestamp":"2026-06-29T07:29:37.102601Z","level":"info","event":"Project /tmp/airflow/dag_bundles/my-git-repo/tracking_repo/dbt_project does not have {'dependencies.yml', 'packages.yml'}","logger":"cosmos.dbt.project","filename":"project.py","lineno":40}
{"timestamp":"2026-06-29T07:29:37.103036Z","level":"info","event":"Project /tmp/airflow/dag_bundles/my-git-repo/tracking_repo/dbt_project does not have {'dependencies.yml', 'packages.yml'}","logger":"cosmos.dbt.project","filename":"project.py","lineno":40}
{"timestamp":"2026-06-29T07:29:37.103414Z","level":"info","event":"Project /tmp/airflow/dag_bundles/my-git-repo/tracking_repo/dbt_project does not have {'dependencies.yml', 'packages.yml'}","logger":"cosmos.dbt.project","filename":"project.py","lineno":40}
{"timestamp":"2026-06-29T07:29:37.103801Z","level":"info","event":"Project /tmp/airflow/dag_bundles/my-git-repo/tracking_repo/dbt_project does not have {'dependencies.yml', 'packages.yml'}","logger":"cosmos.dbt.project","filename":"project.py","lineno":40}
{"timestamp":"2026-06-29T07:29:37.104154Z","level":"info","event":"Project /tmp/airflow/dag_bundles/my-git-repo/tracking_repo/dbt_project does not have {'dependencies.yml', 'packages.yml'}","logger":"cosmos.dbt.project","filename":"project.py","lineno":40}
{"timestamp":"2026-06-29T07:29:37.104502Z","level":"info","event":"Project /tmp/airflow/dag_bundles/my-git-repo/tracking_repo/dbt_project does not have {'dependencies.yml', 'packages.yml'}","logger":"cosmos.dbt.project","filename":"project.py","lineno":40}
{"timestamp":"2026-06-29T07:29:37.104714Z","level":"info","event":"Cosmos performance (get_games_metadata__dbt_transform) - [0603b9c2bb92|819]: It took 0.00282s to build the Airflow DAG.","logger":"cosmos.converter","filename":"converter.py","lineno":387}
{"timestamp":"2026-06-29T07:29:37.104757Z","level":"info","event":"::endgroup::Cosmos DAG parsing logs","logger":"cosmos.converter","filename":"converter.py","lineno":390}
{"timestamp":"2026-06-29T07:30:07.528225Z","level":"info","event":"Filling up the DagBag from /tmp/airflow/dag_bundles/my-git-repo/tracking_repo/airflow-dags/steam/DAG_steam_api.py","logger":"airflow.models.dagbag.DagBag","filename":"dagbag.py","lineno":593}
{"timestamp":"2026-06-29T07:30:07.952009Z","level":"info","event":"Project /tmp/airflow/dag_bundles/my-git-repo/tracking_repo/dbt_project does not have {'dependencies.yml', 'packages.yml'}","logger":"cosmos.dbt.project","filename":"project.py","lineno":40}
{"timestamp":"2026-06-29T07:30:07.952726Z","level":"info","event":"::group::Cosmos DAG parsing logs","logger":"cosmos.converter","filename":"converter.py","lineno":293}
{"timestamp":"2026-06-29T07:30:07.953005Z","level":"info","event":"Trying to parse the dbt project using dbt ls cache cosmos_cache__get_games_metadata__dbt_transform...","logger":"cosmos.dbt.graph","filename":"graph.py","lineno":781}
{"timestamp":"2026-06-29T07:30:07.959740Z","level":"info","event":"Cosmos performance: time to calculate cache identifier cosmos_cache__get_games_metadata__dbt_transform for current version: 0.00045191699609858915","logger":"cosmos.cache","filename":"cache.py","lineno":333}
{"timestamp":"2026-06-29T07:30:07.959799Z","level":"info","event":"Cosmos performance [0603b9c2bb92|862]: The cache size for cosmos_cache__get_games_metadata__dbt_transform is 5873","logger":"cosmos.dbt.graph","filename":"graph.py","lineno":798}
{"timestamp":"2026-06-29T07:30:07.959940Z","level":"info","event":"Cosmos performance: Cache hit for cosmos_cache__get_games_metadata__dbt_transform - 5d5dc19a4d21d68d9e2dd97b4b147311,84441d245827577361e239eef1354057","logger":"cosmos.dbt.graph","filename":"graph.py","lineno":806}
{"timestamp":"2026-06-29T07:30:07.960204Z","level":"info","event":"Total nodes: 6","logger":"cosmos.dbt.graph","filename":"graph.py","lineno":711}
{"timestamp":"2026-06-29T07:30:07.960240Z","level":"info","event":"Total filtered nodes: 6","logger":"cosmos.dbt.graph","filename":"graph.py","lineno":712}
{"timestamp":"2026-06-29T07:30:07.960276Z","level":"info","event":"Cosmos performance (get_games_metadata__dbt_transform) -  [0603b9c2bb92|862]: It took 0.0073s to parse the dbt project for DAG using LoadMode.DBT_LS_CACHE","logger":"cosmos.converter","filename":"converter.py","lineno":340}
{"timestamp":"2026-06-29T07:30:07.960495Z","level":"info","event":"Project /tmp/airflow/dag_bundles/my-git-repo/tracking_repo/dbt_project does not have {'dependencies.yml', 'packages.yml'}","logger":"cosmos.dbt.project","filename":"project.py","lineno":40}
{"timestamp":"2026-06-29T07:30:07.960897Z","level":"info","event":"Project /tmp/airflow/dag_bundles/my-git-repo/tracking_repo/dbt_project does not have {'dependencies.yml', 'packages.yml'}","logger":"cosmos.dbt.project","filename":"project.py","lineno":40}
{"timestamp":"2026-06-29T07:30:07.961323Z","level":"info","event":"Project /tmp/airflow/dag_bundles/my-git-repo/tracking_repo/dbt_project does not have {'dependencies.yml', 'packages.yml'}","logger":"cosmos.dbt.project","filename":"project.py","lineno":40}
{"timestamp":"2026-06-29T07:30:07.961678Z","level":"info","event":"Project /tmp/airflow/dag_bundles/my-git-repo/tracking_repo/dbt_project does not have {'dependencies.yml', 'packages.yml'}","logger":"cosmos.dbt.project","filename":"project.py","lineno":40}
{"timestamp":"2026-06-29T07:30:07.962059Z","level":"info","event":"Project /tmp/airflow/dag_bundles/my-git-repo/tracking_repo/dbt_project does not have {'dependencies.yml', 'packages.yml'}","logger":"cosmos.dbt.project","filename":"project.py","lineno":40}
{"timestamp":"2026-06-29T07:30:07.962411Z","level":"info","event":"Project /tmp/airflow/dag_bundles/my-git-repo/tracking_repo/dbt_project does not have {'dependencies.yml', 'packages.yml'}","logger":"cosmos.dbt.project","filename":"project.py","lineno":40}
{"timestamp":"2026-06-29T07:30:07.962755Z","level":"info","event":"Project /tmp/airflow/dag_bundles/my-git-repo/tracking_repo/dbt_project does not have {'dependencies.yml', 'packages.yml'}","logger":"cosmos.dbt.project","filename":"project.py","lineno":40}
{"timestamp":"2026-06-29T07:30:07.962982Z","level":"info","event":"Cosmos performance (get_games_metadata__dbt_transform) - [0603b9c2bb92|862]: It took 0.0027s to build the Airflow DAG.","logger":"cosmos.converter","filename":"converter.py","lineno":387}
{"timestamp":"2026-06-29T07:30:07.963020Z","level":"info","event":"::endgroup::Cosmos DAG parsing logs","logger":"cosmos.converter","filename":"converter.py","lineno":390}
{"timestamp":"2026-06-29T07:30:38.676519Z","level":"info","event":"Filling up the DagBag from /tmp/airflow/dag_bundles/my-git-repo/tracking_repo/airflow-dags/steam/DAG_steam_api.py","logger":"airflow.models.dagbag.DagBag","filename":"dagbag.py","lineno":593}
{"timestamp":"2026-06-29T07:30:39.074529Z","level":"info","event":"Project /tmp/airflow/dag_bundles/my-git-repo/tracking_repo/dbt_project does not have {'dependencies.yml', 'packages.yml'}","logger":"cosmos.dbt.project","filename":"project.py","lineno":40}
{"timestamp":"2026-06-29T07:30:39.075162Z","level":"info","event":"::group::Cosmos DAG parsing logs","logger":"cosmos.converter","filename":"converter.py","lineno":293}
{"timestamp":"2026-06-29T07:30:39.075466Z","level":"info","event":"Trying to parse the dbt project using dbt ls cache cosmos_cache__get_games_metadata__dbt_transform...","logger":"cosmos.dbt.graph","filename":"graph.py","lineno":781}
{"timestamp":"2026-06-29T07:30:39.083930Z","level":"info","event":"Cosmos performance: time to calculate cache identifier cosmos_cache__get_games_metadata__dbt_transform for current version: 0.0005956250024610199","logger":"cosmos.cache","filename":"cache.py","lineno":333}
{"timestamp":"2026-06-29T07:30:39.083983Z","level":"info","event":"Cosmos performance [0603b9c2bb92|890]: The cache size for cosmos_cache__get_games_metadata__dbt_transform is 5873","logger":"cosmos.dbt.graph","filename":"graph.py","lineno":798}
{"timestamp":"2026-06-29T07:30:39.084146Z","level":"info","event":"Cosmos performance: Cache hit for cosmos_cache__get_games_metadata__dbt_transform - 5d5dc19a4d21d68d9e2dd97b4b147311,84441d245827577361e239eef1354057","logger":"cosmos.dbt.graph","filename":"graph.py","lineno":806}
{"timestamp":"2026-06-29T07:30:39.084334Z","level":"info","event":"Total nodes: 6","logger":"cosmos.dbt.graph","filename":"graph.py","lineno":711}
{"timestamp":"2026-06-29T07:30:39.084384Z","level":"info","event":"Total filtered nodes: 6","logger":"cosmos.dbt.graph","filename":"graph.py","lineno":712}
{"timestamp":"2026-06-29T07:30:39.084421Z","level":"info","event":"Cosmos performance (get_games_metadata__dbt_transform) -  [0603b9c2bb92|890]: It took 0.00898s to parse the dbt project for DAG using LoadMode.DBT_LS_CACHE","logger":"cosmos.converter","filename":"converter.py","lineno":340}
{"timestamp":"2026-06-29T07:30:39.084639Z","level":"info","event":"Project /tmp/airflow/dag_bundles/my-git-repo/tracking_repo/dbt_project does not have {'dependencies.yml', 'packages.yml'}","logger":"cosmos.dbt.project","filename":"project.py","lineno":40}
{"timestamp":"2026-06-29T07:30:39.085094Z","level":"info","event":"Project /tmp/airflow/dag_bundles/my-git-repo/tracking_repo/dbt_project does not have {'dependencies.yml', 'packages.yml'}","logger":"cosmos.dbt.project","filename":"project.py","lineno":40}
{"timestamp":"2026-06-29T07:30:39.085543Z","level":"info","event":"Project /tmp/airflow/dag_bundles/my-git-repo/tracking_repo/dbt_project does not have {'dependencies.yml', 'packages.yml'}","logger":"cosmos.dbt.project","filename":"project.py","lineno":40}
{"timestamp":"2026-06-29T07:30:39.085901Z","level":"info","event":"Project /tmp/airflow/dag_bundles/my-git-repo/tracking_repo/dbt_project does not have {'dependencies.yml', 'packages.yml'}","logger":"cosmos.dbt.project","filename":"project.py","lineno":40}
{"timestamp":"2026-06-29T07:30:39.086264Z","level":"info","event":"Project /tmp/airflow/dag_bundles/my-git-repo/tracking_repo/dbt_project does not have {'dependencies.yml', 'packages.yml'}","logger":"cosmos.dbt.project","filename":"project.py","lineno":40}
{"timestamp":"2026-06-29T07:30:39.086636Z","level":"info","event":"Project /tmp/airflow/dag_bundles/my-git-repo/tracking_repo/dbt_project does not have {'dependencies.yml', 'packages.yml'}","logger":"cosmos.dbt.project","filename":"project.py","lineno":40}
{"timestamp":"2026-06-29T07:30:39.087001Z","level":"info","event":"Project /tmp/airflow/dag_bundles/my-git-repo/tracking_repo/dbt_project does not have {'dependencies.yml', 'packages.yml'}","logger":"cosmos.dbt.project","filename":"project.py","lineno":40}
{"timestamp":"2026-06-29T07:30:39.087209Z","level":"info","event":"Cosmos performance (get_games_metadata__dbt_transform) - [0603b9c2bb92|890]: It took 0.00278s to build the Airflow DAG.","logger":"cosmos.converter","filename":"converter.py","lineno":387}
{"timestamp":"2026-06-29T07:30:39.087245Z","level":"info","event":"::endgroup::Cosmos DAG parsing logs","logger":"cosmos.converter","filename":"converter.py","lineno":390}
{"timestamp":"2026-06-29T07:31:09.882723Z","level":"info","event":"Filling up the DagBag from /tmp/airflow/dag_bundles/my-git-repo/tracking_repo/airflow-dags/steam/DAG_steam_api.py","logger":"airflow.models.dagbag.DagBag","filename":"dagbag.py","lineno":593}
{"timestamp":"2026-06-29T07:31:10.290150Z","level":"info","event":"Project /tmp/airflow/dag_bundles/my-git-repo/tracking_repo/dbt_project does not have {'dependencies.yml', 'packages.yml'}","logger":"cosmos.dbt.project","filename":"project.py","lineno":40}
{"timestamp":"2026-06-29T07:31:10.290864Z","level":"info","event":"::group::Cosmos DAG parsing logs","logger":"cosmos.converter","filename":"converter.py","lineno":293}
{"timestamp":"2026-06-29T07:31:10.291136Z","level":"info","event":"Trying to parse the dbt project using dbt ls cache cosmos_cache__get_games_metadata__dbt_transform...","logger":"cosmos.dbt.graph","filename":"graph.py","lineno":781}
{"timestamp":"2026-06-29T07:31:10.298027Z","level":"info","event":"Cosmos performance: time to calculate cache identifier cosmos_cache__get_games_metadata__dbt_transform for current version: 0.0003888749997713603","logger":"cosmos.cache","filename":"cache.py","lineno":333}
{"timestamp":"2026-06-29T07:31:10.298081Z","level":"info","event":"Cosmos performance [0603b9c2bb92|918]: The cache size for cosmos_cache__get_games_metadata__dbt_transform is 5873","logger":"cosmos.dbt.graph","filename":"graph.py","lineno":798}
{"timestamp":"2026-06-29T07:31:10.298230Z","level":"info","event":"Cosmos performance: Cache hit for cosmos_cache__get_games_metadata__dbt_transform - 5d5dc19a4d21d68d9e2dd97b4b147311,84441d245827577361e239eef1354057","logger":"cosmos.dbt.graph","filename":"graph.py","lineno":806}
{"timestamp":"2026-06-29T07:31:10.298411Z","level":"info","event":"Total nodes: 6","logger":"cosmos.dbt.graph","filename":"graph.py","lineno":711}
{"timestamp":"2026-06-29T07:31:10.298448Z","level":"info","event":"Total filtered nodes: 6","logger":"cosmos.dbt.graph","filename":"graph.py","lineno":712}
{"timestamp":"2026-06-29T07:31:10.298490Z","level":"info","event":"Cosmos performance (get_games_metadata__dbt_transform) -  [0603b9c2bb92|918]: It took 0.00737s to parse the dbt project for DAG using LoadMode.DBT_LS_CACHE","logger":"cosmos.converter","filename":"converter.py","lineno":340}
{"timestamp":"2026-06-29T07:31:10.298731Z","level":"info","event":"Project /tmp/airflow/dag_bundles/my-git-repo/tracking_repo/dbt_project does not have {'dependencies.yml', 'packages.yml'}","logger":"cosmos.dbt.project","filename":"project.py","lineno":40}
{"timestamp":"2026-06-29T07:31:10.299167Z","level":"info","event":"Project /tmp/airflow/dag_bundles/my-git-repo/tracking_repo/dbt_project does not have {'dependencies.yml', 'packages.yml'}","logger":"cosmos.dbt.project","filename":"project.py","lineno":40}
{"timestamp":"2026-06-29T07:31:10.299577Z","level":"info","event":"Project /tmp/airflow/dag_bundles/my-git-repo/tracking_repo/dbt_project does not have {'dependencies.yml', 'packages.yml'}","logger":"cosmos.dbt.project","filename":"project.py","lineno":40}
{"timestamp":"2026-06-29T07:31:10.299974Z","level":"info","event":"Project /tmp/airflow/dag_bundles/my-git-repo/tracking_repo/dbt_project does not have {'dependencies.yml', 'packages.yml'}","logger":"cosmos.dbt.project","filename":"project.py","lineno":40}
{"timestamp":"2026-06-29T07:31:10.300343Z","level":"info","event":"Project /tmp/airflow/dag_bundles/my-git-repo/tracking_repo/dbt_project does not have {'dependencies.yml', 'packages.yml'}","logger":"cosmos.dbt.project","filename":"project.py","lineno":40}
{"timestamp":"2026-06-29T07:31:10.300703Z","level":"info","event":"Project /tmp/airflow/dag_bundles/my-git-repo/tracking_repo/dbt_project does not have {'dependencies.yml', 'packages.yml'}","logger":"cosmos.dbt.project","filename":"project.py","lineno":40}
{"timestamp":"2026-06-29T07:31:10.301074Z","level":"info","event":"Project /tmp/airflow/dag_bundles/my-git-repo/tracking_repo/dbt_project does not have {'dependencies.yml', 'packages.yml'}","logger":"cosmos.dbt.project","filename":"project.py","lineno":40}
{"timestamp":"2026-06-29T07:31:10.301316Z","level":"info","event":"Cosmos performance (get_games_metadata__dbt_transform) - [0603b9c2bb92|918]: It took 0.00282s to build the Airflow DAG.","logger":"cosmos.converter","filename":"converter.py","lineno":387}
{"timestamp":"2026-06-29T07:31:10.301348Z","level":"info","event":"::endgroup::Cosmos DAG parsing logs","logger":"cosmos.converter","filename":"converter.py","lineno":390}
{"timestamp":"2026-06-29T07:31:41.026026Z","level":"info","event":"Filling up the DagBag from /tmp/airflow/dag_bundles/my-git-repo/tracking_repo/airflow-dags/steam/DAG_steam_api.py","logger":"airflow.models.dagbag.DagBag","filename":"dagbag.py","lineno":593}
{"timestamp":"2026-06-29T07:31:41.446254Z","level":"info","event":"Project /tmp/airflow/dag_bundles/my-git-repo/tracking_repo/dbt_project does not have {'dependencies.yml', 'packages.yml'}","logger":"cosmos.dbt.project","filename":"project.py","lineno":40}
{"timestamp":"2026-06-29T07:31:41.446981Z","level":"info","event":"::group::Cosmos DAG parsing logs","logger":"cosmos.converter","filename":"converter.py","lineno":293}
{"timestamp":"2026-06-29T07:31:41.447262Z","level":"info","event":"Trying to parse the dbt project using dbt ls cache cosmos_cache__get_games_metadata__dbt_transform...","logger":"cosmos.dbt.graph","filename":"graph.py","lineno":781}
{"timestamp":"2026-06-29T07:31:41.454350Z","level":"info","event":"Cosmos performance: time to calculate cache identifier cosmos_cache__get_games_metadata__dbt_transform for current version: 0.00039200000173877925","logger":"cosmos.cache","filename":"cache.py","lineno":333}
{"timestamp":"2026-06-29T07:31:41.454434Z","level":"info","event":"Cosmos performance [0603b9c2bb92|946]: The cache size for cosmos_cache__get_games_metadata__dbt_transform is 5873","logger":"cosmos.dbt.graph","filename":"graph.py","lineno":798}
{"timestamp":"2026-06-29T07:31:41.454589Z","level":"info","event":"Cosmos performance: Cache hit for cosmos_cache__get_games_metadata__dbt_transform - 5d5dc19a4d21d68d9e2dd97b4b147311,84441d245827577361e239eef1354057","logger":"cosmos.dbt.graph","filename":"graph.py","lineno":806}
{"timestamp":"2026-06-29T07:31:41.454780Z","level":"info","event":"Total nodes: 6","logger":"cosmos.dbt.graph","filename":"graph.py","lineno":711}
{"timestamp":"2026-06-29T07:31:41.454816Z","level":"info","event":"Total filtered nodes: 6","logger":"cosmos.dbt.graph","filename":"graph.py","lineno":712}
{"timestamp":"2026-06-29T07:31:41.454850Z","level":"info","event":"Cosmos performance (get_games_metadata__dbt_transform) -  [0603b9c2bb92|946]: It took 0.00761s to parse the dbt project for DAG using LoadMode.DBT_LS_CACHE","logger":"cosmos.converter","filename":"converter.py","lineno":340}
{"timestamp":"2026-06-29T07:31:41.455083Z","level":"info","event":"Project /tmp/airflow/dag_bundles/my-git-repo/tracking_repo/dbt_project does not have {'dependencies.yml', 'packages.yml'}","logger":"cosmos.dbt.project","filename":"project.py","lineno":40}
{"timestamp":"2026-06-29T07:31:41.455566Z","level":"info","event":"Project /tmp/airflow/dag_bundles/my-git-repo/tracking_repo/dbt_project does not have {'dependencies.yml', 'packages.yml'}","logger":"cosmos.dbt.project","filename":"project.py","lineno":40}
{"timestamp":"2026-06-29T07:31:41.455999Z","level":"info","event":"Project /tmp/airflow/dag_bundles/my-git-repo/tracking_repo/dbt_project does not have {'dependencies.yml', 'packages.yml'}","logger":"cosmos.dbt.project","filename":"project.py","lineno":40}
{"timestamp":"2026-06-29T07:31:41.456393Z","level":"info","event":"Project /tmp/airflow/dag_bundles/my-git-repo/tracking_repo/dbt_project does not have {'dependencies.yml', 'packages.yml'}","logger":"cosmos.dbt.project","filename":"project.py","lineno":40}
{"timestamp":"2026-06-29T07:31:41.456748Z","level":"info","event":"Project /tmp/airflow/dag_bundles/my-git-repo/tracking_repo/dbt_project does not have {'dependencies.yml', 'packages.yml'}","logger":"cosmos.dbt.project","filename":"project.py","lineno":40}
{"timestamp":"2026-06-29T07:31:41.457101Z","level":"info","event":"Project /tmp/airflow/dag_bundles/my-git-repo/tracking_repo/dbt_project does not have {'dependencies.yml', 'packages.yml'}","logger":"cosmos.dbt.project","filename":"project.py","lineno":40}
{"timestamp":"2026-06-29T07:31:41.457483Z","level":"info","event":"Project /tmp/airflow/dag_bundles/my-git-repo/tracking_repo/dbt_project does not have {'dependencies.yml', 'packages.yml'}","logger":"cosmos.dbt.project","filename":"project.py","lineno":40}
{"timestamp":"2026-06-29T07:31:41.457700Z","level":"info","event":"Cosmos performance (get_games_metadata__dbt_transform) - [0603b9c2bb92|946]: It took 0.00285s to build the Airflow DAG.","logger":"cosmos.converter","filename":"converter.py","lineno":387}
{"timestamp":"2026-06-29T07:31:41.457727Z","level":"info","event":"::endgroup::Cosmos DAG parsing logs","logger":"cosmos.converter","filename":"converter.py","lineno":390}
{"timestamp":"2026-06-29T07:32:11.776265Z","level":"info","event":"Filling up the DagBag from /tmp/airflow/dag_bundles/my-git-repo/tracking_repo/airflow-dags/steam/DAG_steam_api.py","logger":"airflow.models.dagbag.DagBag","filename":"dagbag.py","lineno":593}
{"timestamp":"2026-06-29T07:32:12.166269Z","level":"info","event":"Project /tmp/airflow/dag_bundles/my-git-repo/tracking_repo/dbt_project does not have {'dependencies.yml', 'packages.yml'}","logger":"cosmos.dbt.project","filename":"project.py","lineno":40}
{"timestamp":"2026-06-29T07:32:12.166987Z","level":"info","event":"::group::Cosmos DAG parsing logs","logger":"cosmos.converter","filename":"converter.py","lineno":293}
{"timestamp":"2026-06-29T07:32:12.167263Z","level":"info","event":"Trying to parse the dbt project using dbt ls cache cosmos_cache__get_games_metadata__dbt_transform...","logger":"cosmos.dbt.graph","filename":"graph.py","lineno":781}
{"timestamp":"2026-06-29T07:32:12.173777Z","level":"info","event":"Cosmos performance: time to calculate cache identifier cosmos_cache__get_games_metadata__dbt_transform for current version: 0.00040795800305204466","logger":"cosmos.cache","filename":"cache.py","lineno":333}
{"timestamp":"2026-06-29T07:32:12.173839Z","level":"info","event":"Cosmos performance [0603b9c2bb92|989]: The cache size for cosmos_cache__get_games_metadata__dbt_transform is 5873","logger":"cosmos.dbt.graph","filename":"graph.py","lineno":798}
{"timestamp":"2026-06-29T07:32:12.173983Z","level":"info","event":"Cosmos performance: Cache hit for cosmos_cache__get_games_metadata__dbt_transform - 5d5dc19a4d21d68d9e2dd97b4b147311,84441d245827577361e239eef1354057","logger":"cosmos.dbt.graph","filename":"graph.py","lineno":806}
{"timestamp":"2026-06-29T07:32:12.174172Z","level":"info","event":"Total nodes: 6","logger":"cosmos.dbt.graph","filename":"graph.py","lineno":711}
{"timestamp":"2026-06-29T07:32:12.174209Z","level":"info","event":"Total filtered nodes: 6","logger":"cosmos.dbt.graph","filename":"graph.py","lineno":712}
{"timestamp":"2026-06-29T07:32:12.174248Z","level":"info","event":"Cosmos performance (get_games_metadata__dbt_transform) -  [0603b9c2bb92|989]: It took 0.00701s to parse the dbt project for DAG using LoadMode.DBT_LS_CACHE","logger":"cosmos.converter","filename":"converter.py","lineno":340}
{"timestamp":"2026-06-29T07:32:12.174473Z","level":"info","event":"Project /tmp/airflow/dag_bundles/my-git-repo/tracking_repo/dbt_project does not have {'dependencies.yml', 'packages.yml'}","logger":"cosmos.dbt.project","filename":"project.py","lineno":40}
{"timestamp":"2026-06-29T07:32:12.174879Z","level":"info","event":"Project /tmp/airflow/dag_bundles/my-git-repo/tracking_repo/dbt_project does not have {'dependencies.yml', 'packages.yml'}","logger":"cosmos.dbt.project","filename":"project.py","lineno":40}
{"timestamp":"2026-06-29T07:32:12.175287Z","level":"info","event":"Project /tmp/airflow/dag_bundles/my-git-repo/tracking_repo/dbt_project does not have {'dependencies.yml', 'packages.yml'}","logger":"cosmos.dbt.project","filename":"project.py","lineno":40}
{"timestamp":"2026-06-29T07:32:12.175744Z","level":"info","event":"Project /tmp/airflow/dag_bundles/my-git-repo/tracking_repo/dbt_project does not have {'dependencies.yml', 'packages.yml'}","logger":"cosmos.dbt.project","filename":"project.py","lineno":40}
{"timestamp":"2026-06-29T07:32:12.176119Z","level":"info","event":"Project /tmp/airflow/dag_bundles/my-git-repo/tracking_repo/dbt_project does not have {'dependencies.yml', 'packages.yml'}","logger":"cosmos.dbt.project","filename":"project.py","lineno":40}
{"timestamp":"2026-06-29T07:32:12.176470Z","level":"info","event":"Project /tmp/airflow/dag_bundles/my-git-repo/tracking_repo/dbt_project does not have {'dependencies.yml', 'packages.yml'}","logger":"cosmos.dbt.project","filename":"project.py","lineno":40}
{"timestamp":"2026-06-29T07:32:12.176833Z","level":"info","event":"Project /tmp/airflow/dag_bundles/my-git-repo/tracking_repo/dbt_project does not have {'dependencies.yml', 'packages.yml'}","logger":"cosmos.dbt.project","filename":"project.py","lineno":40}
{"timestamp":"2026-06-29T07:32:12.177062Z","level":"info","event":"Cosmos performance (get_games_metadata__dbt_transform) - [0603b9c2bb92|989]: It took 0.00281s to build the Airflow DAG.","logger":"cosmos.converter","filename":"converter.py","lineno":387}
{"timestamp":"2026-06-29T07:32:12.177094Z","level":"info","event":"::endgroup::Cosmos DAG parsing logs","logger":"cosmos.converter","filename":"converter.py","lineno":390}
{"timestamp":"2026-06-29T07:32:42.898527Z","level":"info","event":"Filling up the DagBag from /tmp/airflow/dag_bundles/my-git-repo/tracking_repo/airflow-dags/steam/DAG_steam_api.py","logger":"airflow.models.dagbag.DagBag","filename":"dagbag.py","lineno":593}
{"timestamp":"2026-06-29T07:32:43.287028Z","level":"info","event":"Project /tmp/airflow/dag_bundles/my-git-repo/tracking_repo/dbt_project does not have {'dependencies.yml', 'packages.yml'}","logger":"cosmos.dbt.project","filename":"project.py","lineno":40}
{"timestamp":"2026-06-29T07:32:43.287749Z","level":"info","event":"::group::Cosmos DAG parsing logs","logger":"cosmos.converter","filename":"converter.py","lineno":293}
{"timestamp":"2026-06-29T07:32:43.288040Z","level":"info","event":"Trying to parse the dbt project using dbt ls cache cosmos_cache__get_games_metadata__dbt_transform...","logger":"cosmos.dbt.graph","filename":"graph.py","lineno":781}
{"timestamp":"2026-06-29T07:32:43.295032Z","level":"info","event":"Cosmos performance: time to calculate cache identifier cosmos_cache__get_games_metadata__dbt_transform for current version: 0.0003799170008278452","logger":"cosmos.cache","filename":"cache.py","lineno":333}
{"timestamp":"2026-06-29T07:32:43.295099Z","level":"info","event":"Cosmos performance [0603b9c2bb92|1017]: The cache size for cosmos_cache__get_games_metadata__dbt_transform is 5873","logger":"cosmos.dbt.graph","filename":"graph.py","lineno":798}
{"timestamp":"2026-06-29T07:32:43.295248Z","level":"info","event":"Cosmos performance: Cache hit for cosmos_cache__get_games_metadata__dbt_transform - 5d5dc19a4d21d68d9e2dd97b4b147311,84441d245827577361e239eef1354057","logger":"cosmos.dbt.graph","filename":"graph.py","lineno":806}
{"timestamp":"2026-06-29T07:32:43.295499Z","level":"info","event":"Total nodes: 6","logger":"cosmos.dbt.graph","filename":"graph.py","lineno":711}
{"timestamp":"2026-06-29T07:32:43.295530Z","level":"info","event":"Total filtered nodes: 6","logger":"cosmos.dbt.graph","filename":"graph.py","lineno":712}
{"timestamp":"2026-06-29T07:32:43.295589Z","level":"info","event":"Cosmos performance (get_games_metadata__dbt_transform) -  [0603b9c2bb92|1017]: It took 0.00755s to parse the dbt project for DAG using LoadMode.DBT_LS_CACHE","logger":"cosmos.converter","filename":"converter.py","lineno":340}
{"timestamp":"2026-06-29T07:32:43.295824Z","level":"info","event":"Project /tmp/airflow/dag_bundles/my-git-repo/tracking_repo/dbt_project does not have {'dependencies.yml', 'packages.yml'}","logger":"cosmos.dbt.project","filename":"project.py","lineno":40}
{"timestamp":"2026-06-29T07:32:43.296217Z","level":"info","event":"Project /tmp/airflow/dag_bundles/my-git-repo/tracking_repo/dbt_project does not have {'dependencies.yml', 'packages.yml'}","logger":"cosmos.dbt.project","filename":"project.py","lineno":40}
{"timestamp":"2026-06-29T07:32:43.296634Z","level":"info","event":"Project /tmp/airflow/dag_bundles/my-git-repo/tracking_repo/dbt_project does not have {'dependencies.yml', 'packages.yml'}","logger":"cosmos.dbt.project","filename":"project.py","lineno":40}
{"timestamp":"2026-06-29T07:32:43.297030Z","level":"info","event":"Project /tmp/airflow/dag_bundles/my-git-repo/tracking_repo/dbt_project does not have {'dependencies.yml', 'packages.yml'}","logger":"cosmos.dbt.project","filename":"project.py","lineno":40}
{"timestamp":"2026-06-29T07:32:43.297399Z","level":"info","event":"Project /tmp/airflow/dag_bundles/my-git-repo/tracking_repo/dbt_project does not have {'dependencies.yml', 'packages.yml'}","logger":"cosmos.dbt.project","filename":"project.py","lineno":40}
{"timestamp":"2026-06-29T07:32:43.297746Z","level":"info","event":"Project /tmp/airflow/dag_bundles/my-git-repo/tracking_repo/dbt_project does not have {'dependencies.yml', 'packages.yml'}","logger":"cosmos.dbt.project","filename":"project.py","lineno":40}
{"timestamp":"2026-06-29T07:32:43.298110Z","level":"info","event":"Project /tmp/airflow/dag_bundles/my-git-repo/tracking_repo/dbt_project does not have {'dependencies.yml', 'packages.yml'}","logger":"cosmos.dbt.project","filename":"project.py","lineno":40}
{"timestamp":"2026-06-29T07:32:43.298337Z","level":"info","event":"Cosmos performance (get_games_metadata__dbt_transform) - [0603b9c2bb92|1017]: It took 0.00277s to build the Airflow DAG.","logger":"cosmos.converter","filename":"converter.py","lineno":387}
{"timestamp":"2026-06-29T07:32:43.298376Z","level":"info","event":"::endgroup::Cosmos DAG parsing logs","logger":"cosmos.converter","filename":"converter.py","lineno":390}
{"timestamp":"2026-06-29T07:33:14.035692Z","level":"info","event":"Filling up the DagBag from /tmp/airflow/dag_bundles/my-git-repo/tracking_repo/airflow-dags/steam/DAG_steam_api.py","logger":"airflow.models.dagbag.DagBag","filename":"dagbag.py","lineno":593}
{"timestamp":"2026-06-29T07:33:14.445366Z","level":"info","event":"Project /tmp/airflow/dag_bundles/my-git-repo/tracking_repo/dbt_project does not have {'dependencies.yml', 'packages.yml'}","logger":"cosmos.dbt.project","filename":"project.py","lineno":40}
{"timestamp":"2026-06-29T07:33:14.446075Z","level":"info","event":"::group::Cosmos DAG parsing logs","logger":"cosmos.converter","filename":"converter.py","lineno":293}
{"timestamp":"2026-06-29T07:33:14.446350Z","level":"info","event":"Trying to parse the dbt project using dbt ls cache cosmos_cache__get_games_metadata__dbt_transform...","logger":"cosmos.dbt.graph","filename":"graph.py","lineno":781}
{"timestamp":"2026-06-29T07:33:14.453464Z","level":"info","event":"Cosmos performance: time to calculate cache identifier cosmos_cache__get_games_metadata__dbt_transform for current version: 0.0003565829974832013","logger":"cosmos.cache","filename":"cache.py","lineno":333}
{"timestamp":"2026-06-29T07:33:14.453521Z","level":"info","event":"Cosmos performance [0603b9c2bb92|1045]: The cache size for cosmos_cache__get_games_metadata__dbt_transform is 5873","logger":"cosmos.dbt.graph","filename":"graph.py","lineno":798}
{"timestamp":"2026-06-29T07:33:14.453677Z","level":"info","event":"Cosmos performance: Cache hit for cosmos_cache__get_games_metadata__dbt_transform - 5d5dc19a4d21d68d9e2dd97b4b147311,84441d245827577361e239eef1354057","logger":"cosmos.dbt.graph","filename":"graph.py","lineno":806}
{"timestamp":"2026-06-29T07:33:14.453868Z","level":"info","event":"Total nodes: 6","logger":"cosmos.dbt.graph","filename":"graph.py","lineno":711}
{"timestamp":"2026-06-29T07:33:14.453898Z","level":"info","event":"Total filtered nodes: 6","logger":"cosmos.dbt.graph","filename":"graph.py","lineno":712}
{"timestamp":"2026-06-29T07:33:14.453934Z","level":"info","event":"Cosmos performance (get_games_metadata__dbt_transform) -  [0603b9c2bb92|1045]: It took 0.00761s to parse the dbt project for DAG using LoadMode.DBT_LS_CACHE","logger":"cosmos.converter","filename":"converter.py","lineno":340}
{"timestamp":"2026-06-29T07:33:14.454191Z","level":"info","event":"Project /tmp/airflow/dag_bundles/my-git-repo/tracking_repo/dbt_project does not have {'dependencies.yml', 'packages.yml'}","logger":"cosmos.dbt.project","filename":"project.py","lineno":40}
{"timestamp":"2026-06-29T07:33:14.454619Z","level":"info","event":"Project /tmp/airflow/dag_bundles/my-git-repo/tracking_repo/dbt_project does not have {'dependencies.yml', 'packages.yml'}","logger":"cosmos.dbt.project","filename":"project.py","lineno":40}
{"timestamp":"2026-06-29T07:33:14.455009Z","level":"info","event":"Project /tmp/airflow/dag_bundles/my-git-repo/tracking_repo/dbt_project does not have {'dependencies.yml', 'packages.yml'}","logger":"cosmos.dbt.project","filename":"project.py","lineno":40}
{"timestamp":"2026-06-29T07:33:14.455345Z","level":"info","event":"Project /tmp/airflow/dag_bundles/my-git-repo/tracking_repo/dbt_project does not have {'dependencies.yml', 'packages.yml'}","logger":"cosmos.dbt.project","filename":"project.py","lineno":40}
{"timestamp":"2026-06-29T07:33:14.455681Z","level":"info","event":"Project /tmp/airflow/dag_bundles/my-git-repo/tracking_repo/dbt_project does not have {'dependencies.yml', 'packages.yml'}","logger":"cosmos.dbt.project","filename":"project.py","lineno":40}
{"timestamp":"2026-06-29T07:33:14.456001Z","level":"info","event":"Project /tmp/airflow/dag_bundles/my-git-repo/tracking_repo/dbt_project does not have {'dependencies.yml', 'packages.yml'}","logger":"cosmos.dbt.project","filename":"project.py","lineno":40}
{"timestamp":"2026-06-29T07:33:14.456315Z","level":"info","event":"Project /tmp/airflow/dag_bundles/my-git-repo/tracking_repo/dbt_project does not have {'dependencies.yml', 'packages.yml'}","logger":"cosmos.dbt.project","filename":"project.py","lineno":40}
{"timestamp":"2026-06-29T07:33:14.456524Z","level":"info","event":"Cosmos performance (get_games_metadata__dbt_transform) - [0603b9c2bb92|1045]: It took 0.00259s to build the Airflow DAG.","logger":"cosmos.converter","filename":"converter.py","lineno":387}
{"timestamp":"2026-06-29T07:33:14.456553Z","level":"info","event":"::endgroup::Cosmos DAG parsing logs","logger":"cosmos.converter","filename":"converter.py","lineno":390}
{"timestamp":"2026-06-29T07:33:45.198279Z","level":"info","event":"Filling up the DagBag from /tmp/airflow/dag_bundles/my-git-repo/tracking_repo/airflow-dags/steam/DAG_steam_api.py","logger":"airflow.models.dagbag.DagBag","filename":"dagbag.py","lineno":593}
{"timestamp":"2026-06-29T07:33:45.638324Z","level":"info","event":"Project /tmp/airflow/dag_bundles/my-git-repo/tracking_repo/dbt_project does not have {'dependencies.yml', 'packages.yml'}","logger":"cosmos.dbt.project","filename":"project.py","lineno":40}
{"timestamp":"2026-06-29T07:33:45.639009Z","level":"info","event":"::group::Cosmos DAG parsing logs","logger":"cosmos.converter","filename":"converter.py","lineno":293}
{"timestamp":"2026-06-29T07:33:45.639290Z","level":"info","event":"Trying to parse the dbt project using dbt ls cache cosmos_cache__get_games_metadata__dbt_transform...","logger":"cosmos.dbt.graph","filename":"graph.py","lineno":781}
{"timestamp":"2026-06-29T07:33:45.646393Z","level":"info","event":"Cosmos performance: time to calculate cache identifier cosmos_cache__get_games_metadata__dbt_transform for current version: 0.0005036250004195608","logger":"cosmos.cache","filename":"cache.py","lineno":333}
{"timestamp":"2026-06-29T07:33:45.646446Z","level":"info","event":"Cosmos performance [0603b9c2bb92|1073]: The cache size for cosmos_cache__get_games_metadata__dbt_transform is 5873","logger":"cosmos.dbt.graph","filename":"graph.py","lineno":798}
{"timestamp":"2026-06-29T07:33:45.646609Z","level":"info","event":"Cosmos performance: Cache hit for cosmos_cache__get_games_metadata__dbt_transform - 5d5dc19a4d21d68d9e2dd97b4b147311,84441d245827577361e239eef1354057","logger":"cosmos.dbt.graph","filename":"graph.py","lineno":806}
{"timestamp":"2026-06-29T07:33:45.646808Z","level":"info","event":"Total nodes: 6","logger":"cosmos.dbt.graph","filename":"graph.py","lineno":711}
{"timestamp":"2026-06-29T07:33:45.646849Z","level":"info","event":"Total filtered nodes: 6","logger":"cosmos.dbt.graph","filename":"graph.py","lineno":712}
{"timestamp":"2026-06-29T07:33:45.646893Z","level":"info","event":"Cosmos performance (get_games_metadata__dbt_transform) -  [0603b9c2bb92|1073]: It took 0.00762s to parse the dbt project for DAG using LoadMode.DBT_LS_CACHE","logger":"cosmos.converter","filename":"converter.py","lineno":340}
{"timestamp":"2026-06-29T07:33:45.647129Z","level":"info","event":"Project /tmp/airflow/dag_bundles/my-git-repo/tracking_repo/dbt_project does not have {'dependencies.yml', 'packages.yml'}","logger":"cosmos.dbt.project","filename":"project.py","lineno":40}
{"timestamp":"2026-06-29T07:33:45.647566Z","level":"info","event":"Project /tmp/airflow/dag_bundles/my-git-repo/tracking_repo/dbt_project does not have {'dependencies.yml', 'packages.yml'}","logger":"cosmos.dbt.project","filename":"project.py","lineno":40}
{"timestamp":"2026-06-29T07:33:45.648000Z","level":"info","event":"Project /tmp/airflow/dag_bundles/my-git-repo/tracking_repo/dbt_project does not have {'dependencies.yml', 'packages.yml'}","logger":"cosmos.dbt.project","filename":"project.py","lineno":40}
{"timestamp":"2026-06-29T07:33:45.648387Z","level":"info","event":"Project /tmp/airflow/dag_bundles/my-git-repo/tracking_repo/dbt_project does not have {'dependencies.yml', 'packages.yml'}","logger":"cosmos.dbt.project","filename":"project.py","lineno":40}
{"timestamp":"2026-06-29T07:33:45.648744Z","level":"info","event":"Project /tmp/airflow/dag_bundles/my-git-repo/tracking_repo/dbt_project does not have {'dependencies.yml', 'packages.yml'}","logger":"cosmos.dbt.project","filename":"project.py","lineno":40}
{"timestamp":"2026-06-29T07:33:45.649129Z","level":"info","event":"Project /tmp/airflow/dag_bundles/my-git-repo/tracking_repo/dbt_project does not have {'dependencies.yml', 'packages.yml'}","logger":"cosmos.dbt.project","filename":"project.py","lineno":40}
{"timestamp":"2026-06-29T07:33:45.649477Z","level":"info","event":"Project /tmp/airflow/dag_bundles/my-git-repo/tracking_repo/dbt_project does not have {'dependencies.yml', 'packages.yml'}","logger":"cosmos.dbt.project","filename":"project.py","lineno":40}
{"timestamp":"2026-06-29T07:33:45.649697Z","level":"info","event":"Cosmos performance (get_games_metadata__dbt_transform) - [0603b9c2bb92|1073]: It took 0.00281s to build the Airflow DAG.","logger":"cosmos.converter","filename":"converter.py","lineno":387}
{"timestamp":"2026-06-29T07:33:45.649725Z","level":"info","event":"::endgroup::Cosmos DAG parsing logs","logger":"cosmos.converter","filename":"converter.py","lineno":390}
{"timestamp":"2026-06-29T07:34:16.033302Z","level":"info","event":"Filling up the DagBag from /tmp/airflow/dag_bundles/my-git-repo/tracking_repo/airflow-dags/steam/DAG_steam_api.py","logger":"airflow.models.dagbag.DagBag","filename":"dagbag.py","lineno":593}
{"timestamp":"2026-06-29T07:34:16.441443Z","level":"info","event":"Project /tmp/airflow/dag_bundles/my-git-repo/tracking_repo/dbt_project does not have {'dependencies.yml', 'packages.yml'}","logger":"cosmos.dbt.project","filename":"project.py","lineno":40}
{"timestamp":"2026-06-29T07:34:16.442158Z","level":"info","event":"::group::Cosmos DAG parsing logs","logger":"cosmos.converter","filename":"converter.py","lineno":293}
{"timestamp":"2026-06-29T07:34:16.442439Z","level":"info","event":"Trying to parse the dbt project using dbt ls cache cosmos_cache__get_games_metadata__dbt_transform...","logger":"cosmos.dbt.graph","filename":"graph.py","lineno":781}
{"timestamp":"2026-06-29T07:34:16.449114Z","level":"info","event":"Cosmos performance: time to calculate cache identifier cosmos_cache__get_games_metadata__dbt_transform for current version: 0.00038520800444530323","logger":"cosmos.cache","filename":"cache.py","lineno":333}
{"timestamp":"2026-06-29T07:34:16.449179Z","level":"info","event":"Cosmos performance [0603b9c2bb92|1116]: The cache size for cosmos_cache__get_games_metadata__dbt_transform is 5873","logger":"cosmos.dbt.graph","filename":"graph.py","lineno":798}
{"timestamp":"2026-06-29T07:34:16.449329Z","level":"info","event":"Cosmos performance: Cache hit for cosmos_cache__get_games_metadata__dbt_transform - 5d5dc19a4d21d68d9e2dd97b4b147311,84441d245827577361e239eef1354057","logger":"cosmos.dbt.graph","filename":"graph.py","lineno":806}
{"timestamp":"2026-06-29T07:34:16.449508Z","level":"info","event":"Total nodes: 6","logger":"cosmos.dbt.graph","filename":"graph.py","lineno":711}
{"timestamp":"2026-06-29T07:34:16.449544Z","level":"info","event":"Total filtered nodes: 6","logger":"cosmos.dbt.graph","filename":"graph.py","lineno":712}
{"timestamp":"2026-06-29T07:34:16.449587Z","level":"info","event":"Cosmos performance (get_games_metadata__dbt_transform) -  [0603b9c2bb92|1116]: It took 0.00717s to parse the dbt project for DAG using LoadMode.DBT_LS_CACHE","logger":"cosmos.converter","filename":"converter.py","lineno":340}
{"timestamp":"2026-06-29T07:34:16.449820Z","level":"info","event":"Project /tmp/airflow/dag_bundles/my-git-repo/tracking_repo/dbt_project does not have {'dependencies.yml', 'packages.yml'}","logger":"cosmos.dbt.project","filename":"project.py","lineno":40}
{"timestamp":"2026-06-29T07:34:16.450278Z","level":"info","event":"Project /tmp/airflow/dag_bundles/my-git-repo/tracking_repo/dbt_project does not have {'dependencies.yml', 'packages.yml'}","logger":"cosmos.dbt.project","filename":"project.py","lineno":40}
{"timestamp":"2026-06-29T07:34:16.450687Z","level":"info","event":"Project /tmp/airflow/dag_bundles/my-git-repo/tracking_repo/dbt_project does not have {'dependencies.yml', 'packages.yml'}","logger":"cosmos.dbt.project","filename":"project.py","lineno":40}
{"timestamp":"2026-06-29T07:34:16.451067Z","level":"info","event":"Project /tmp/airflow/dag_bundles/my-git-repo/tracking_repo/dbt_project does not have {'dependencies.yml', 'packages.yml'}","logger":"cosmos.dbt.project","filename":"project.py","lineno":40}
{"timestamp":"2026-06-29T07:34:16.451422Z","level":"info","event":"Project /tmp/airflow/dag_bundles/my-git-repo/tracking_repo/dbt_project does not have {'dependencies.yml', 'packages.yml'}","logger":"cosmos.dbt.project","filename":"project.py","lineno":40}
{"timestamp":"2026-06-29T07:34:16.451766Z","level":"info","event":"Project /tmp/airflow/dag_bundles/my-git-repo/tracking_repo/dbt_project does not have {'dependencies.yml', 'packages.yml'}","logger":"cosmos.dbt.project","filename":"project.py","lineno":40}
{"timestamp":"2026-06-29T07:34:16.452154Z","level":"info","event":"Project /tmp/airflow/dag_bundles/my-git-repo/tracking_repo/dbt_project does not have {'dependencies.yml', 'packages.yml'}","logger":"cosmos.dbt.project","filename":"project.py","lineno":40}
{"timestamp":"2026-06-29T07:34:16.452372Z","level":"info","event":"Cosmos performance (get_games_metadata__dbt_transform) - [0603b9c2bb92|1116]: It took 0.00278s to build the Airflow DAG.","logger":"cosmos.converter","filename":"converter.py","lineno":387}
{"timestamp":"2026-06-29T07:34:16.452408Z","level":"info","event":"::endgroup::Cosmos DAG parsing logs","logger":"cosmos.converter","filename":"converter.py","lineno":390}
{"timestamp":"2026-06-29T07:34:47.171584Z","level":"info","event":"Filling up the DagBag from /tmp/airflow/dag_bundles/my-git-repo/tracking_repo/airflow-dags/steam/DAG_steam_api.py","logger":"airflow.models.dagbag.DagBag","filename":"dagbag.py","lineno":593}
{"timestamp":"2026-06-29T07:34:47.569812Z","level":"info","event":"Project /tmp/airflow/dag_bundles/my-git-repo/tracking_repo/dbt_project does not have {'dependencies.yml', 'packages.yml'}","logger":"cosmos.dbt.project","filename":"project.py","lineno":40}
{"timestamp":"2026-06-29T07:34:47.571612Z","level":"info","event":"::group::Cosmos DAG parsing logs","logger":"cosmos.converter","filename":"converter.py","lineno":293}
{"timestamp":"2026-06-29T07:34:47.571902Z","level":"info","event":"Trying to parse the dbt project using dbt ls cache cosmos_cache__get_games_metadata__dbt_transform...","logger":"cosmos.dbt.graph","filename":"graph.py","lineno":781}
{"timestamp":"2026-06-29T07:34:47.580125Z","level":"info","event":"Cosmos performance: time to calculate cache identifier cosmos_cache__get_games_metadata__dbt_transform for current version: 0.0003711669996846467","logger":"cosmos.cache","filename":"cache.py","lineno":333}
{"timestamp":"2026-06-29T07:34:47.580185Z","level":"info","event":"Cosmos performance [0603b9c2bb92|1144]: The cache size for cosmos_cache__get_games_metadata__dbt_transform is 5873","logger":"cosmos.dbt.graph","filename":"graph.py","lineno":798}
{"timestamp":"2026-06-29T07:34:47.580333Z","level":"info","event":"Cosmos performance: Cache hit for cosmos_cache__get_games_metadata__dbt_transform - 5d5dc19a4d21d68d9e2dd97b4b147311,84441d245827577361e239eef1354057","logger":"cosmos.dbt.graph","filename":"graph.py","lineno":806}
{"timestamp":"2026-06-29T07:34:47.580532Z","level":"info","event":"Total nodes: 6","logger":"cosmos.dbt.graph","filename":"graph.py","lineno":711}
{"timestamp":"2026-06-29T07:34:47.580562Z","level":"info","event":"Total filtered nodes: 6","logger":"cosmos.dbt.graph","filename":"graph.py","lineno":712}
{"timestamp":"2026-06-29T07:34:47.580596Z","level":"info","event":"Cosmos performance (get_games_metadata__dbt_transform) -  [0603b9c2bb92|1144]: It took 0.00873s to parse the dbt project for DAG using LoadMode.DBT_LS_CACHE","logger":"cosmos.converter","filename":"converter.py","lineno":340}
{"timestamp":"2026-06-29T07:34:47.580807Z","level":"info","event":"Project /tmp/airflow/dag_bundles/my-git-repo/tracking_repo/dbt_project does not have {'dependencies.yml', 'packages.yml'}","logger":"cosmos.dbt.project","filename":"project.py","lineno":40}
{"timestamp":"2026-06-29T07:34:47.581198Z","level":"info","event":"Project /tmp/airflow/dag_bundles/my-git-repo/tracking_repo/dbt_project does not have {'dependencies.yml', 'packages.yml'}","logger":"cosmos.dbt.project","filename":"project.py","lineno":40}
{"timestamp":"2026-06-29T07:34:47.581634Z","level":"info","event":"Project /tmp/airflow/dag_bundles/my-git-repo/tracking_repo/dbt_project does not have {'dependencies.yml', 'packages.yml'}","logger":"cosmos.dbt.project","filename":"project.py","lineno":40}
{"timestamp":"2026-06-29T07:34:47.581982Z","level":"info","event":"Project /tmp/airflow/dag_bundles/my-git-repo/tracking_repo/dbt_project does not have {'dependencies.yml', 'packages.yml'}","logger":"cosmos.dbt.project","filename":"project.py","lineno":40}
{"timestamp":"2026-06-29T07:34:47.582326Z","level":"info","event":"Project /tmp/airflow/dag_bundles/my-git-repo/tracking_repo/dbt_project does not have {'dependencies.yml', 'packages.yml'}","logger":"cosmos.dbt.project","filename":"project.py","lineno":40}
{"timestamp":"2026-06-29T07:34:47.582631Z","level":"info","event":"Project /tmp/airflow/dag_bundles/my-git-repo/tracking_repo/dbt_project does not have {'dependencies.yml', 'packages.yml'}","logger":"cosmos.dbt.project","filename":"project.py","lineno":40}
{"timestamp":"2026-06-29T07:34:47.583367Z","level":"info","event":"Project /tmp/airflow/dag_bundles/my-git-repo/tracking_repo/dbt_project does not have {'dependencies.yml', 'packages.yml'}","logger":"cosmos.dbt.project","filename":"project.py","lineno":40}
{"timestamp":"2026-06-29T07:34:47.583924Z","level":"info","event":"Cosmos performance (get_games_metadata__dbt_transform) - [0603b9c2bb92|1144]: It took 0.00332s to build the Airflow DAG.","logger":"cosmos.converter","filename":"converter.py","lineno":387}
{"timestamp":"2026-06-29T07:34:47.583958Z","level":"info","event":"::endgroup::Cosmos DAG parsing logs","logger":"cosmos.converter","filename":"converter.py","lineno":390}
{"timestamp":"2026-06-29T07:35:18.369599Z","level":"info","event":"Filling up the DagBag from /tmp/airflow/dag_bundles/my-git-repo/tracking_repo/airflow-dags/steam/DAG_steam_api.py","logger":"airflow.models.dagbag.DagBag","filename":"dagbag.py","lineno":593}
{"timestamp":"2026-06-29T07:35:18.812006Z","level":"info","event":"Project /tmp/airflow/dag_bundles/my-git-repo/tracking_repo/dbt_project does not have {'dependencies.yml', 'packages.yml'}","logger":"cosmos.dbt.project","filename":"project.py","lineno":40}
{"timestamp":"2026-06-29T07:35:18.812672Z","level":"info","event":"::group::Cosmos DAG parsing logs","logger":"cosmos.converter","filename":"converter.py","lineno":293}
{"timestamp":"2026-06-29T07:35:18.813022Z","level":"info","event":"Trying to parse the dbt project using dbt ls cache cosmos_cache__get_games_metadata__dbt_transform...","logger":"cosmos.dbt.graph","filename":"graph.py","lineno":781}
{"timestamp":"2026-06-29T07:35:18.822889Z","level":"info","event":"Cosmos performance: time to calculate cache identifier cosmos_cache__get_games_metadata__dbt_transform for current version: 0.00059254199732095","logger":"cosmos.cache","filename":"cache.py","lineno":333}
{"timestamp":"2026-06-29T07:35:18.822952Z","level":"info","event":"Cosmos performance [0603b9c2bb92|1172]: The cache size for cosmos_cache__get_games_metadata__dbt_transform is 5873","logger":"cosmos.dbt.graph","filename":"graph.py","lineno":798}
{"timestamp":"2026-06-29T07:35:18.823131Z","level":"info","event":"Cosmos performance: Cache hit for cosmos_cache__get_games_metadata__dbt_transform - 5d5dc19a4d21d68d9e2dd97b4b147311,84441d245827577361e239eef1354057","logger":"cosmos.dbt.graph","filename":"graph.py","lineno":806}
{"timestamp":"2026-06-29T07:35:18.823410Z","level":"info","event":"Total nodes: 6","logger":"cosmos.dbt.graph","filename":"graph.py","lineno":711}
{"timestamp":"2026-06-29T07:35:18.823450Z","level":"info","event":"Total filtered nodes: 6","logger":"cosmos.dbt.graph","filename":"graph.py","lineno":712}
{"timestamp":"2026-06-29T07:35:18.823493Z","level":"info","event":"Cosmos performance (get_games_metadata__dbt_transform) -  [0603b9c2bb92|1172]: It took 0.0105s to parse the dbt project for DAG using LoadMode.DBT_LS_CACHE","logger":"cosmos.converter","filename":"converter.py","lineno":340}
{"timestamp":"2026-06-29T07:35:18.823738Z","level":"info","event":"Project /tmp/airflow/dag_bundles/my-git-repo/tracking_repo/dbt_project does not have {'dependencies.yml', 'packages.yml'}","logger":"cosmos.dbt.project","filename":"project.py","lineno":40}
{"timestamp":"2026-06-29T07:35:18.824147Z","level":"info","event":"Project /tmp/airflow/dag_bundles/my-git-repo/tracking_repo/dbt_project does not have {'dependencies.yml', 'packages.yml'}","logger":"cosmos.dbt.project","filename":"project.py","lineno":40}
{"timestamp":"2026-06-29T07:35:18.824594Z","level":"info","event":"Project /tmp/airflow/dag_bundles/my-git-repo/tracking_repo/dbt_project does not have {'dependencies.yml', 'packages.yml'}","logger":"cosmos.dbt.project","filename":"project.py","lineno":40}
{"timestamp":"2026-06-29T07:35:18.824952Z","level":"info","event":"Project /tmp/airflow/dag_bundles/my-git-repo/tracking_repo/dbt_project does not have {'dependencies.yml', 'packages.yml'}","logger":"cosmos.dbt.project","filename":"project.py","lineno":40}
{"timestamp":"2026-06-29T07:35:18.825286Z","level":"info","event":"Project /tmp/airflow/dag_bundles/my-git-repo/tracking_repo/dbt_project does not have {'dependencies.yml', 'packages.yml'}","logger":"cosmos.dbt.project","filename":"project.py","lineno":40}
{"timestamp":"2026-06-29T07:35:18.825606Z","level":"info","event":"Project /tmp/airflow/dag_bundles/my-git-repo/tracking_repo/dbt_project does not have {'dependencies.yml', 'packages.yml'}","logger":"cosmos.dbt.project","filename":"project.py","lineno":40}
{"timestamp":"2026-06-29T07:35:18.825924Z","level":"info","event":"Project /tmp/airflow/dag_bundles/my-git-repo/tracking_repo/dbt_project does not have {'dependencies.yml', 'packages.yml'}","logger":"cosmos.dbt.project","filename":"project.py","lineno":40}
{"timestamp":"2026-06-29T07:35:18.826140Z","level":"info","event":"Cosmos performance (get_games_metadata__dbt_transform) - [0603b9c2bb92|1172]: It took 0.00265s to build the Airflow DAG.","logger":"cosmos.converter","filename":"converter.py","lineno":387}
{"timestamp":"2026-06-29T07:35:18.826170Z","level":"info","event":"::endgroup::Cosmos DAG parsing logs","logger":"cosmos.converter","filename":"converter.py","lineno":390}
{"timestamp":"2026-06-29T07:35:49.626474Z","level":"info","event":"Filling up the DagBag from /tmp/airflow/dag_bundles/my-git-repo/tracking_repo/airflow-dags/steam/DAG_steam_api.py","logger":"airflow.models.dagbag.DagBag","filename":"dagbag.py","lineno":593}
{"timestamp":"2026-06-29T07:35:50.010476Z","level":"info","event":"Project /tmp/airflow/dag_bundles/my-git-repo/tracking_repo/dbt_project does not have {'dependencies.yml', 'packages.yml'}","logger":"cosmos.dbt.project","filename":"project.py","lineno":40}
{"timestamp":"2026-06-29T07:35:50.011104Z","level":"info","event":"::group::Cosmos DAG parsing logs","logger":"cosmos.converter","filename":"converter.py","lineno":293}
{"timestamp":"2026-06-29T07:35:50.011350Z","level":"info","event":"Trying to parse the dbt project using dbt ls cache cosmos_cache__get_games_metadata__dbt_transform...","logger":"cosmos.dbt.graph","filename":"graph.py","lineno":781}
{"timestamp":"2026-06-29T07:35:50.017819Z","level":"info","event":"Cosmos performance: time to calculate cache identifier cosmos_cache__get_games_metadata__dbt_transform for current version: 0.0003820000056293793","logger":"cosmos.cache","filename":"cache.py","lineno":333}
{"timestamp":"2026-06-29T07:35:50.017874Z","level":"info","event":"Cosmos performance [0603b9c2bb92|1200]: The cache size for cosmos_cache__get_games_metadata__dbt_transform is 5873","logger":"cosmos.dbt.graph","filename":"graph.py","lineno":798}
{"timestamp":"2026-06-29T07:35:50.018025Z","level":"info","event":"Cosmos performance: Cache hit for cosmos_cache__get_games_metadata__dbt_transform - 5d5dc19a4d21d68d9e2dd97b4b147311,84441d245827577361e239eef1354057","logger":"cosmos.dbt.graph","filename":"graph.py","lineno":806}
{"timestamp":"2026-06-29T07:35:50.018203Z","level":"info","event":"Total nodes: 6","logger":"cosmos.dbt.graph","filename":"graph.py","lineno":711}
{"timestamp":"2026-06-29T07:35:50.018231Z","level":"info","event":"Total filtered nodes: 6","logger":"cosmos.dbt.graph","filename":"graph.py","lineno":712}
{"timestamp":"2026-06-29T07:35:50.018291Z","level":"info","event":"Cosmos performance (get_games_metadata__dbt_transform) -  [0603b9c2bb92|1200]: It took 0.00695s to parse the dbt project for DAG using LoadMode.DBT_LS_CACHE","logger":"cosmos.converter","filename":"converter.py","lineno":340}
{"timestamp":"2026-06-29T07:35:50.018517Z","level":"info","event":"Project /tmp/airflow/dag_bundles/my-git-repo/tracking_repo/dbt_project does not have {'dependencies.yml', 'packages.yml'}","logger":"cosmos.dbt.project","filename":"project.py","lineno":40}
{"timestamp":"2026-06-29T07:35:50.018892Z","level":"info","event":"Project /tmp/airflow/dag_bundles/my-git-repo/tracking_repo/dbt_project does not have {'dependencies.yml', 'packages.yml'}","logger":"cosmos.dbt.project","filename":"project.py","lineno":40}
{"timestamp":"2026-06-29T07:35:50.019299Z","level":"info","event":"Project /tmp/airflow/dag_bundles/my-git-repo/tracking_repo/dbt_project does not have {'dependencies.yml', 'packages.yml'}","logger":"cosmos.dbt.project","filename":"project.py","lineno":40}
{"timestamp":"2026-06-29T07:35:50.019712Z","level":"info","event":"Project /tmp/airflow/dag_bundles/my-git-repo/tracking_repo/dbt_project does not have {'dependencies.yml', 'packages.yml'}","logger":"cosmos.dbt.project","filename":"project.py","lineno":40}
{"timestamp":"2026-06-29T07:35:50.020071Z","level":"info","event":"Project /tmp/airflow/dag_bundles/my-git-repo/tracking_repo/dbt_project does not have {'dependencies.yml', 'packages.yml'}","logger":"cosmos.dbt.project","filename":"project.py","lineno":40}
{"timestamp":"2026-06-29T07:35:50.020442Z","level":"info","event":"Project /tmp/airflow/dag_bundles/my-git-repo/tracking_repo/dbt_project does not have {'dependencies.yml', 'packages.yml'}","logger":"cosmos.dbt.project","filename":"project.py","lineno":40}
{"timestamp":"2026-06-29T07:35:50.020780Z","level":"info","event":"Project /tmp/airflow/dag_bundles/my-git-repo/tracking_repo/dbt_project does not have {'dependencies.yml', 'packages.yml'}","logger":"cosmos.dbt.project","filename":"project.py","lineno":40}
{"timestamp":"2026-06-29T07:35:50.021009Z","level":"info","event":"Cosmos performance (get_games_metadata__dbt_transform) - [0603b9c2bb92|1200]: It took 0.00272s to build the Airflow DAG.","logger":"cosmos.converter","filename":"converter.py","lineno":387}
{"timestamp":"2026-06-29T07:35:50.021043Z","level":"info","event":"::endgroup::Cosmos DAG parsing logs","logger":"cosmos.converter","filename":"converter.py","lineno":390}
{"timestamp":"2026-06-29T07:36:20.398601Z","level":"info","event":"Filling up the DagBag from /tmp/airflow/dag_bundles/my-git-repo/tracking_repo/airflow-dags/steam/DAG_steam_api.py","logger":"airflow.models.dagbag.DagBag","filename":"dagbag.py","lineno":593}
{"timestamp":"2026-06-29T07:36:20.834293Z","level":"info","event":"Project /tmp/airflow/dag_bundles/my-git-repo/tracking_repo/dbt_project does not have {'dependencies.yml', 'packages.yml'}","logger":"cosmos.dbt.project","filename":"project.py","lineno":40}
{"timestamp":"2026-06-29T07:36:20.835030Z","level":"info","event":"::group::Cosmos DAG parsing logs","logger":"cosmos.converter","filename":"converter.py","lineno":293}
{"timestamp":"2026-06-29T07:36:20.835320Z","level":"info","event":"Trying to parse the dbt project using dbt ls cache cosmos_cache__get_games_metadata__dbt_transform...","logger":"cosmos.dbt.graph","filename":"graph.py","lineno":781}
{"timestamp":"2026-06-29T07:36:20.842045Z","level":"info","event":"Cosmos performance: time to calculate cache identifier cosmos_cache__get_games_metadata__dbt_transform for current version: 0.00040737499512033537","logger":"cosmos.cache","filename":"cache.py","lineno":333}
{"timestamp":"2026-06-29T07:36:20.842109Z","level":"info","event":"Cosmos performance [0603b9c2bb92|1243]: The cache size for cosmos_cache__get_games_metadata__dbt_transform is 5873","logger":"cosmos.dbt.graph","filename":"graph.py","lineno":798}
{"timestamp":"2026-06-29T07:36:20.842268Z","level":"info","event":"Cosmos performance: Cache hit for cosmos_cache__get_games_metadata__dbt_transform - 5d5dc19a4d21d68d9e2dd97b4b147311,84441d245827577361e239eef1354057","logger":"cosmos.dbt.graph","filename":"graph.py","lineno":806}
{"timestamp":"2026-06-29T07:36:20.843325Z","level":"info","event":"Total nodes: 6","logger":"cosmos.dbt.graph","filename":"graph.py","lineno":711}
{"timestamp":"2026-06-29T07:36:20.843378Z","level":"info","event":"Total filtered nodes: 6","logger":"cosmos.dbt.graph","filename":"graph.py","lineno":712}
{"timestamp":"2026-06-29T07:36:20.843427Z","level":"info","event":"Cosmos performance (get_games_metadata__dbt_transform) -  [0603b9c2bb92|1243]: It took 0.00813s to parse the dbt project for DAG using LoadMode.DBT_LS_CACHE","logger":"cosmos.converter","filename":"converter.py","lineno":340}
{"timestamp":"2026-06-29T07:36:20.843656Z","level":"info","event":"Project /tmp/airflow/dag_bundles/my-git-repo/tracking_repo/dbt_project does not have {'dependencies.yml', 'packages.yml'}","logger":"cosmos.dbt.project","filename":"project.py","lineno":40}
{"timestamp":"2026-06-29T07:36:20.844084Z","level":"info","event":"Project /tmp/airflow/dag_bundles/my-git-repo/tracking_repo/dbt_project does not have {'dependencies.yml', 'packages.yml'}","logger":"cosmos.dbt.project","filename":"project.py","lineno":40}
{"timestamp":"2026-06-29T07:36:20.844502Z","level":"info","event":"Project /tmp/airflow/dag_bundles/my-git-repo/tracking_repo/dbt_project does not have {'dependencies.yml', 'packages.yml'}","logger":"cosmos.dbt.project","filename":"project.py","lineno":40}
{"timestamp":"2026-06-29T07:36:20.844870Z","level":"info","event":"Project /tmp/airflow/dag_bundles/my-git-repo/tracking_repo/dbt_project does not have {'dependencies.yml', 'packages.yml'}","logger":"cosmos.dbt.project","filename":"project.py","lineno":40}
{"timestamp":"2026-06-29T07:36:20.845242Z","level":"info","event":"Project /tmp/airflow/dag_bundles/my-git-repo/tracking_repo/dbt_project does not have {'dependencies.yml', 'packages.yml'}","logger":"cosmos.dbt.project","filename":"project.py","lineno":40}
{"timestamp":"2026-06-29T07:36:20.845615Z","level":"info","event":"Project /tmp/airflow/dag_bundles/my-git-repo/tracking_repo/dbt_project does not have {'dependencies.yml', 'packages.yml'}","logger":"cosmos.dbt.project","filename":"project.py","lineno":40}
{"timestamp":"2026-06-29T07:36:20.845963Z","level":"info","event":"Project /tmp/airflow/dag_bundles/my-git-repo/tracking_repo/dbt_project does not have {'dependencies.yml', 'packages.yml'}","logger":"cosmos.dbt.project","filename":"project.py","lineno":40}
{"timestamp":"2026-06-29T07:36:20.846195Z","level":"info","event":"Cosmos performance (get_games_metadata__dbt_transform) - [0603b9c2bb92|1243]: It took 0.00277s to build the Airflow DAG.","logger":"cosmos.converter","filename":"converter.py","lineno":387}
{"timestamp":"2026-06-29T07:36:20.846234Z","level":"info","event":"::endgroup::Cosmos DAG parsing logs","logger":"cosmos.converter","filename":"converter.py","lineno":390}
{"timestamp":"2026-06-29T07:36:51.589717Z","level":"info","event":"Filling up the DagBag from /tmp/airflow/dag_bundles/my-git-repo/tracking_repo/airflow-dags/steam/DAG_steam_api.py","logger":"airflow.models.dagbag.DagBag","filename":"dagbag.py","lineno":593}
{"timestamp":"2026-06-29T07:36:52.162582Z","level":"info","event":"Project /tmp/airflow/dag_bundles/my-git-repo/tracking_repo/dbt_project does not have {'dependencies.yml', 'packages.yml'}","logger":"cosmos.dbt.project","filename":"project.py","lineno":40}
{"timestamp":"2026-06-29T07:36:52.163551Z","level":"info","event":"::group::Cosmos DAG parsing logs","logger":"cosmos.converter","filename":"converter.py","lineno":293}
{"timestamp":"2026-06-29T07:36:52.163932Z","level":"info","event":"Trying to parse the dbt project using dbt ls cache cosmos_cache__get_games_metadata__dbt_transform...","logger":"cosmos.dbt.graph","filename":"graph.py","lineno":781}
{"timestamp":"2026-06-29T07:36:52.174826Z","level":"info","event":"Cosmos performance: time to calculate cache identifier cosmos_cache__get_games_metadata__dbt_transform for current version: 0.0006580830013263039","logger":"cosmos.cache","filename":"cache.py","lineno":333}
{"timestamp":"2026-06-29T07:36:52.174887Z","level":"info","event":"Cosmos performance [0603b9c2bb92|1271]: The cache size for cosmos_cache__get_games_metadata__dbt_transform is 5873","logger":"cosmos.dbt.graph","filename":"graph.py","lineno":798}
{"timestamp":"2026-06-29T07:36:52.175068Z","level":"info","event":"Cosmos performance: Cache hit for cosmos_cache__get_games_metadata__dbt_transform - 5d5dc19a4d21d68d9e2dd97b4b147311,84441d245827577361e239eef1354057","logger":"cosmos.dbt.graph","filename":"graph.py","lineno":806}
{"timestamp":"2026-06-29T07:36:52.175309Z","level":"info","event":"Total nodes: 6","logger":"cosmos.dbt.graph","filename":"graph.py","lineno":711}
{"timestamp":"2026-06-29T07:36:52.175342Z","level":"info","event":"Total filtered nodes: 6","logger":"cosmos.dbt.graph","filename":"graph.py","lineno":712}
{"timestamp":"2026-06-29T07:36:52.175376Z","level":"info","event":"Cosmos performance (get_games_metadata__dbt_transform) -  [0603b9c2bb92|1271]: It took 0.0115s to parse the dbt project for DAG using LoadMode.DBT_LS_CACHE","logger":"cosmos.converter","filename":"converter.py","lineno":340}
{"timestamp":"2026-06-29T07:36:52.175628Z","level":"info","event":"Project /tmp/airflow/dag_bundles/my-git-repo/tracking_repo/dbt_project does not have {'dependencies.yml', 'packages.yml'}","logger":"cosmos.dbt.project","filename":"project.py","lineno":40}
{"timestamp":"2026-06-29T07:36:52.176113Z","level":"info","event":"Project /tmp/airflow/dag_bundles/my-git-repo/tracking_repo/dbt_project does not have {'dependencies.yml', 'packages.yml'}","logger":"cosmos.dbt.project","filename":"project.py","lineno":40}
{"timestamp":"2026-06-29T07:36:52.176586Z","level":"info","event":"Project /tmp/airflow/dag_bundles/my-git-repo/tracking_repo/dbt_project does not have {'dependencies.yml', 'packages.yml'}","logger":"cosmos.dbt.project","filename":"project.py","lineno":40}
{"timestamp":"2026-06-29T07:36:52.176970Z","level":"info","event":"Project /tmp/airflow/dag_bundles/my-git-repo/tracking_repo/dbt_project does not have {'dependencies.yml', 'packages.yml'}","logger":"cosmos.dbt.project","filename":"project.py","lineno":40}
{"timestamp":"2026-06-29T07:36:52.177354Z","level":"info","event":"Project /tmp/airflow/dag_bundles/my-git-repo/tracking_repo/dbt_project does not have {'dependencies.yml', 'packages.yml'}","logger":"cosmos.dbt.project","filename":"project.py","lineno":40}
{"timestamp":"2026-06-29T07:36:52.177711Z","level":"info","event":"Project /tmp/airflow/dag_bundles/my-git-repo/tracking_repo/dbt_project does not have {'dependencies.yml', 'packages.yml'}","logger":"cosmos.dbt.project","filename":"project.py","lineno":40}
{"timestamp":"2026-06-29T07:36:52.178090Z","level":"info","event":"Project /tmp/airflow/dag_bundles/my-git-repo/tracking_repo/dbt_project does not have {'dependencies.yml', 'packages.yml'}","logger":"cosmos.dbt.project","filename":"project.py","lineno":40}
{"timestamp":"2026-06-29T07:36:52.178321Z","level":"info","event":"Cosmos performance (get_games_metadata__dbt_transform) - [0603b9c2bb92|1271]: It took 0.00294s to build the Airflow DAG.","logger":"cosmos.converter","filename":"converter.py","lineno":387}
{"timestamp":"2026-06-29T07:36:52.178364Z","level":"info","event":"::endgroup::Cosmos DAG parsing logs","logger":"cosmos.converter","filename":"converter.py","lineno":390}
{"timestamp":"2026-06-29T07:37:22.909425Z","level":"info","event":"Filling up the DagBag from /tmp/airflow/dag_bundles/my-git-repo/tracking_repo/airflow-dags/steam/DAG_steam_api.py","logger":"airflow.models.dagbag.DagBag","filename":"dagbag.py","lineno":593}
{"timestamp":"2026-06-29T07:37:23.318411Z","level":"info","event":"Project /tmp/airflow/dag_bundles/my-git-repo/tracking_repo/dbt_project does not have {'dependencies.yml', 'packages.yml'}","logger":"cosmos.dbt.project","filename":"project.py","lineno":40}
{"timestamp":"2026-06-29T07:37:23.319166Z","level":"info","event":"::group::Cosmos DAG parsing logs","logger":"cosmos.converter","filename":"converter.py","lineno":293}
{"timestamp":"2026-06-29T07:37:23.319485Z","level":"info","event":"Trying to parse the dbt project using dbt ls cache cosmos_cache__get_games_metadata__dbt_transform...","logger":"cosmos.dbt.graph","filename":"graph.py","lineno":781}
{"timestamp":"2026-06-29T07:37:23.327607Z","level":"info","event":"Cosmos performance: time to calculate cache identifier cosmos_cache__get_games_metadata__dbt_transform for current version: 0.00043700000242097303","logger":"cosmos.cache","filename":"cache.py","lineno":333}
{"timestamp":"2026-06-29T07:37:23.327675Z","level":"info","event":"Cosmos performance [0603b9c2bb92|1299]: The cache size for cosmos_cache__get_games_metadata__dbt_transform is 5873","logger":"cosmos.dbt.graph","filename":"graph.py","lineno":798}
{"timestamp":"2026-06-29T07:37:23.327835Z","level":"info","event":"Cosmos performance: Cache hit for cosmos_cache__get_games_metadata__dbt_transform - 5d5dc19a4d21d68d9e2dd97b4b147311,84441d245827577361e239eef1354057","logger":"cosmos.dbt.graph","filename":"graph.py","lineno":806}
{"timestamp":"2026-06-29T07:37:23.328115Z","level":"info","event":"Total nodes: 6","logger":"cosmos.dbt.graph","filename":"graph.py","lineno":711}
{"timestamp":"2026-06-29T07:37:23.328147Z","level":"info","event":"Total filtered nodes: 6","logger":"cosmos.dbt.graph","filename":"graph.py","lineno":712}
{"timestamp":"2026-06-29T07:37:23.328186Z","level":"info","event":"Cosmos performance (get_games_metadata__dbt_transform) -  [0603b9c2bb92|1299]: It took 0.00872s to parse the dbt project for DAG using LoadMode.DBT_LS_CACHE","logger":"cosmos.converter","filename":"converter.py","lineno":340}
{"timestamp":"2026-06-29T07:37:23.328552Z","level":"info","event":"Project /tmp/airflow/dag_bundles/my-git-repo/tracking_repo/dbt_project does not have {'dependencies.yml', 'packages.yml'}","logger":"cosmos.dbt.project","filename":"project.py","lineno":40}
{"timestamp":"2026-06-29T07:37:23.329661Z","level":"info","event":"Project /tmp/airflow/dag_bundles/my-git-repo/tracking_repo/dbt_project does not have {'dependencies.yml', 'packages.yml'}","logger":"cosmos.dbt.project","filename":"project.py","lineno":40}
{"timestamp":"2026-06-29T07:37:23.330372Z","level":"info","event":"Project /tmp/airflow/dag_bundles/my-git-repo/tracking_repo/dbt_project does not have {'dependencies.yml', 'packages.yml'}","logger":"cosmos.dbt.project","filename":"project.py","lineno":40}
{"timestamp":"2026-06-29T07:37:23.330765Z","level":"info","event":"Project /tmp/airflow/dag_bundles/my-git-repo/tracking_repo/dbt_project does not have {'dependencies.yml', 'packages.yml'}","logger":"cosmos.dbt.project","filename":"project.py","lineno":40}
{"timestamp":"2026-06-29T07:37:23.331113Z","level":"info","event":"Project /tmp/airflow/dag_bundles/my-git-repo/tracking_repo/dbt_project does not have {'dependencies.yml', 'packages.yml'}","logger":"cosmos.dbt.project","filename":"project.py","lineno":40}
{"timestamp":"2026-06-29T07:37:23.331460Z","level":"info","event":"Project /tmp/airflow/dag_bundles/my-git-repo/tracking_repo/dbt_project does not have {'dependencies.yml', 'packages.yml'}","logger":"cosmos.dbt.project","filename":"project.py","lineno":40}
{"timestamp":"2026-06-29T07:37:23.331809Z","level":"info","event":"Project /tmp/airflow/dag_bundles/my-git-repo/tracking_repo/dbt_project does not have {'dependencies.yml', 'packages.yml'}","logger":"cosmos.dbt.project","filename":"project.py","lineno":40}
{"timestamp":"2026-06-29T07:37:23.332063Z","level":"info","event":"Cosmos performance (get_games_metadata__dbt_transform) - [0603b9c2bb92|1299]: It took 0.00387s to build the Airflow DAG.","logger":"cosmos.converter","filename":"converter.py","lineno":387}
{"timestamp":"2026-06-29T07:37:23.332103Z","level":"info","event":"::endgroup::Cosmos DAG parsing logs","logger":"cosmos.converter","filename":"converter.py","lineno":390}
{"timestamp":"2026-06-29T07:37:54.088358Z","level":"info","event":"Filling up the DagBag from /tmp/airflow/dag_bundles/my-git-repo/tracking_repo/airflow-dags/steam/DAG_steam_api.py","logger":"airflow.models.dagbag.DagBag","filename":"dagbag.py","lineno":593}
{"timestamp":"2026-06-29T07:37:54.513295Z","level":"info","event":"Project /tmp/airflow/dag_bundles/my-git-repo/tracking_repo/dbt_project does not have {'dependencies.yml', 'packages.yml'}","logger":"cosmos.dbt.project","filename":"project.py","lineno":40}
{"timestamp":"2026-06-29T07:37:54.513997Z","level":"info","event":"::group::Cosmos DAG parsing logs","logger":"cosmos.converter","filename":"converter.py","lineno":293}
{"timestamp":"2026-06-29T07:37:54.514276Z","level":"info","event":"Trying to parse the dbt project using dbt ls cache cosmos_cache__get_games_metadata__dbt_transform...","logger":"cosmos.dbt.graph","filename":"graph.py","lineno":781}
{"timestamp":"2026-06-29T07:37:54.521328Z","level":"info","event":"Cosmos performance: time to calculate cache identifier cosmos_cache__get_games_metadata__dbt_transform for current version: 0.0003746660004253499","logger":"cosmos.cache","filename":"cache.py","lineno":333}
{"timestamp":"2026-06-29T07:37:54.521389Z","level":"info","event":"Cosmos performance [0603b9c2bb92|1327]: The cache size for cosmos_cache__get_games_metadata__dbt_transform is 5873","logger":"cosmos.dbt.graph","filename":"graph.py","lineno":798}
{"timestamp":"2026-06-29T07:37:54.521530Z","level":"info","event":"Cosmos performance: Cache hit for cosmos_cache__get_games_metadata__dbt_transform - 5d5dc19a4d21d68d9e2dd97b4b147311,84441d245827577361e239eef1354057","logger":"cosmos.dbt.graph","filename":"graph.py","lineno":806}
{"timestamp":"2026-06-29T07:37:54.521739Z","level":"info","event":"Total nodes: 6","logger":"cosmos.dbt.graph","filename":"graph.py","lineno":711}
{"timestamp":"2026-06-29T07:37:54.521791Z","level":"info","event":"Total filtered nodes: 6","logger":"cosmos.dbt.graph","filename":"graph.py","lineno":712}
{"timestamp":"2026-06-29T07:37:54.521835Z","level":"info","event":"Cosmos performance (get_games_metadata__dbt_transform) -  [0603b9c2bb92|1327]: It took 0.00758s to parse the dbt project for DAG using LoadMode.DBT_LS_CACHE","logger":"cosmos.converter","filename":"converter.py","lineno":340}
{"timestamp":"2026-06-29T07:37:54.522072Z","level":"info","event":"Project /tmp/airflow/dag_bundles/my-git-repo/tracking_repo/dbt_project does not have {'dependencies.yml', 'packages.yml'}","logger":"cosmos.dbt.project","filename":"project.py","lineno":40}
{"timestamp":"2026-06-29T07:37:54.522521Z","level":"info","event":"Project /tmp/airflow/dag_bundles/my-git-repo/tracking_repo/dbt_project does not have {'dependencies.yml', 'packages.yml'}","logger":"cosmos.dbt.project","filename":"project.py","lineno":40}
{"timestamp":"2026-06-29T07:37:54.522963Z","level":"info","event":"Project /tmp/airflow/dag_bundles/my-git-repo/tracking_repo/dbt_project does not have {'dependencies.yml', 'packages.yml'}","logger":"cosmos.dbt.project","filename":"project.py","lineno":40}
{"timestamp":"2026-06-29T07:37:54.523342Z","level":"info","event":"Project /tmp/airflow/dag_bundles/my-git-repo/tracking_repo/dbt_project does not have {'dependencies.yml', 'packages.yml'}","logger":"cosmos.dbt.project","filename":"project.py","lineno":40}
{"timestamp":"2026-06-29T07:37:54.523725Z","level":"info","event":"Project /tmp/airflow/dag_bundles/my-git-repo/tracking_repo/dbt_project does not have {'dependencies.yml', 'packages.yml'}","logger":"cosmos.dbt.project","filename":"project.py","lineno":40}
{"timestamp":"2026-06-29T07:37:54.524105Z","level":"info","event":"Project /tmp/airflow/dag_bundles/my-git-repo/tracking_repo/dbt_project does not have {'dependencies.yml', 'packages.yml'}","logger":"cosmos.dbt.project","filename":"project.py","lineno":40}
{"timestamp":"2026-06-29T07:37:54.524467Z","level":"info","event":"Project /tmp/airflow/dag_bundles/my-git-repo/tracking_repo/dbt_project does not have {'dependencies.yml', 'packages.yml'}","logger":"cosmos.dbt.project","filename":"project.py","lineno":40}
{"timestamp":"2026-06-29T07:37:54.524692Z","level":"info","event":"Cosmos performance (get_games_metadata__dbt_transform) - [0603b9c2bb92|1327]: It took 0.00285s to build the Airflow DAG.","logger":"cosmos.converter","filename":"converter.py","lineno":387}
{"timestamp":"2026-06-29T07:37:54.524728Z","level":"info","event":"::endgroup::Cosmos DAG parsing logs","logger":"cosmos.converter","filename":"converter.py","lineno":390}
{"timestamp":"2026-06-29T07:38:24.962472Z","level":"info","event":"Filling up the DagBag from /tmp/airflow/dag_bundles/my-git-repo/tracking_repo/airflow-dags/steam/DAG_steam_api.py","logger":"airflow.models.dagbag.DagBag","filename":"dagbag.py","lineno":593}
{"timestamp":"2026-06-29T07:38:25.389343Z","level":"info","event":"Project /tmp/airflow/dag_bundles/my-git-repo/tracking_repo/dbt_project does not have {'dependencies.yml', 'packages.yml'}","logger":"cosmos.dbt.project","filename":"project.py","lineno":40}
{"timestamp":"2026-06-29T07:38:25.390237Z","level":"info","event":"::group::Cosmos DAG parsing logs","logger":"cosmos.converter","filename":"converter.py","lineno":293}
{"timestamp":"2026-06-29T07:38:25.390562Z","level":"info","event":"Trying to parse the dbt project using dbt ls cache cosmos_cache__get_games_metadata__dbt_transform...","logger":"cosmos.dbt.graph","filename":"graph.py","lineno":781}
{"timestamp":"2026-06-29T07:38:25.397857Z","level":"info","event":"Cosmos performance: time to calculate cache identifier cosmos_cache__get_games_metadata__dbt_transform for current version: 0.0005993329978082329","logger":"cosmos.cache","filename":"cache.py","lineno":333}
{"timestamp":"2026-06-29T07:38:25.397902Z","level":"info","event":"Cosmos performance [0603b9c2bb92|1370]: The cache size for cosmos_cache__get_games_metadata__dbt_transform is 5873","logger":"cosmos.dbt.graph","filename":"graph.py","lineno":798}
{"timestamp":"2026-06-29T07:38:25.398077Z","level":"info","event":"Cosmos performance: Cache hit for cosmos_cache__get_games_metadata__dbt_transform - 5d5dc19a4d21d68d9e2dd97b4b147311,84441d245827577361e239eef1354057","logger":"cosmos.dbt.graph","filename":"graph.py","lineno":806}
{"timestamp":"2026-06-29T07:38:25.398259Z","level":"info","event":"Total nodes: 6","logger":"cosmos.dbt.graph","filename":"graph.py","lineno":711}
{"timestamp":"2026-06-29T07:38:25.398289Z","level":"info","event":"Total filtered nodes: 6","logger":"cosmos.dbt.graph","filename":"graph.py","lineno":712}
{"timestamp":"2026-06-29T07:38:25.398329Z","level":"info","event":"Cosmos performance (get_games_metadata__dbt_transform) -  [0603b9c2bb92|1370]: It took 0.00779s to parse the dbt project for DAG using LoadMode.DBT_LS_CACHE","logger":"cosmos.converter","filename":"converter.py","lineno":340}
{"timestamp":"2026-06-29T07:38:25.398552Z","level":"info","event":"Project /tmp/airflow/dag_bundles/my-git-repo/tracking_repo/dbt_project does not have {'dependencies.yml', 'packages.yml'}","logger":"cosmos.dbt.project","filename":"project.py","lineno":40}
{"timestamp":"2026-06-29T07:38:25.398920Z","level":"info","event":"Project /tmp/airflow/dag_bundles/my-git-repo/tracking_repo/dbt_project does not have {'dependencies.yml', 'packages.yml'}","logger":"cosmos.dbt.project","filename":"project.py","lineno":40}
{"timestamp":"2026-06-29T07:38:25.399351Z","level":"info","event":"Project /tmp/airflow/dag_bundles/my-git-repo/tracking_repo/dbt_project does not have {'dependencies.yml', 'packages.yml'}","logger":"cosmos.dbt.project","filename":"project.py","lineno":40}
{"timestamp":"2026-06-29T07:38:25.399794Z","level":"info","event":"Project /tmp/airflow/dag_bundles/my-git-repo/tracking_repo/dbt_project does not have {'dependencies.yml', 'packages.yml'}","logger":"cosmos.dbt.project","filename":"project.py","lineno":40}
{"timestamp":"2026-06-29T07:38:25.400163Z","level":"info","event":"Project /tmp/airflow/dag_bundles/my-git-repo/tracking_repo/dbt_project does not have {'dependencies.yml', 'packages.yml'}","logger":"cosmos.dbt.project","filename":"project.py","lineno":40}
{"timestamp":"2026-06-29T07:38:25.400506Z","level":"info","event":"Project /tmp/airflow/dag_bundles/my-git-repo/tracking_repo/dbt_project does not have {'dependencies.yml', 'packages.yml'}","logger":"cosmos.dbt.project","filename":"project.py","lineno":40}
{"timestamp":"2026-06-29T07:38:25.400845Z","level":"info","event":"Project /tmp/airflow/dag_bundles/my-git-repo/tracking_repo/dbt_project does not have {'dependencies.yml', 'packages.yml'}","logger":"cosmos.dbt.project","filename":"project.py","lineno":40}
{"timestamp":"2026-06-29T07:38:25.401076Z","level":"info","event":"Cosmos performance (get_games_metadata__dbt_transform) - [0603b9c2bb92|1370]: It took 0.00275s to build the Airflow DAG.","logger":"cosmos.converter","filename":"converter.py","lineno":387}
{"timestamp":"2026-06-29T07:38:25.401114Z","level":"info","event":"::endgroup::Cosmos DAG parsing logs","logger":"cosmos.converter","filename":"converter.py","lineno":390}
{"timestamp":"2026-06-29T07:38:56.187303Z","level":"info","event":"Filling up the DagBag from /tmp/airflow/dag_bundles/my-git-repo/tracking_repo/airflow-dags/steam/DAG_steam_api.py","logger":"airflow.models.dagbag.DagBag","filename":"dagbag.py","lineno":593}
{"timestamp":"2026-06-29T07:38:56.577823Z","level":"info","event":"Project /tmp/airflow/dag_bundles/my-git-repo/tracking_repo/dbt_project does not have {'dependencies.yml', 'packages.yml'}","logger":"cosmos.dbt.project","filename":"project.py","lineno":40}
{"timestamp":"2026-06-29T07:38:56.578539Z","level":"info","event":"::group::Cosmos DAG parsing logs","logger":"cosmos.converter","filename":"converter.py","lineno":293}
{"timestamp":"2026-06-29T07:38:56.578826Z","level":"info","event":"Trying to parse the dbt project using dbt ls cache cosmos_cache__get_games_metadata__dbt_transform...","logger":"cosmos.dbt.graph","filename":"graph.py","lineno":781}
{"timestamp":"2026-06-29T07:38:56.585788Z","level":"info","event":"Cosmos performance: time to calculate cache identifier cosmos_cache__get_games_metadata__dbt_transform for current version: 0.00037208299909252673","logger":"cosmos.cache","filename":"cache.py","lineno":333}
{"timestamp":"2026-06-29T07:38:56.585848Z","level":"info","event":"Cosmos performance [0603b9c2bb92|1398]: The cache size for cosmos_cache__get_games_metadata__dbt_transform is 5873","logger":"cosmos.dbt.graph","filename":"graph.py","lineno":798}
{"timestamp":"2026-06-29T07:38:56.585988Z","level":"info","event":"Cosmos performance: Cache hit for cosmos_cache__get_games_metadata__dbt_transform - 5d5dc19a4d21d68d9e2dd97b4b147311,84441d245827577361e239eef1354057","logger":"cosmos.dbt.graph","filename":"graph.py","lineno":806}
{"timestamp":"2026-06-29T07:38:56.586229Z","level":"info","event":"Total nodes: 6","logger":"cosmos.dbt.graph","filename":"graph.py","lineno":711}
{"timestamp":"2026-06-29T07:38:56.586260Z","level":"info","event":"Total filtered nodes: 6","logger":"cosmos.dbt.graph","filename":"graph.py","lineno":712}
{"timestamp":"2026-06-29T07:38:56.586299Z","level":"info","event":"Cosmos performance (get_games_metadata__dbt_transform) -  [0603b9c2bb92|1398]: It took 0.00749s to parse the dbt project for DAG using LoadMode.DBT_LS_CACHE","logger":"cosmos.converter","filename":"converter.py","lineno":340}
{"timestamp":"2026-06-29T07:38:56.586532Z","level":"info","event":"Project /tmp/airflow/dag_bundles/my-git-repo/tracking_repo/dbt_project does not have {'dependencies.yml', 'packages.yml'}","logger":"cosmos.dbt.project","filename":"project.py","lineno":40}
{"timestamp":"2026-06-29T07:38:56.586938Z","level":"info","event":"Project /tmp/airflow/dag_bundles/my-git-repo/tracking_repo/dbt_project does not have {'dependencies.yml', 'packages.yml'}","logger":"cosmos.dbt.project","filename":"project.py","lineno":40}
{"timestamp":"2026-06-29T07:38:56.587342Z","level":"info","event":"Project /tmp/airflow/dag_bundles/my-git-repo/tracking_repo/dbt_project does not have {'dependencies.yml', 'packages.yml'}","logger":"cosmos.dbt.project","filename":"project.py","lineno":40}
{"timestamp":"2026-06-29T07:38:56.587724Z","level":"info","event":"Project /tmp/airflow/dag_bundles/my-git-repo/tracking_repo/dbt_project does not have {'dependencies.yml', 'packages.yml'}","logger":"cosmos.dbt.project","filename":"project.py","lineno":40}
{"timestamp":"2026-06-29T07:38:56.588085Z","level":"info","event":"Project /tmp/airflow/dag_bundles/my-git-repo/tracking_repo/dbt_project does not have {'dependencies.yml', 'packages.yml'}","logger":"cosmos.dbt.project","filename":"project.py","lineno":40}
{"timestamp":"2026-06-29T07:38:56.588440Z","level":"info","event":"Project /tmp/airflow/dag_bundles/my-git-repo/tracking_repo/dbt_project does not have {'dependencies.yml', 'packages.yml'}","logger":"cosmos.dbt.project","filename":"project.py","lineno":40}
{"timestamp":"2026-06-29T07:38:56.588804Z","level":"info","event":"Project /tmp/airflow/dag_bundles/my-git-repo/tracking_repo/dbt_project does not have {'dependencies.yml', 'packages.yml'}","logger":"cosmos.dbt.project","filename":"project.py","lineno":40}
{"timestamp":"2026-06-29T07:38:56.589014Z","level":"info","event":"Cosmos performance (get_games_metadata__dbt_transform) - [0603b9c2bb92|1398]: It took 0.00272s to build the Airflow DAG.","logger":"cosmos.converter","filename":"converter.py","lineno":387}
{"timestamp":"2026-06-29T07:38:56.589050Z","level":"info","event":"::endgroup::Cosmos DAG parsing logs","logger":"cosmos.converter","filename":"converter.py","lineno":390}
{"timestamp":"2026-06-29T07:39:27.348551Z","level":"info","event":"Filling up the DagBag from /tmp/airflow/dag_bundles/my-git-repo/tracking_repo/airflow-dags/steam/DAG_steam_api.py","logger":"airflow.models.dagbag.DagBag","filename":"dagbag.py","lineno":593}
{"timestamp":"2026-06-29T07:39:27.735183Z","level":"info","event":"Project /tmp/airflow/dag_bundles/my-git-repo/tracking_repo/dbt_project does not have {'dependencies.yml', 'packages.yml'}","logger":"cosmos.dbt.project","filename":"project.py","lineno":40}
{"timestamp":"2026-06-29T07:39:27.735878Z","level":"info","event":"::group::Cosmos DAG parsing logs","logger":"cosmos.converter","filename":"converter.py","lineno":293}
{"timestamp":"2026-06-29T07:39:27.736152Z","level":"info","event":"Trying to parse the dbt project using dbt ls cache cosmos_cache__get_games_metadata__dbt_transform...","logger":"cosmos.dbt.graph","filename":"graph.py","lineno":781}
{"timestamp":"2026-06-29T07:39:27.742836Z","level":"info","event":"Cosmos performance: time to calculate cache identifier cosmos_cache__get_games_metadata__dbt_transform for current version: 0.0003815829986706376","logger":"cosmos.cache","filename":"cache.py","lineno":333}
{"timestamp":"2026-06-29T07:39:27.742897Z","level":"info","event":"Cosmos performance [0603b9c2bb92|1426]: The cache size for cosmos_cache__get_games_metadata__dbt_transform is 5873","logger":"cosmos.dbt.graph","filename":"graph.py","lineno":798}
{"timestamp":"2026-06-29T07:39:27.743037Z","level":"info","event":"Cosmos performance: Cache hit for cosmos_cache__get_games_metadata__dbt_transform - 5d5dc19a4d21d68d9e2dd97b4b147311,84441d245827577361e239eef1354057","logger":"cosmos.dbt.graph","filename":"graph.py","lineno":806}
{"timestamp":"2026-06-29T07:39:27.743230Z","level":"info","event":"Total nodes: 6","logger":"cosmos.dbt.graph","filename":"graph.py","lineno":711}
{"timestamp":"2026-06-29T07:39:27.743270Z","level":"info","event":"Total filtered nodes: 6","logger":"cosmos.dbt.graph","filename":"graph.py","lineno":712}
{"timestamp":"2026-06-29T07:39:27.743312Z","level":"info","event":"Cosmos performance (get_games_metadata__dbt_transform) -  [0603b9c2bb92|1426]: It took 0.00717s to parse the dbt project for DAG using LoadMode.DBT_LS_CACHE","logger":"cosmos.converter","filename":"converter.py","lineno":340}
{"timestamp":"2026-06-29T07:39:27.743539Z","level":"info","event":"Project /tmp/airflow/dag_bundles/my-git-repo/tracking_repo/dbt_project does not have {'dependencies.yml', 'packages.yml'}","logger":"cosmos.dbt.project","filename":"project.py","lineno":40}
{"timestamp":"2026-06-29T07:39:27.743993Z","level":"info","event":"Project /tmp/airflow/dag_bundles/my-git-repo/tracking_repo/dbt_project does not have {'dependencies.yml', 'packages.yml'}","logger":"cosmos.dbt.project","filename":"project.py","lineno":40}
{"timestamp":"2026-06-29T07:39:27.744416Z","level":"info","event":"Project /tmp/airflow/dag_bundles/my-git-repo/tracking_repo/dbt_project does not have {'dependencies.yml', 'packages.yml'}","logger":"cosmos.dbt.project","filename":"project.py","lineno":40}
{"timestamp":"2026-06-29T07:39:27.744782Z","level":"info","event":"Project /tmp/airflow/dag_bundles/my-git-repo/tracking_repo/dbt_project does not have {'dependencies.yml', 'packages.yml'}","logger":"cosmos.dbt.project","filename":"project.py","lineno":40}
{"timestamp":"2026-06-29T07:39:27.745145Z","level":"info","event":"Project /tmp/airflow/dag_bundles/my-git-repo/tracking_repo/dbt_project does not have {'dependencies.yml', 'packages.yml'}","logger":"cosmos.dbt.project","filename":"project.py","lineno":40}
{"timestamp":"2026-06-29T07:39:27.745498Z","level":"info","event":"Project /tmp/airflow/dag_bundles/my-git-repo/tracking_repo/dbt_project does not have {'dependencies.yml', 'packages.yml'}","logger":"cosmos.dbt.project","filename":"project.py","lineno":40}
{"timestamp":"2026-06-29T07:39:27.745845Z","level":"info","event":"Project /tmp/airflow/dag_bundles/my-git-repo/tracking_repo/dbt_project does not have {'dependencies.yml', 'packages.yml'}","logger":"cosmos.dbt.project","filename":"project.py","lineno":40}
{"timestamp":"2026-06-29T07:39:27.746079Z","level":"info","event":"Cosmos performance (get_games_metadata__dbt_transform) - [0603b9c2bb92|1426]: It took 0.00277s to build the Airflow DAG.","logger":"cosmos.converter","filename":"converter.py","lineno":387}
{"timestamp":"2026-06-29T07:39:27.746116Z","level":"info","event":"::endgroup::Cosmos DAG parsing logs","logger":"cosmos.converter","filename":"converter.py","lineno":390}
{"timestamp":"2026-06-29T07:39:58.521292Z","level":"info","event":"Filling up the DagBag from /tmp/airflow/dag_bundles/my-git-repo/tracking_repo/airflow-dags/steam/DAG_steam_api.py","logger":"airflow.models.dagbag.DagBag","filename":"dagbag.py","lineno":593}
{"timestamp":"2026-06-29T07:39:58.993385Z","level":"info","event":"Project /tmp/airflow/dag_bundles/my-git-repo/tracking_repo/dbt_project does not have {'dependencies.yml', 'packages.yml'}","logger":"cosmos.dbt.project","filename":"project.py","lineno":40}
{"timestamp":"2026-06-29T07:39:58.994154Z","level":"info","event":"::group::Cosmos DAG parsing logs","logger":"cosmos.converter","filename":"converter.py","lineno":293}
{"timestamp":"2026-06-29T07:39:58.994460Z","level":"info","event":"Trying to parse the dbt project using dbt ls cache cosmos_cache__get_games_metadata__dbt_transform...","logger":"cosmos.dbt.graph","filename":"graph.py","lineno":781}
{"timestamp":"2026-06-29T07:39:59.001924Z","level":"info","event":"Cosmos performance: time to calculate cache identifier cosmos_cache__get_games_metadata__dbt_transform for current version: 0.0003944589989259839","logger":"cosmos.cache","filename":"cache.py","lineno":333}
{"timestamp":"2026-06-29T07:39:59.001987Z","level":"info","event":"Cosmos performance [0603b9c2bb92|1454]: The cache size for cosmos_cache__get_games_metadata__dbt_transform is 5873","logger":"cosmos.dbt.graph","filename":"graph.py","lineno":798}
{"timestamp":"2026-06-29T07:39:59.002176Z","level":"info","event":"Cosmos performance: Cache hit for cosmos_cache__get_games_metadata__dbt_transform - 5d5dc19a4d21d68d9e2dd97b4b147311,84441d245827577361e239eef1354057","logger":"cosmos.dbt.graph","filename":"graph.py","lineno":806}
{"timestamp":"2026-06-29T07:39:59.003265Z","level":"info","event":"Total nodes: 6","logger":"cosmos.dbt.graph","filename":"graph.py","lineno":711}
{"timestamp":"2026-06-29T07:39:59.003311Z","level":"info","event":"Total filtered nodes: 6","logger":"cosmos.dbt.graph","filename":"graph.py","lineno":712}
{"timestamp":"2026-06-29T07:39:59.003362Z","level":"info","event":"Cosmos performance (get_games_metadata__dbt_transform) -  [0603b9c2bb92|1454]: It took 0.00892s to parse the dbt project for DAG using LoadMode.DBT_LS_CACHE","logger":"cosmos.converter","filename":"converter.py","lineno":340}
{"timestamp":"2026-06-29T07:39:59.003600Z","level":"info","event":"Project /tmp/airflow/dag_bundles/my-git-repo/tracking_repo/dbt_project does not have {'dependencies.yml', 'packages.yml'}","logger":"cosmos.dbt.project","filename":"project.py","lineno":40}
{"timestamp":"2026-06-29T07:39:59.004012Z","level":"info","event":"Project /tmp/airflow/dag_bundles/my-git-repo/tracking_repo/dbt_project does not have {'dependencies.yml', 'packages.yml'}","logger":"cosmos.dbt.project","filename":"project.py","lineno":40}
{"timestamp":"2026-06-29T07:39:59.004438Z","level":"info","event":"Project /tmp/airflow/dag_bundles/my-git-repo/tracking_repo/dbt_project does not have {'dependencies.yml', 'packages.yml'}","logger":"cosmos.dbt.project","filename":"project.py","lineno":40}
{"timestamp":"2026-06-29T07:39:59.004817Z","level":"info","event":"Project /tmp/airflow/dag_bundles/my-git-repo/tracking_repo/dbt_project does not have {'dependencies.yml', 'packages.yml'}","logger":"cosmos.dbt.project","filename":"project.py","lineno":40}
{"timestamp":"2026-06-29T07:39:59.005207Z","level":"info","event":"Project /tmp/airflow/dag_bundles/my-git-repo/tracking_repo/dbt_project does not have {'dependencies.yml', 'packages.yml'}","logger":"cosmos.dbt.project","filename":"project.py","lineno":40}
{"timestamp":"2026-06-29T07:39:59.005549Z","level":"info","event":"Project /tmp/airflow/dag_bundles/my-git-repo/tracking_repo/dbt_project does not have {'dependencies.yml', 'packages.yml'}","logger":"cosmos.dbt.project","filename":"project.py","lineno":40}
{"timestamp":"2026-06-29T07:39:59.005935Z","level":"info","event":"Project /tmp/airflow/dag_bundles/my-git-repo/tracking_repo/dbt_project does not have {'dependencies.yml', 'packages.yml'}","logger":"cosmos.dbt.project","filename":"project.py","lineno":40}
{"timestamp":"2026-06-29T07:39:59.006188Z","level":"info","event":"Cosmos performance (get_games_metadata__dbt_transform) - [0603b9c2bb92|1454]: It took 0.00282s to build the Airflow DAG.","logger":"cosmos.converter","filename":"converter.py","lineno":387}
{"timestamp":"2026-06-29T07:39:59.006224Z","level":"info","event":"::endgroup::Cosmos DAG parsing logs","logger":"cosmos.converter","filename":"converter.py","lineno":390}
{"timestamp":"2026-06-29T07:40:29.343657Z","level":"info","event":"Filling up the DagBag from /tmp/airflow/dag_bundles/my-git-repo/tracking_repo/airflow-dags/steam/DAG_steam_api.py","logger":"airflow.models.dagbag.DagBag","filename":"dagbag.py","lineno":593}
{"timestamp":"2026-06-29T07:40:29.862985Z","level":"info","event":"Project /tmp/airflow/dag_bundles/my-git-repo/tracking_repo/dbt_project does not have {'dependencies.yml', 'packages.yml'}","logger":"cosmos.dbt.project","filename":"project.py","lineno":40}
{"timestamp":"2026-06-29T07:40:29.864029Z","level":"info","event":"::group::Cosmos DAG parsing logs","logger":"cosmos.converter","filename":"converter.py","lineno":293}
{"timestamp":"2026-06-29T07:40:29.864383Z","level":"info","event":"Trying to parse the dbt project using dbt ls cache cosmos_cache__get_games_metadata__dbt_transform...","logger":"cosmos.dbt.graph","filename":"graph.py","lineno":781}
{"timestamp":"2026-06-29T07:40:29.878103Z","level":"info","event":"Cosmos performance: time to calculate cache identifier cosmos_cache__get_games_metadata__dbt_transform for current version: 0.0008028330048546195","logger":"cosmos.cache","filename":"cache.py","lineno":333}
{"timestamp":"2026-06-29T07:40:29.878202Z","level":"info","event":"Cosmos performance [0603b9c2bb92|1497]: The cache size for cosmos_cache__get_games_metadata__dbt_transform is 5873","logger":"cosmos.dbt.graph","filename":"graph.py","lineno":798}
{"timestamp":"2026-06-29T07:40:29.878421Z","level":"info","event":"Cosmos performance: Cache hit for cosmos_cache__get_games_metadata__dbt_transform - 5d5dc19a4d21d68d9e2dd97b4b147311,84441d245827577361e239eef1354057","logger":"cosmos.dbt.graph","filename":"graph.py","lineno":806}
{"timestamp":"2026-06-29T07:40:29.878737Z","level":"info","event":"Total nodes: 6","logger":"cosmos.dbt.graph","filename":"graph.py","lineno":711}
{"timestamp":"2026-06-29T07:40:29.878775Z","level":"info","event":"Total filtered nodes: 6","logger":"cosmos.dbt.graph","filename":"graph.py","lineno":712}
{"timestamp":"2026-06-29T07:40:29.878828Z","level":"info","event":"Cosmos performance (get_games_metadata__dbt_transform) -  [0603b9c2bb92|1497]: It took 0.0145s to parse the dbt project for DAG using LoadMode.DBT_LS_CACHE","logger":"cosmos.converter","filename":"converter.py","lineno":340}
{"timestamp":"2026-06-29T07:40:29.879124Z","level":"info","event":"Project /tmp/airflow/dag_bundles/my-git-repo/tracking_repo/dbt_project does not have {'dependencies.yml', 'packages.yml'}","logger":"cosmos.dbt.project","filename":"project.py","lineno":40}
{"timestamp":"2026-06-29T07:40:29.879774Z","level":"info","event":"Project /tmp/airflow/dag_bundles/my-git-repo/tracking_repo/dbt_project does not have {'dependencies.yml', 'packages.yml'}","logger":"cosmos.dbt.project","filename":"project.py","lineno":40}
{"timestamp":"2026-06-29T07:40:29.880291Z","level":"info","event":"Project /tmp/airflow/dag_bundles/my-git-repo/tracking_repo/dbt_project does not have {'dependencies.yml', 'packages.yml'}","logger":"cosmos.dbt.project","filename":"project.py","lineno":40}
{"timestamp":"2026-06-29T07:40:29.880665Z","level":"info","event":"Project /tmp/airflow/dag_bundles/my-git-repo/tracking_repo/dbt_project does not have {'dependencies.yml', 'packages.yml'}","logger":"cosmos.dbt.project","filename":"project.py","lineno":40}
{"timestamp":"2026-06-29T07:40:29.881021Z","level":"info","event":"Project /tmp/airflow/dag_bundles/my-git-repo/tracking_repo/dbt_project does not have {'dependencies.yml', 'packages.yml'}","logger":"cosmos.dbt.project","filename":"project.py","lineno":40}
{"timestamp":"2026-06-29T07:40:29.881371Z","level":"info","event":"Project /tmp/airflow/dag_bundles/my-git-repo/tracking_repo/dbt_project does not have {'dependencies.yml', 'packages.yml'}","logger":"cosmos.dbt.project","filename":"project.py","lineno":40}
{"timestamp":"2026-06-29T07:40:29.881701Z","level":"info","event":"Project /tmp/airflow/dag_bundles/my-git-repo/tracking_repo/dbt_project does not have {'dependencies.yml', 'packages.yml'}","logger":"cosmos.dbt.project","filename":"project.py","lineno":40}
{"timestamp":"2026-06-29T07:40:29.881958Z","level":"info","event":"Cosmos performance (get_games_metadata__dbt_transform) - [0603b9c2bb92|1497]: It took 0.00313s to build the Airflow DAG.","logger":"cosmos.converter","filename":"converter.py","lineno":387}
{"timestamp":"2026-06-29T07:40:29.881996Z","level":"info","event":"::endgroup::Cosmos DAG parsing logs","logger":"cosmos.converter","filename":"converter.py","lineno":390}
{"timestamp":"2026-06-29T07:41:00.752263Z","level":"info","event":"Filling up the DagBag from /tmp/airflow/dag_bundles/my-git-repo/tracking_repo/airflow-dags/steam/DAG_steam_api.py","logger":"airflow.models.dagbag.DagBag","filename":"dagbag.py","lineno":593}
{"timestamp":"2026-06-29T07:41:01.168591Z","level":"info","event":"Project /tmp/airflow/dag_bundles/my-git-repo/tracking_repo/dbt_project does not have {'dependencies.yml', 'packages.yml'}","logger":"cosmos.dbt.project","filename":"project.py","lineno":40}
{"timestamp":"2026-06-29T07:41:01.169390Z","level":"info","event":"::group::Cosmos DAG parsing logs","logger":"cosmos.converter","filename":"converter.py","lineno":293}
{"timestamp":"2026-06-29T07:41:01.169697Z","level":"info","event":"Trying to parse the dbt project using dbt ls cache cosmos_cache__get_games_metadata__dbt_transform...","logger":"cosmos.dbt.graph","filename":"graph.py","lineno":781}
{"timestamp":"2026-06-29T07:41:01.176810Z","level":"info","event":"Cosmos performance: time to calculate cache identifier cosmos_cache__get_games_metadata__dbt_transform for current version: 0.00046704199485247955","logger":"cosmos.cache","filename":"cache.py","lineno":333}
{"timestamp":"2026-06-29T07:41:01.176866Z","level":"info","event":"Cosmos performance [0603b9c2bb92|1525]: The cache size for cosmos_cache__get_games_metadata__dbt_transform is 5873","logger":"cosmos.dbt.graph","filename":"graph.py","lineno":798}
{"timestamp":"2026-06-29T07:41:01.177020Z","level":"info","event":"Cosmos performance: Cache hit for cosmos_cache__get_games_metadata__dbt_transform - 5d5dc19a4d21d68d9e2dd97b4b147311,84441d245827577361e239eef1354057","logger":"cosmos.dbt.graph","filename":"graph.py","lineno":806}
{"timestamp":"2026-06-29T07:41:01.177205Z","level":"info","event":"Total nodes: 6","logger":"cosmos.dbt.graph","filename":"graph.py","lineno":711}
{"timestamp":"2026-06-29T07:41:01.177241Z","level":"info","event":"Total filtered nodes: 6","logger":"cosmos.dbt.graph","filename":"graph.py","lineno":712}
{"timestamp":"2026-06-29T07:41:01.177274Z","level":"info","event":"Cosmos performance (get_games_metadata__dbt_transform) -  [0603b9c2bb92|1525]: It took 0.0076s to parse the dbt project for DAG using LoadMode.DBT_LS_CACHE","logger":"cosmos.converter","filename":"converter.py","lineno":340}
{"timestamp":"2026-06-29T07:41:01.177502Z","level":"info","event":"Project /tmp/airflow/dag_bundles/my-git-repo/tracking_repo/dbt_project does not have {'dependencies.yml', 'packages.yml'}","logger":"cosmos.dbt.project","filename":"project.py","lineno":40}
{"timestamp":"2026-06-29T07:41:01.177960Z","level":"info","event":"Project /tmp/airflow/dag_bundles/my-git-repo/tracking_repo/dbt_project does not have {'dependencies.yml', 'packages.yml'}","logger":"cosmos.dbt.project","filename":"project.py","lineno":40}
{"timestamp":"2026-06-29T07:41:01.178389Z","level":"info","event":"Project /tmp/airflow/dag_bundles/my-git-repo/tracking_repo/dbt_project does not have {'dependencies.yml', 'packages.yml'}","logger":"cosmos.dbt.project","filename":"project.py","lineno":40}
{"timestamp":"2026-06-29T07:41:01.178795Z","level":"info","event":"Project /tmp/airflow/dag_bundles/my-git-repo/tracking_repo/dbt_project does not have {'dependencies.yml', 'packages.yml'}","logger":"cosmos.dbt.project","filename":"project.py","lineno":40}
{"timestamp":"2026-06-29T07:41:01.179182Z","level":"info","event":"Project /tmp/airflow/dag_bundles/my-git-repo/tracking_repo/dbt_project does not have {'dependencies.yml', 'packages.yml'}","logger":"cosmos.dbt.project","filename":"project.py","lineno":40}
{"timestamp":"2026-06-29T07:41:01.179540Z","level":"info","event":"Project /tmp/airflow/dag_bundles/my-git-repo/tracking_repo/dbt_project does not have {'dependencies.yml', 'packages.yml'}","logger":"cosmos.dbt.project","filename":"project.py","lineno":40}
{"timestamp":"2026-06-29T07:41:01.179914Z","level":"info","event":"Project /tmp/airflow/dag_bundles/my-git-repo/tracking_repo/dbt_project does not have {'dependencies.yml', 'packages.yml'}","logger":"cosmos.dbt.project","filename":"project.py","lineno":40}
{"timestamp":"2026-06-29T07:41:01.180155Z","level":"info","event":"Cosmos performance (get_games_metadata__dbt_transform) - [0603b9c2bb92|1525]: It took 0.00287s to build the Airflow DAG.","logger":"cosmos.converter","filename":"converter.py","lineno":387}
{"timestamp":"2026-06-29T07:41:01.180187Z","level":"info","event":"::endgroup::Cosmos DAG parsing logs","logger":"cosmos.converter","filename":"converter.py","lineno":390}
{"timestamp":"2026-06-29T07:41:31.957839Z","level":"info","event":"Filling up the DagBag from /tmp/airflow/dag_bundles/my-git-repo/tracking_repo/airflow-dags/steam/DAG_steam_api.py","logger":"airflow.models.dagbag.DagBag","filename":"dagbag.py","lineno":593}
{"timestamp":"2026-06-29T07:41:32.441071Z","level":"info","event":"Project /tmp/airflow/dag_bundles/my-git-repo/tracking_repo/dbt_project does not have {'dependencies.yml', 'packages.yml'}","logger":"cosmos.dbt.project","filename":"project.py","lineno":40}
{"timestamp":"2026-06-29T07:41:32.441903Z","level":"info","event":"::group::Cosmos DAG parsing logs","logger":"cosmos.converter","filename":"converter.py","lineno":293}
{"timestamp":"2026-06-29T07:41:32.442229Z","level":"info","event":"Trying to parse the dbt project using dbt ls cache cosmos_cache__get_games_metadata__dbt_transform...","logger":"cosmos.dbt.graph","filename":"graph.py","lineno":781}
{"timestamp":"2026-06-29T07:41:32.453871Z","level":"info","event":"Cosmos performance: time to calculate cache identifier cosmos_cache__get_games_metadata__dbt_transform for current version: 0.0006097910008975305","logger":"cosmos.cache","filename":"cache.py","lineno":333}
{"timestamp":"2026-06-29T07:41:32.453931Z","level":"info","event":"Cosmos performance [0603b9c2bb92|1553]: The cache size for cosmos_cache__get_games_metadata__dbt_transform is 5873","logger":"cosmos.dbt.graph","filename":"graph.py","lineno":798}
{"timestamp":"2026-06-29T07:41:32.454101Z","level":"info","event":"Cosmos performance: Cache hit for cosmos_cache__get_games_metadata__dbt_transform - 5d5dc19a4d21d68d9e2dd97b4b147311,84441d245827577361e239eef1354057","logger":"cosmos.dbt.graph","filename":"graph.py","lineno":806}
{"timestamp":"2026-06-29T07:41:32.454310Z","level":"info","event":"Total nodes: 6","logger":"cosmos.dbt.graph","filename":"graph.py","lineno":711}
{"timestamp":"2026-06-29T07:41:32.454350Z","level":"info","event":"Total filtered nodes: 6","logger":"cosmos.dbt.graph","filename":"graph.py","lineno":712}
{"timestamp":"2026-06-29T07:41:32.454387Z","level":"info","event":"Cosmos performance (get_games_metadata__dbt_transform) -  [0603b9c2bb92|1553]: It took 0.0122s to parse the dbt project for DAG using LoadMode.DBT_LS_CACHE","logger":"cosmos.converter","filename":"converter.py","lineno":340}
{"timestamp":"2026-06-29T07:41:32.454643Z","level":"info","event":"Project /tmp/airflow/dag_bundles/my-git-repo/tracking_repo/dbt_project does not have {'dependencies.yml', 'packages.yml'}","logger":"cosmos.dbt.project","filename":"project.py","lineno":40}
{"timestamp":"2026-06-29T07:41:32.455106Z","level":"info","event":"Project /tmp/airflow/dag_bundles/my-git-repo/tracking_repo/dbt_project does not have {'dependencies.yml', 'packages.yml'}","logger":"cosmos.dbt.project","filename":"project.py","lineno":40}
{"timestamp":"2026-06-29T07:41:32.455575Z","level":"info","event":"Project /tmp/airflow/dag_bundles/my-git-repo/tracking_repo/dbt_project does not have {'dependencies.yml', 'packages.yml'}","logger":"cosmos.dbt.project","filename":"project.py","lineno":40}
{"timestamp":"2026-06-29T07:41:32.455969Z","level":"info","event":"Project /tmp/airflow/dag_bundles/my-git-repo/tracking_repo/dbt_project does not have {'dependencies.yml', 'packages.yml'}","logger":"cosmos.dbt.project","filename":"project.py","lineno":40}
{"timestamp":"2026-06-29T07:41:32.456339Z","level":"info","event":"Project /tmp/airflow/dag_bundles/my-git-repo/tracking_repo/dbt_project does not have {'dependencies.yml', 'packages.yml'}","logger":"cosmos.dbt.project","filename":"project.py","lineno":40}
{"timestamp":"2026-06-29T07:41:32.456715Z","level":"info","event":"Project /tmp/airflow/dag_bundles/my-git-repo/tracking_repo/dbt_project does not have {'dependencies.yml', 'packages.yml'}","logger":"cosmos.dbt.project","filename":"project.py","lineno":40}
{"timestamp":"2026-06-29T07:41:32.457073Z","level":"info","event":"Project /tmp/airflow/dag_bundles/my-git-repo/tracking_repo/dbt_project does not have {'dependencies.yml', 'packages.yml'}","logger":"cosmos.dbt.project","filename":"project.py","lineno":40}
{"timestamp":"2026-06-29T07:41:32.457307Z","level":"info","event":"Cosmos performance (get_games_metadata__dbt_transform) - [0603b9c2bb92|1553]: It took 0.00292s to build the Airflow DAG.","logger":"cosmos.converter","filename":"converter.py","lineno":387}
{"timestamp":"2026-06-29T07:41:32.457336Z","level":"info","event":"::endgroup::Cosmos DAG parsing logs","logger":"cosmos.converter","filename":"converter.py","lineno":390}
{"timestamp":"2026-06-29T07:42:03.315716Z","level":"info","event":"Filling up the DagBag from /tmp/airflow/dag_bundles/my-git-repo/tracking_repo/airflow-dags/steam/DAG_steam_api.py","logger":"airflow.models.dagbag.DagBag","filename":"dagbag.py","lineno":593}
{"timestamp":"2026-06-29T07:42:03.839942Z","level":"info","event":"Project /tmp/airflow/dag_bundles/my-git-repo/tracking_repo/dbt_project does not have {'dependencies.yml', 'packages.yml'}","logger":"cosmos.dbt.project","filename":"project.py","lineno":40}
{"timestamp":"2026-06-29T07:42:03.840904Z","level":"info","event":"::group::Cosmos DAG parsing logs","logger":"cosmos.converter","filename":"converter.py","lineno":293}
{"timestamp":"2026-06-29T07:42:03.841274Z","level":"info","event":"Trying to parse the dbt project using dbt ls cache cosmos_cache__get_games_metadata__dbt_transform...","logger":"cosmos.dbt.graph","filename":"graph.py","lineno":781}
{"timestamp":"2026-06-29T07:42:03.852783Z","level":"info","event":"Cosmos performance: time to calculate cache identifier cosmos_cache__get_games_metadata__dbt_transform for current version: 0.0006912909957463853","logger":"cosmos.cache","filename":"cache.py","lineno":333}
{"timestamp":"2026-06-29T07:42:03.852857Z","level":"info","event":"Cosmos performance [0603b9c2bb92|1581]: The cache size for cosmos_cache__get_games_metadata__dbt_transform is 5873","logger":"cosmos.dbt.graph","filename":"graph.py","lineno":798}
{"timestamp":"2026-06-29T07:42:03.853053Z","level":"info","event":"Cosmos performance: Cache hit for cosmos_cache__get_games_metadata__dbt_transform - 5d5dc19a4d21d68d9e2dd97b4b147311,84441d245827577361e239eef1354057","logger":"cosmos.dbt.graph","filename":"graph.py","lineno":806}
{"timestamp":"2026-06-29T07:42:03.853296Z","level":"info","event":"Total nodes: 6","logger":"cosmos.dbt.graph","filename":"graph.py","lineno":711}
{"timestamp":"2026-06-29T07:42:03.853329Z","level":"info","event":"Total filtered nodes: 6","logger":"cosmos.dbt.graph","filename":"graph.py","lineno":712}
{"timestamp":"2026-06-29T07:42:03.853367Z","level":"info","event":"Cosmos performance (get_games_metadata__dbt_transform) -  [0603b9c2bb92|1581]: It took 0.0121s to parse the dbt project for DAG using LoadMode.DBT_LS_CACHE","logger":"cosmos.converter","filename":"converter.py","lineno":340}
{"timestamp":"2026-06-29T07:42:03.853625Z","level":"info","event":"Project /tmp/airflow/dag_bundles/my-git-repo/tracking_repo/dbt_project does not have {'dependencies.yml', 'packages.yml'}","logger":"cosmos.dbt.project","filename":"project.py","lineno":40}
{"timestamp":"2026-06-29T07:42:03.854028Z","level":"info","event":"Project /tmp/airflow/dag_bundles/my-git-repo/tracking_repo/dbt_project does not have {'dependencies.yml', 'packages.yml'}","logger":"cosmos.dbt.project","filename":"project.py","lineno":40}
{"timestamp":"2026-06-29T07:42:03.854469Z","level":"info","event":"Project /tmp/airflow/dag_bundles/my-git-repo/tracking_repo/dbt_project does not have {'dependencies.yml', 'packages.yml'}","logger":"cosmos.dbt.project","filename":"project.py","lineno":40}
{"timestamp":"2026-06-29T07:42:03.854926Z","level":"info","event":"Project /tmp/airflow/dag_bundles/my-git-repo/tracking_repo/dbt_project does not have {'dependencies.yml', 'packages.yml'}","logger":"cosmos.dbt.project","filename":"project.py","lineno":40}
{"timestamp":"2026-06-29T07:42:03.855319Z","level":"info","event":"Project /tmp/airflow/dag_bundles/my-git-repo/tracking_repo/dbt_project does not have {'dependencies.yml', 'packages.yml'}","logger":"cosmos.dbt.project","filename":"project.py","lineno":40}
{"timestamp":"2026-06-29T07:42:03.855679Z","level":"info","event":"Project /tmp/airflow/dag_bundles/my-git-repo/tracking_repo/dbt_project does not have {'dependencies.yml', 'packages.yml'}","logger":"cosmos.dbt.project","filename":"project.py","lineno":40}
{"timestamp":"2026-06-29T07:42:03.856038Z","level":"info","event":"Project /tmp/airflow/dag_bundles/my-git-repo/tracking_repo/dbt_project does not have {'dependencies.yml', 'packages.yml'}","logger":"cosmos.dbt.project","filename":"project.py","lineno":40}
{"timestamp":"2026-06-29T07:42:03.856297Z","level":"info","event":"Cosmos performance (get_games_metadata__dbt_transform) - [0603b9c2bb92|1581]: It took 0.00292s to build the Airflow DAG.","logger":"cosmos.converter","filename":"converter.py","lineno":387}
{"timestamp":"2026-06-29T07:42:03.856335Z","level":"info","event":"::endgroup::Cosmos DAG parsing logs","logger":"cosmos.converter","filename":"converter.py","lineno":390}
{"timestamp":"2026-06-29T07:42:34.333648Z","level":"info","event":"Filling up the DagBag from /tmp/airflow/dag_bundles/my-git-repo/tracking_repo/airflow-dags/steam/DAG_steam_api.py","logger":"airflow.models.dagbag.DagBag","filename":"dagbag.py","lineno":593}
{"timestamp":"2026-06-29T07:42:34.806657Z","level":"info","event":"Project /tmp/airflow/dag_bundles/my-git-repo/tracking_repo/dbt_project does not have {'dependencies.yml', 'packages.yml'}","logger":"cosmos.dbt.project","filename":"project.py","lineno":40}
{"timestamp":"2026-06-29T07:42:34.807395Z","level":"info","event":"::group::Cosmos DAG parsing logs","logger":"cosmos.converter","filename":"converter.py","lineno":293}
{"timestamp":"2026-06-29T07:42:34.807692Z","level":"info","event":"Trying to parse the dbt project using dbt ls cache cosmos_cache__get_games_metadata__dbt_transform...","logger":"cosmos.dbt.graph","filename":"graph.py","lineno":781}
{"timestamp":"2026-06-29T07:42:34.814148Z","level":"info","event":"Cosmos performance: time to calculate cache identifier cosmos_cache__get_games_metadata__dbt_transform for current version: 0.0003985419971286319","logger":"cosmos.cache","filename":"cache.py","lineno":333}
{"timestamp":"2026-06-29T07:42:34.814204Z","level":"info","event":"Cosmos performance [0603b9c2bb92|1624]: The cache size for cosmos_cache__get_games_metadata__dbt_transform is 5873","logger":"cosmos.dbt.graph","filename":"graph.py","lineno":798}
{"timestamp":"2026-06-29T07:42:34.814352Z","level":"info","event":"Cosmos performance: Cache hit for cosmos_cache__get_games_metadata__dbt_transform - 5d5dc19a4d21d68d9e2dd97b4b147311,84441d245827577361e239eef1354057","logger":"cosmos.dbt.graph","filename":"graph.py","lineno":806}
{"timestamp":"2026-06-29T07:42:34.814597Z","level":"info","event":"Total nodes: 6","logger":"cosmos.dbt.graph","filename":"graph.py","lineno":711}
{"timestamp":"2026-06-29T07:42:34.814629Z","level":"info","event":"Total filtered nodes: 6","logger":"cosmos.dbt.graph","filename":"graph.py","lineno":712}
{"timestamp":"2026-06-29T07:42:34.814665Z","level":"info","event":"Cosmos performance (get_games_metadata__dbt_transform) -  [0603b9c2bb92|1624]: It took 0.007s to parse the dbt project for DAG using LoadMode.DBT_LS_CACHE","logger":"cosmos.converter","filename":"converter.py","lineno":340}
{"timestamp":"2026-06-29T07:42:34.814893Z","level":"info","event":"Project /tmp/airflow/dag_bundles/my-git-repo/tracking_repo/dbt_project does not have {'dependencies.yml', 'packages.yml'}","logger":"cosmos.dbt.project","filename":"project.py","lineno":40}
{"timestamp":"2026-06-29T07:42:34.815265Z","level":"info","event":"Project /tmp/airflow/dag_bundles/my-git-repo/tracking_repo/dbt_project does not have {'dependencies.yml', 'packages.yml'}","logger":"cosmos.dbt.project","filename":"project.py","lineno":40}
{"timestamp":"2026-06-29T07:42:34.815661Z","level":"info","event":"Project /tmp/airflow/dag_bundles/my-git-repo/tracking_repo/dbt_project does not have {'dependencies.yml', 'packages.yml'}","logger":"cosmos.dbt.project","filename":"project.py","lineno":40}
{"timestamp":"2026-06-29T07:42:34.816017Z","level":"info","event":"Project /tmp/airflow/dag_bundles/my-git-repo/tracking_repo/dbt_project does not have {'dependencies.yml', 'packages.yml'}","logger":"cosmos.dbt.project","filename":"project.py","lineno":40}
{"timestamp":"2026-06-29T07:42:34.816347Z","level":"info","event":"Project /tmp/airflow/dag_bundles/my-git-repo/tracking_repo/dbt_project does not have {'dependencies.yml', 'packages.yml'}","logger":"cosmos.dbt.project","filename":"project.py","lineno":40}
{"timestamp":"2026-06-29T07:42:34.816666Z","level":"info","event":"Project /tmp/airflow/dag_bundles/my-git-repo/tracking_repo/dbt_project does not have {'dependencies.yml', 'packages.yml'}","logger":"cosmos.dbt.project","filename":"project.py","lineno":40}
{"timestamp":"2026-06-29T07:42:34.816998Z","level":"info","event":"Project /tmp/airflow/dag_bundles/my-git-repo/tracking_repo/dbt_project does not have {'dependencies.yml', 'packages.yml'}","logger":"cosmos.dbt.project","filename":"project.py","lineno":40}
{"timestamp":"2026-06-29T07:42:34.817215Z","level":"info","event":"Cosmos performance (get_games_metadata__dbt_transform) - [0603b9c2bb92|1624]: It took 0.00255s to build the Airflow DAG.","logger":"cosmos.converter","filename":"converter.py","lineno":387}
{"timestamp":"2026-06-29T07:42:34.817245Z","level":"info","event":"::endgroup::Cosmos DAG parsing logs","logger":"cosmos.converter","filename":"converter.py","lineno":390}
{"timestamp":"2026-06-29T07:43:05.566958Z","level":"info","event":"Filling up the DagBag from /tmp/airflow/dag_bundles/my-git-repo/tracking_repo/airflow-dags/steam/DAG_steam_api.py","logger":"airflow.models.dagbag.DagBag","filename":"dagbag.py","lineno":593}
{"timestamp":"2026-06-29T07:43:06.008981Z","level":"info","event":"Project /tmp/airflow/dag_bundles/my-git-repo/tracking_repo/dbt_project does not have {'dependencies.yml', 'packages.yml'}","logger":"cosmos.dbt.project","filename":"project.py","lineno":40}
{"timestamp":"2026-06-29T07:43:06.009756Z","level":"info","event":"::group::Cosmos DAG parsing logs","logger":"cosmos.converter","filename":"converter.py","lineno":293}
{"timestamp":"2026-06-29T07:43:06.010082Z","level":"info","event":"Trying to parse the dbt project using dbt ls cache cosmos_cache__get_games_metadata__dbt_transform...","logger":"cosmos.dbt.graph","filename":"graph.py","lineno":781}
{"timestamp":"2026-06-29T07:43:06.018728Z","level":"info","event":"Cosmos performance: time to calculate cache identifier cosmos_cache__get_games_metadata__dbt_transform for current version: 0.0007224170039989986","logger":"cosmos.cache","filename":"cache.py","lineno":333}
{"timestamp":"2026-06-29T07:43:06.018791Z","level":"info","event":"Cosmos performance [0603b9c2bb92|1652]: The cache size for cosmos_cache__get_games_metadata__dbt_transform is 5873","logger":"cosmos.dbt.graph","filename":"graph.py","lineno":798}
{"timestamp":"2026-06-29T07:43:06.018967Z","level":"info","event":"Cosmos performance: Cache hit for cosmos_cache__get_games_metadata__dbt_transform - 5d5dc19a4d21d68d9e2dd97b4b147311,84441d245827577361e239eef1354057","logger":"cosmos.dbt.graph","filename":"graph.py","lineno":806}
{"timestamp":"2026-06-29T07:43:06.019171Z","level":"info","event":"Total nodes: 6","logger":"cosmos.dbt.graph","filename":"graph.py","lineno":711}
{"timestamp":"2026-06-29T07:43:06.019221Z","level":"info","event":"Total filtered nodes: 6","logger":"cosmos.dbt.graph","filename":"graph.py","lineno":712}
{"timestamp":"2026-06-29T07:43:06.019264Z","level":"info","event":"Cosmos performance (get_games_metadata__dbt_transform) -  [0603b9c2bb92|1652]: It took 0.00921s to parse the dbt project for DAG using LoadMode.DBT_LS_CACHE","logger":"cosmos.converter","filename":"converter.py","lineno":340}
{"timestamp":"2026-06-29T07:43:06.019502Z","level":"info","event":"Project /tmp/airflow/dag_bundles/my-git-repo/tracking_repo/dbt_project does not have {'dependencies.yml', 'packages.yml'}","logger":"cosmos.dbt.project","filename":"project.py","lineno":40}
{"timestamp":"2026-06-29T07:43:06.020003Z","level":"info","event":"Project /tmp/airflow/dag_bundles/my-git-repo/tracking_repo/dbt_project does not have {'dependencies.yml', 'packages.yml'}","logger":"cosmos.dbt.project","filename":"project.py","lineno":40}
{"timestamp":"2026-06-29T07:43:06.020560Z","level":"info","event":"Project /tmp/airflow/dag_bundles/my-git-repo/tracking_repo/dbt_project does not have {'dependencies.yml', 'packages.yml'}","logger":"cosmos.dbt.project","filename":"project.py","lineno":40}
{"timestamp":"2026-06-29T07:43:06.021056Z","level":"info","event":"Project /tmp/airflow/dag_bundles/my-git-repo/tracking_repo/dbt_project does not have {'dependencies.yml', 'packages.yml'}","logger":"cosmos.dbt.project","filename":"project.py","lineno":40}
{"timestamp":"2026-06-29T07:43:06.021465Z","level":"info","event":"Project /tmp/airflow/dag_bundles/my-git-repo/tracking_repo/dbt_project does not have {'dependencies.yml', 'packages.yml'}","logger":"cosmos.dbt.project","filename":"project.py","lineno":40}
{"timestamp":"2026-06-29T07:43:06.021853Z","level":"info","event":"Project /tmp/airflow/dag_bundles/my-git-repo/tracking_repo/dbt_project does not have {'dependencies.yml', 'packages.yml'}","logger":"cosmos.dbt.project","filename":"project.py","lineno":40}
{"timestamp":"2026-06-29T07:43:06.022269Z","level":"info","event":"Project /tmp/airflow/dag_bundles/my-git-repo/tracking_repo/dbt_project does not have {'dependencies.yml', 'packages.yml'}","logger":"cosmos.dbt.project","filename":"project.py","lineno":40}
{"timestamp":"2026-06-29T07:43:06.022534Z","level":"info","event":"Cosmos performance (get_games_metadata__dbt_transform) - [0603b9c2bb92|1652]: It took 0.00325s to build the Airflow DAG.","logger":"cosmos.converter","filename":"converter.py","lineno":387}
{"timestamp":"2026-06-29T07:43:06.022583Z","level":"info","event":"::endgroup::Cosmos DAG parsing logs","logger":"cosmos.converter","filename":"converter.py","lineno":390}
{"timestamp":"2026-06-29T07:43:36.778563Z","level":"info","event":"Filling up the DagBag from /tmp/airflow/dag_bundles/my-git-repo/tracking_repo/airflow-dags/steam/DAG_steam_api.py","logger":"airflow.models.dagbag.DagBag","filename":"dagbag.py","lineno":593}
{"timestamp":"2026-06-29T07:43:37.173845Z","level":"info","event":"Project /tmp/airflow/dag_bundles/my-git-repo/tracking_repo/dbt_project does not have {'dependencies.yml', 'packages.yml'}","logger":"cosmos.dbt.project","filename":"project.py","lineno":40}
{"timestamp":"2026-06-29T07:43:37.174548Z","level":"info","event":"::group::Cosmos DAG parsing logs","logger":"cosmos.converter","filename":"converter.py","lineno":293}
{"timestamp":"2026-06-29T07:43:37.174818Z","level":"info","event":"Trying to parse the dbt project using dbt ls cache cosmos_cache__get_games_metadata__dbt_transform...","logger":"cosmos.dbt.graph","filename":"graph.py","lineno":781}
{"timestamp":"2026-06-29T07:43:37.181400Z","level":"info","event":"Cosmos performance: time to calculate cache identifier cosmos_cache__get_games_metadata__dbt_transform for current version: 0.0004072919982718304","logger":"cosmos.cache","filename":"cache.py","lineno":333}
{"timestamp":"2026-06-29T07:43:37.181460Z","level":"info","event":"Cosmos performance [0603b9c2bb92|1680]: The cache size for cosmos_cache__get_games_metadata__dbt_transform is 5873","logger":"cosmos.dbt.graph","filename":"graph.py","lineno":798}
{"timestamp":"2026-06-29T07:43:37.181641Z","level":"info","event":"Cosmos performance: Cache hit for cosmos_cache__get_games_metadata__dbt_transform - 5d5dc19a4d21d68d9e2dd97b4b147311,84441d245827577361e239eef1354057","logger":"cosmos.dbt.graph","filename":"graph.py","lineno":806}
{"timestamp":"2026-06-29T07:43:37.181838Z","level":"info","event":"Total nodes: 6","logger":"cosmos.dbt.graph","filename":"graph.py","lineno":711}
{"timestamp":"2026-06-29T07:43:37.181872Z","level":"info","event":"Total filtered nodes: 6","logger":"cosmos.dbt.graph","filename":"graph.py","lineno":712}
{"timestamp":"2026-06-29T07:43:37.181909Z","level":"info","event":"Cosmos performance (get_games_metadata__dbt_transform) -  [0603b9c2bb92|1680]: It took 0.00711s to parse the dbt project for DAG using LoadMode.DBT_LS_CACHE","logger":"cosmos.converter","filename":"converter.py","lineno":340}
{"timestamp":"2026-06-29T07:43:37.182146Z","level":"info","event":"Project /tmp/airflow/dag_bundles/my-git-repo/tracking_repo/dbt_project does not have {'dependencies.yml', 'packages.yml'}","logger":"cosmos.dbt.project","filename":"project.py","lineno":40}
{"timestamp":"2026-06-29T07:43:37.182609Z","level":"info","event":"Project /tmp/airflow/dag_bundles/my-git-repo/tracking_repo/dbt_project does not have {'dependencies.yml', 'packages.yml'}","logger":"cosmos.dbt.project","filename":"project.py","lineno":40}
{"timestamp":"2026-06-29T07:43:37.183032Z","level":"info","event":"Project /tmp/airflow/dag_bundles/my-git-repo/tracking_repo/dbt_project does not have {'dependencies.yml', 'packages.yml'}","logger":"cosmos.dbt.project","filename":"project.py","lineno":40}
{"timestamp":"2026-06-29T07:43:37.183425Z","level":"info","event":"Project /tmp/airflow/dag_bundles/my-git-repo/tracking_repo/dbt_project does not have {'dependencies.yml', 'packages.yml'}","logger":"cosmos.dbt.project","filename":"project.py","lineno":40}
{"timestamp":"2026-06-29T07:43:37.183801Z","level":"info","event":"Project /tmp/airflow/dag_bundles/my-git-repo/tracking_repo/dbt_project does not have {'dependencies.yml', 'packages.yml'}","logger":"cosmos.dbt.project","filename":"project.py","lineno":40}
{"timestamp":"2026-06-29T07:43:37.184181Z","level":"info","event":"Project /tmp/airflow/dag_bundles/my-git-repo/tracking_repo/dbt_project does not have {'dependencies.yml', 'packages.yml'}","logger":"cosmos.dbt.project","filename":"project.py","lineno":40}
{"timestamp":"2026-06-29T07:43:37.184550Z","level":"info","event":"Project /tmp/airflow/dag_bundles/my-git-repo/tracking_repo/dbt_project does not have {'dependencies.yml', 'packages.yml'}","logger":"cosmos.dbt.project","filename":"project.py","lineno":40}
{"timestamp":"2026-06-29T07:43:37.184758Z","level":"info","event":"Cosmos performance (get_games_metadata__dbt_transform) - [0603b9c2bb92|1680]: It took 0.00285s to build the Airflow DAG.","logger":"cosmos.converter","filename":"converter.py","lineno":387}
{"timestamp":"2026-06-29T07:43:37.184787Z","level":"info","event":"::endgroup::Cosmos DAG parsing logs","logger":"cosmos.converter","filename":"converter.py","lineno":390}
{"timestamp":"2026-06-29T07:44:07.919811Z","level":"info","event":"Filling up the DagBag from /tmp/airflow/dag_bundles/my-git-repo/tracking_repo/airflow-dags/steam/DAG_steam_api.py","logger":"airflow.models.dagbag.DagBag","filename":"dagbag.py","lineno":593}
{"timestamp":"2026-06-29T07:44:08.366937Z","level":"info","event":"Project /tmp/airflow/dag_bundles/my-git-repo/tracking_repo/dbt_project does not have {'dependencies.yml', 'packages.yml'}","logger":"cosmos.dbt.project","filename":"project.py","lineno":40}
{"timestamp":"2026-06-29T07:44:08.367650Z","level":"info","event":"::group::Cosmos DAG parsing logs","logger":"cosmos.converter","filename":"converter.py","lineno":293}
{"timestamp":"2026-06-29T07:44:08.367966Z","level":"info","event":"Trying to parse the dbt project using dbt ls cache cosmos_cache__get_games_metadata__dbt_transform...","logger":"cosmos.dbt.graph","filename":"graph.py","lineno":781}
{"timestamp":"2026-06-29T07:44:08.375093Z","level":"info","event":"Cosmos performance: time to calculate cache identifier cosmos_cache__get_games_metadata__dbt_transform for current version: 0.0006511669998872094","logger":"cosmos.cache","filename":"cache.py","lineno":333}
{"timestamp":"2026-06-29T07:44:08.375152Z","level":"info","event":"Cosmos performance [0603b9c2bb92|1708]: The cache size for cosmos_cache__get_games_metadata__dbt_transform is 5873","logger":"cosmos.dbt.graph","filename":"graph.py","lineno":798}
{"timestamp":"2026-06-29T07:44:08.375328Z","level":"info","event":"Cosmos performance: Cache hit for cosmos_cache__get_games_metadata__dbt_transform - 5d5dc19a4d21d68d9e2dd97b4b147311,84441d245827577361e239eef1354057","logger":"cosmos.dbt.graph","filename":"graph.py","lineno":806}
{"timestamp":"2026-06-29T07:44:08.375519Z","level":"info","event":"Total nodes: 6","logger":"cosmos.dbt.graph","filename":"graph.py","lineno":711}
{"timestamp":"2026-06-29T07:44:08.375566Z","level":"info","event":"Total filtered nodes: 6","logger":"cosmos.dbt.graph","filename":"graph.py","lineno":712}
{"timestamp":"2026-06-29T07:44:08.375602Z","level":"info","event":"Cosmos performance (get_games_metadata__dbt_transform) -  [0603b9c2bb92|1708]: It took 0.00767s to parse the dbt project for DAG using LoadMode.DBT_LS_CACHE","logger":"cosmos.converter","filename":"converter.py","lineno":340}
{"timestamp":"2026-06-29T07:44:08.375831Z","level":"info","event":"Project /tmp/airflow/dag_bundles/my-git-repo/tracking_repo/dbt_project does not have {'dependencies.yml', 'packages.yml'}","logger":"cosmos.dbt.project","filename":"project.py","lineno":40}
{"timestamp":"2026-06-29T07:44:08.376272Z","level":"info","event":"Project /tmp/airflow/dag_bundles/my-git-repo/tracking_repo/dbt_project does not have {'dependencies.yml', 'packages.yml'}","logger":"cosmos.dbt.project","filename":"project.py","lineno":40}
{"timestamp":"2026-06-29T07:44:08.376721Z","level":"info","event":"Project /tmp/airflow/dag_bundles/my-git-repo/tracking_repo/dbt_project does not have {'dependencies.yml', 'packages.yml'}","logger":"cosmos.dbt.project","filename":"project.py","lineno":40}
{"timestamp":"2026-06-29T07:44:08.377091Z","level":"info","event":"Project /tmp/airflow/dag_bundles/my-git-repo/tracking_repo/dbt_project does not have {'dependencies.yml', 'packages.yml'}","logger":"cosmos.dbt.project","filename":"project.py","lineno":40}
{"timestamp":"2026-06-29T07:44:08.377453Z","level":"info","event":"Project /tmp/airflow/dag_bundles/my-git-repo/tracking_repo/dbt_project does not have {'dependencies.yml', 'packages.yml'}","logger":"cosmos.dbt.project","filename":"project.py","lineno":40}
{"timestamp":"2026-06-29T07:44:08.377814Z","level":"info","event":"Project /tmp/airflow/dag_bundles/my-git-repo/tracking_repo/dbt_project does not have {'dependencies.yml', 'packages.yml'}","logger":"cosmos.dbt.project","filename":"project.py","lineno":40}
{"timestamp":"2026-06-29T07:44:08.378170Z","level":"info","event":"Project /tmp/airflow/dag_bundles/my-git-repo/tracking_repo/dbt_project does not have {'dependencies.yml', 'packages.yml'}","logger":"cosmos.dbt.project","filename":"project.py","lineno":40}
{"timestamp":"2026-06-29T07:44:08.378369Z","level":"info","event":"Cosmos performance (get_games_metadata__dbt_transform) - [0603b9c2bb92|1708]: It took 0.00277s to build the Airflow DAG.","logger":"cosmos.converter","filename":"converter.py","lineno":387}
{"timestamp":"2026-06-29T07:44:08.378405Z","level":"info","event":"::endgroup::Cosmos DAG parsing logs","logger":"cosmos.converter","filename":"converter.py","lineno":390}
{"timestamp":"2026-06-29T07:44:38.796527Z","level":"info","event":"Filling up the DagBag from /tmp/airflow/dag_bundles/my-git-repo/tracking_repo/airflow-dags/steam/DAG_steam_api.py","logger":"airflow.models.dagbag.DagBag","filename":"dagbag.py","lineno":593}
{"timestamp":"2026-06-29T07:44:39.550663Z","level":"info","event":"Project /tmp/airflow/dag_bundles/my-git-repo/tracking_repo/dbt_project does not have {'dependencies.yml', 'packages.yml'}","logger":"cosmos.dbt.project","filename":"project.py","lineno":40}
{"timestamp":"2026-06-29T07:44:39.551751Z","level":"info","event":"::group::Cosmos DAG parsing logs","logger":"cosmos.converter","filename":"converter.py","lineno":293}
{"timestamp":"2026-06-29T07:44:39.552294Z","level":"info","event":"Trying to parse the dbt project using dbt ls cache cosmos_cache__get_games_metadata__dbt_transform...","logger":"cosmos.dbt.graph","filename":"graph.py","lineno":781}
{"timestamp":"2026-06-29T07:44:39.581263Z","level":"info","event":"Cosmos performance: time to calculate cache identifier cosmos_cache__get_games_metadata__dbt_transform for current version: 0.0010060409986181185","logger":"cosmos.cache","filename":"cache.py","lineno":333}
{"timestamp":"2026-06-29T07:44:39.581354Z","level":"info","event":"Cosmos performance [0603b9c2bb92|1751]: The cache size for cosmos_cache__get_games_metadata__dbt_transform is 5873","logger":"cosmos.dbt.graph","filename":"graph.py","lineno":798}
{"timestamp":"2026-06-29T07:44:39.581541Z","level":"info","event":"Cosmos performance: Cache hit for cosmos_cache__get_games_metadata__dbt_transform - 5d5dc19a4d21d68d9e2dd97b4b147311,84441d245827577361e239eef1354057","logger":"cosmos.dbt.graph","filename":"graph.py","lineno":806}
{"timestamp":"2026-06-29T07:44:39.581896Z","level":"info","event":"Total nodes: 6","logger":"cosmos.dbt.graph","filename":"graph.py","lineno":711}
{"timestamp":"2026-06-29T07:44:39.581932Z","level":"info","event":"Total filtered nodes: 6","logger":"cosmos.dbt.graph","filename":"graph.py","lineno":712}
{"timestamp":"2026-06-29T07:44:39.581977Z","level":"info","event":"Cosmos performance (get_games_metadata__dbt_transform) -  [0603b9c2bb92|1751]: It took 0.0297s to parse the dbt project for DAG using LoadMode.DBT_LS_CACHE","logger":"cosmos.converter","filename":"converter.py","lineno":340}
{"timestamp":"2026-06-29T07:44:39.582252Z","level":"info","event":"Project /tmp/airflow/dag_bundles/my-git-repo/tracking_repo/dbt_project does not have {'dependencies.yml', 'packages.yml'}","logger":"cosmos.dbt.project","filename":"project.py","lineno":40}
{"timestamp":"2026-06-29T07:44:39.582716Z","level":"info","event":"Project /tmp/airflow/dag_bundles/my-git-repo/tracking_repo/dbt_project does not have {'dependencies.yml', 'packages.yml'}","logger":"cosmos.dbt.project","filename":"project.py","lineno":40}
{"timestamp":"2026-06-29T07:44:39.583242Z","level":"info","event":"Project /tmp/airflow/dag_bundles/my-git-repo/tracking_repo/dbt_project does not have {'dependencies.yml', 'packages.yml'}","logger":"cosmos.dbt.project","filename":"project.py","lineno":40}
{"timestamp":"2026-06-29T07:44:39.583586Z","level":"info","event":"Project /tmp/airflow/dag_bundles/my-git-repo/tracking_repo/dbt_project does not have {'dependencies.yml', 'packages.yml'}","logger":"cosmos.dbt.project","filename":"project.py","lineno":40}
{"timestamp":"2026-06-29T07:44:39.583917Z","level":"info","event":"Project /tmp/airflow/dag_bundles/my-git-repo/tracking_repo/dbt_project does not have {'dependencies.yml', 'packages.yml'}","logger":"cosmos.dbt.project","filename":"project.py","lineno":40}
{"timestamp":"2026-06-29T07:44:39.584259Z","level":"info","event":"Project /tmp/airflow/dag_bundles/my-git-repo/tracking_repo/dbt_project does not have {'dependencies.yml', 'packages.yml'}","logger":"cosmos.dbt.project","filename":"project.py","lineno":40}
{"timestamp":"2026-06-29T07:44:39.584596Z","level":"info","event":"Project /tmp/airflow/dag_bundles/my-git-repo/tracking_repo/dbt_project does not have {'dependencies.yml', 'packages.yml'}","logger":"cosmos.dbt.project","filename":"project.py","lineno":40}
{"timestamp":"2026-06-29T07:44:39.584847Z","level":"info","event":"Cosmos performance (get_games_metadata__dbt_transform) - [0603b9c2bb92|1751]: It took 0.00287s to build the Airflow DAG.","logger":"cosmos.converter","filename":"converter.py","lineno":387}
{"timestamp":"2026-06-29T07:44:39.584877Z","level":"info","event":"::endgroup::Cosmos DAG parsing logs","logger":"cosmos.converter","filename":"converter.py","lineno":390}
